selected_observable,selected_observable_label,selected_spin_case,selected_region,cluster_id,size,max_concurrence,best_kinematic_point,best_pair_delta_xy,s_min,s_max,theta_in_min,theta_in_max,phi_in_electron_min,phi_in_electron_max,qOut_min,qOut_max,phiOut_min,phiOut_max,Q2_min,Q2_max,xB_min,xB_max,t_min,t_max,W2_min,W2_max,y_min,y_max,theta_e_gamma_deg_min,theta_e_gamma_deg_max,pair_delta_xy_min,pair_delta_xy_max,abs_k_dot_qout_min,abs_k_dot_qout_max,abs_kp_dot_qout_min,abs_kp_dot_qout_max,best_s_regime,best_theta_in_regime,best_qOut_regime,best_s,best_sqrt_s,best_pIn,best_pOut,best_theta_in,best_phi_in_electron,best_phi_in,best_qOut,best_phiOut,best_Q2,best_xB,best_t,best_W2,best_y,best_theta_e_gamma_deg,best_k_dot_qout,best_kp_dot_qout,best_abs_k_dot_qout,best_abs_kp_dot_qout
C_p_gamma,C_{p\gamma},LTx,enhanced_region_0,0,24,9.9996084856107714e-01,high_s_high_theta_in_low_Egamma,9.8174770424681146e-02,2.1515843999999998e+01,2.1515843999999998e+01,1.5707949999999999e+00,1.5707949999999999e+00,4.7123889803846897e+00,4.7123889803846897e+00,5.0000000000000000e-01,5.0000000000000000e-01,6.8722339297276724e-01,2.9452431127404308e+00,8.6083697208666753e-12,2.6646649027446812e-01,3.5599155441077255e-11,1.5160988379601267e-01,-5.2131716285352368e-02,-2.0593940905895614e-02,1.1216578749052220e+00,2.6141088943334383e+00,1.1718059455021848e-02,9.6953449535176789e-02,1.1517705280025967e+02,1.8000000000000000e+02,0.0000000000000000e+00,1.3744467859455343e+00,1.3291899959270352e+00,2.2244176384664973e+00,1.4521262706116165e+00,2.1983517803280428e+00,high_s,high_theta_in,low_Egamma,2.1515843999999998e+01,4.6385174355606331e+00,2.2244176384674761e+00,1.6993441269562464e+00,1.5707949999999999e+00,4.7123889803846897e+00,1.5707963267948966e+00,5.0000000000000000e-01,1.6689710972195777e+00,2.4315817418083955e-03,9.6374832271659185e-03,-5.1911303033379042e-02,1.1297170588467533e+00,1.2226431507489942e-02,1.7565292432784972e+02,2.2190620490042980e+00,2.1943221883582043e+00,2.2190620490042980e+00,2.1943221883582043e+00
C_p_gamma,C_{p\gamma},LTx,enhanced_region_1,1,40,9.9964985741087931e-01,high_s_high_theta_in_mid_Egamma,1.9634954084936207e-01,2.1515843999999998e+01,2.1515843999999998e+01,1.5707949999999999e+00,1.5707949999999999e+00,4.6142142099600090e+00,4.7123889803846897e+00,1.0000000000000000e+00,1.0000000000000000e+00,7.8539816339744828e-01,2.9452431127404308e+00,8.4289246847148379e-12,1.2033567694286349e+00,1.2638527252170574e-11,4.0393175285707061e-01,-3.1224856300273446e-01,-1.2840526900688706e-01,1.5467670137681346e+00,3.7651673869944928e+00,3.2318424780798813e-02,1.9813336675824422e-01,1.3208635219504842e+02,1.8000000000000000e+02,0.0000000000000000e+00,1.3744467859455343e+00,2.6583799918540705e+00,4.4488352769329946e+00,3.1958557420645000e+00,4.3050559286769827e+00,high_s,high_theta_in,mid_Egamma,2.1515843999999998e+01,4.6385174355606331e+00,2.2244176384674761e+00,1.1583470971534240e+00,1.5707949999999999e+00,4.7123889803846897e+00,1.5707963267948966e+00,1.0000000000000000e+00,1.7671458676442586e+00,3.9495703691769357e-02,5.2778406844856830e-02,-2.8348328978114967e-01,1.5886790257269436e+00,3.6263361572916944e-02,1.7396099821056509e+02,4.4060937157437712e+00,4.2840999226983465e+00,4.4060937157437712e+00,4.2840999226983465e+00
C_p_gamma,C_{p\gamma},LTx,enhanced_region_2,2,3,9.9262621755742197e-01,high_s_high_theta_in_low_Egamma,1.4726215563702154e+00,2.1515843999999998e+01,2.1515843999999998e+01,1.5707949999999999e+00,1.5707949999999999e+00,4.7123889803846897e+00,4.7123889803846897e+00,5.0000000000000000e-01,5.0000000000000000e-01,3.0434178831651120e+00,3.2397674240144743e+00,2.7752846578138013e-01,2.8418025392274693e-01,1.0746799053389880e-01,1.2537000946032065e-01,-1.7606339206200680e-02,-1.2193773520904635e-02,2.8159906146948415e+00,3.2399883725166703e+00,1.0727248887750646e-01,1.2814133681136941e-01,9.9005450119694075e+01,1.0991657795799637e+02,1.4726215563702154e+00,1.6689710972195773e+00,1.0031932913232258e+00,1.2212243471442505e+00,1.1391865315239267e+00,1.3511854104319676e+00,high_s,high_theta_in,low_Egamma,2.1515843999999998e+01,4.6385174355606331e+00,2.2244176384674761e+00,1.9043236201663249e+00,1.5707949999999999e+00,4.7123889803846897e+00,1.5707963267948966e+00,5.0000000000000000e-01,3.0434178831651120e+00,2.7752846578138013e-01,1.2537000946032065e-01,-1.7606339206200680e-02,2.8159906146948415e+00,1.0727248887750646e-01,1.0991657795799637e+02,1.2212243471442505e+00,1.3511854104319676e+00,1.2212243471442505e+00,1.3511854104319676e+00
C_p_gamma,C_{p\gamma},LTx,enhanced_region_3,3,13,9.8910677178753181e-01,high_s_high_theta_in_high_Egamma,9.8174770424681057e-01,2.1515843999999998e+01,2.1515843999999998e+01,1.5707949999999999e+00,1.5707949999999999e+00,5.1050880620834143e+00,5.6941366846315002e+00,1.8000000000000000e+00,1.8000000000000000e+00,2.0616701789183018e+00,2.7488935718910690e+00,4.1479674431345454e-03,1.1247303340320153e-01,1.3287415650082542e-03,3.5382379460987573e-02,-2.4003102499998303e+00,-2.3403418379002523e+00,3.9404836611305889e+00,4.0629222040829802e+00,1.4936483759829011e-01,1.5637755893907676e-01,1.7462288222975423e+02,1.7848290396602110e+02,4.9087385212340529e-01,1.1780972450961724e+00,7.9309686883387878e+00,7.9886233764154735e+00,6.7577922819670784e+00,6.8190115534442874e+00,high_s,high_theta_in,high_Egamma,2.1515843999999998e+01,4.6385174355606331e+00,2.2244176384674761e+00,1.5148244614515521e-01,1.5707949999999999e+00,5.4977871437821380e+00,2.3561944901923448e+00,1.8000000000000000e+00,2.5525440310417071e+00,7.0454230943843676e-02,2.2099596007824164e-02,-2.3513071373471681e+00,3.9974222977458203e+00,1.5448888004892739e-01,1.7617555799211513e+02,7.9309686883387878e+00,6.7905422351365825e+00,7.9309686883387878e+00,6.7905422351365825e+00
C_p_gamma,C_{p\gamma},Tx_proton,enhanced_region_0,0,25,9.9993053428915157e-01,high_s_high_theta_in_low_Egamma,0.0000000000000000e+00,2.1515843999999998e+01,2.1515843999999998e+01,1.5707949999999999e+00,1.5707949999999999e+00,4.7123889803846897e+00,4.7123889803846897e+00,5.0000000000000000e-01,5.0000000000000000e-01,3.9269908169872414e-01,2.7488935718910690e+00,8.6083697208666753e-12,2.3131931582404655e-01,3.5599155441077255e-11,1.5160988379601267e-01,-5.2131716285352368e-02,-2.6907332951456784e-02,1.1216578749052220e+00,2.2382840373227477e+00,1.1718059455021848e-02,7.7038154349040294e-02,1.2534424973133521e+02,1.8000000000000000e+02,0.0000000000000000e+00,1.1780972450961724e+00,1.5378327076844540e+00,2.2244176384664973e+00,1.6400386991204843e+00,2.1983517803280428e+00,high_s,high_theta_in,low_Egamma,2.1515843999999998e+01,4.6385174355606331e+00,2.2244176384674761e+00,1.6983517803280428e+00,1.5707949999999999e+00,4.7123889803846897e+00,1.5707963267948966e+00,5.0000000000000000e-01,1.5707963267948966e+00,8.6083697208666753e-12,3.5599155441077255e-11,-5.2131716285352368e-02,1.1216578749052220e+00,1.1718059455021848e-02,1.8000000000000000e+02,2.2244176384664973e+00,2.1983517803280428e+00,2.2244176384664973e+00,2.1983517803280428e+00
C_p_gamma,C_{p\gamma},Tx_proton,enhanced_region_1,1,37,9.9946060913674772e-01,high_s_high_theta_in_mid_Egamma,0.0000000000000000e+00,2.1515843999999998e+01,2.1515843999999998e+01,1.5707949999999999e+00,1.5707949999999999e+00,4.6142142099600090e+00,4.8105637508093704e+00,1.0000000000000000e+00,1.0000000000000000e+00,6.8722339297276724e-01,2.4543692606170260e+00,8.4289246847148379e-12,6.7053566645978879e-01,1.2638527252170574e-11,3.0235328647572668e-01,-3.1224856300273446e-01,-2.1183406201080990e-01,1.5467670137681346e+00,2.4270307677020773e+00,3.2318424780798813e-02,1.0746861960466501e-01,1.5144121629695607e+02,1.8000000000000000e+02,0.0000000000000000e+00,8.8357293382212942e-01,3.6355732494851569e+00,4.4488352769329946e+00,3.8649240517096279e+00,4.3050559286769827e+00,high_s,high_theta_in,mid_Egamma,2.1515843999999998e+01,4.6385174355606331e+00,2.2244176384674761e+00,1.1525279643384914e+00,1.5707949999999999e+00,4.7123889803846897e+00,1.5707963267948966e+00,1.0000000000000000e+00,1.5707963267948966e+00,8.4289246847148379e-12,1.2638527252170574e-11,-2.8755869651993132e-01,1.5467670137681346e+00,3.2318424780798813e-02,1.8000000000000000e+02,4.4488352769329946e+00,4.3050559286769827e+00,4.4488352769329946e+00,4.3050559286769827e+00
C_p_gamma,C_{p\gamma},Tx_proton,enhanced_region_2,2,18,9.8734580469972966e-01,high_s_high_theta_in_high_Egamma,0.0000000000000000e+00,2.1515843999999998e+01,2.1515843999999998e+01,1.5707949999999999e+00,1.5707949999999999e+00,4.0251655874119221e+00,5.3996123733574573e+00,1.8000000000000000e+00,1.8000000000000000e+00,8.8357293382212931e-01,2.2580197197676637e+00,7.4230050206779787e-12,2.8998890797356104e-02,2.4338027025873357e-12,9.4076261472202834e-03,-2.3977408231970454e+00,-2.3603623000585743e+00,3.9298056968822634e+00,3.9538014415616631e+00,1.4779810510223340e-01,1.4937427720422936e-01,1.7772481659327468e+02,1.8000000000000000e+02,0.0000000000000000e+00,6.8722339297276713e-01,7.9886233764154735e+00,8.0079034984793900e+00,6.8123526632274878e+00,6.8243505355684739e+00,high_s,high_theta_in,high_Egamma,2.1515843999999998e+01,4.6385174355606331e+00,2.2244176384674761e+00,9.5652926546798259e-02,1.5707949999999999e+00,4.7123889803846897e+00,1.5707963267948966e+00,1.8000000000000000e+00,1.5707963267948966e+00,7.4230050206779787e-12,2.4338027025873357e-12,-2.3671059258277984e+00,3.9298056968822634e+00,1.4779810510223340e-01,1.8000000000000000e+02,8.0079034984793900e+00,6.8243505355684739e+00,8.0079034984793900e+00,6.8243505355684739e+00
C_p_gamma,C_{p\gamma},TxTx,enhanced_region_0,0,25,9.9993053428908540e-01,high_s_high_theta_in_low_Egamma,0.0000000000000000e+00,2.1515843999999998e+01,2.1515843999999998e+01,1.5707949999999999e+00,1.5707949999999999e+00,4.7123889803846897e+00,4.7123889803846897e+00,5.0000000000000000e-01,5.0000000000000000e-01,3.9269908169872414e-01,2.7488935718910690e+00,8.6083697208666753e-12,2.3131931582404655e-01,3.5599155441077255e-11,1.5160988379601267e-01,-5.2131716285352368e-02,-2.6907332951456784e-02,1.1216578749052220e+00,2.2382840373227477e+00,1.1718059455021848e-02,7.7038154349040294e-02,1.2534424973133521e+02,1.8000000000000000e+02,0.0000000000000000e+00,1.1780972450961724e+00,1.5378327076844540e+00,2.2244176384664973e+00,1.6400386991204843e+00,2.1983517803280428e+00,high_s,high_theta_in,low_Egamma,2.1515843999999998e+01,4.6385174355606331e+00,2.2244176384674761e+00,1.6983517803280428e+00,1.5707949999999999e+00,4.7123889803846897e+00,1.5707963267948966e+00,5.0000000000000000e-01,1.5707963267948966e+00,8.6083697208666753e-12,3.5599155441077255e-11,-5.2131716285352368e-02,1.1216578749052220e+00,1.1718059455021848e-02,1.8000000000000000e+02,2.2244176384664973e+00,2.1983517803280428e+00,2.2244176384664973e+00,2.1983517803280428e+00
C_p_gamma,C_{p\gamma},TxTx,enhanced_region_1,1,37,9.9946060913678891e-01,high_s_high_theta_in_mid_Egamma,0.0000000000000000e+00,2.1515843999999998e+01,2.1515843999999998e+01,1.5707949999999999e+00,1.5707949999999999e+00,4.6142142099600090e+00,4.8105637508093704e+00,1.0000000000000000e+00,1.0000000000000000e+00,6.8722339297276724e-01,2.4543692606170260e+00,8.4289246847148379e-12,6.7053566645978879e-01,1.2638527252170574e-11,3.0235328647572668e-01,-3.1224856300273446e-01,-2.1183406201080990e-01,1.5467670137681346e+00,2.4270307677020773e+00,3.2318424780798813e-02,1.0746861960466501e-01,1.5144121629695607e+02,1.8000000000000000e+02,0.0000000000000000e+00,8.8357293382212942e-01,3.6355732494851569e+00,4.4488352769329946e+00,3.8649240517096279e+00,4.3050559286769827e+00,high_s,high_theta_in,mid_Egamma,2.1515843999999998e+01,4.6385174355606331e+00,2.2244176384674761e+00,1.1525279643384914e+00,1.5707949999999999e+00,4.7123889803846897e+00,1.5707963267948966e+00,1.0000000000000000e+00,1.5707963267948966e+00,8.4289246847148379e-12,1.2638527252170574e-11,-2.8755869651993132e-01,1.5467670137681346e+00,3.2318424780798813e-02,1.8000000000000000e+02,4.4488352769329946e+00,4.3050559286769827e+00,4.4488352769329946e+00,4.3050559286769827e+00
C_p_gamma,C_{p\gamma},TxTx,enhanced_region_2,2,18,9.8734580460087373e-01,high_s_high_theta_in_high_Egamma,0.0000000000000000e+00,2.1515843999999998e+01,2.1515843999999998e+01,1.5707949999999999e+00,1.5707949999999999e+00,4.0251655874119221e+00,5.3996123733574573e+00,1.8000000000000000e+00,1.8000000000000000e+00,8.8357293382212931e-01,2.2580197197676637e+00,7.4230050206779787e-12,2.8998890797355945e-02,2.4338027025873357e-12,9.4076261472202261e-03,-2.3977408231970454e+00,-2.3603623000585743e+00,3.9298056968822634e+00,3.9538014415616631e+00,1.4779810510223340e-01,1.4937427720422947e-01,1.7772481659327468e+02,1.8000000000000000e+02,0.0000000000000000e+00,6.8722339297276713e-01,7.9886233764154735e+00,8.0079034984793900e+00,6.8123526632274878e+00,6.8243505355684739e+00,high_s,high_theta_in,high_Egamma,2.1515843999999998e+01,4.6385174355606331e+00,2.2244176384674761e+00,9.5652926546798259e-02,1.5707949999999999e+00,4.7123889803846897e+00,1.5707963267948966e+00,1.8000000000000000e+00,1.5707963267948966e+00,7.4230050206779787e-12,2.4338027025873357e-12,-2.3671059258277984e+00,3.9298056968822634e+00,1.4779810510223340e-01,1.8000000000000000e+02,8.0079034984793900e+00,6.8243505355684739e+00,8.0079034984793900e+00,6.8243505355684739e+00
C_p_gamma,C_{p\gamma},TxTy,enhanced_region_0,0,25,9.9993053402481857e-01,high_s_high_theta_in_low_Egamma,0.0000000000000000e+00,2.1515843999999998e+01,2.1515843999999998e+01,1.5707949999999999e+00,1.5707949999999999e+00,4.7123889803846897e+00,4.7123889803846897e+00,5.0000000000000000e-01,5.0000000000000000e-01,3.9269908169872414e-01,2.7488935718910690e+00,8.6083697208666753e-12,2.3131931582404655e-01,3.5599155441077255e-11,1.5160988379601267e-01,-5.2131716285352368e-02,-2.6907332951456784e-02,1.1216578749052220e+00,2.2382840373227477e+00,1.1718059455021848e-02,7.7038154349040294e-02,1.2534424973133521e+02,1.8000000000000000e+02,0.0000000000000000e+00,1.1780972450961724e+00,1.5378327076844540e+00,2.2244176384664973e+00,1.6400386991204843e+00,2.1983517803280428e+00,high_s,high_theta_in,low_Egamma,2.1515843999999998e+01,4.6385174355606331e+00,2.2244176384674761e+00,1.6983517803280428e+00,1.5707949999999999e+00,4.7123889803846897e+00,1.5707963267948966e+00,5.0000000000000000e-01,1.5707963267948966e+00,8.6083697208666753e-12,3.5599155441077255e-11,-5.2131716285352368e-02,1.1216578749052220e+00,1.1718059455021848e-02,1.8000000000000000e+02,2.2244176384664973e+00,2.1983517803280428e+00,2.2244176384664973e+00,2.1983517803280428e+00
C_p_gamma,C_{p\gamma},TxTy,enhanced_region_1,1,47,9.9946060911681611e-01,high_s_high_theta_in_mid_Egamma,0.0000000000000000e+00,2.1515843999999998e+01,2.1515843999999998e+01,1.5707949999999999e+00,1.5707949999999999e+00,4.6142142099600090e+00,4.8105637508093704e+00,1.0000000000000000e+00,1.0000000000000000e+00,6.8722339297276724e-01,2.4543692606170260e+00,8.4289246847148379e-12,6.7053566645978879e-01,1.2638527252170574e-11,3.4262191585281820e-01,-3.1224856300273446e-01,-2.1183406201080990e-01,1.5467670137681346e+00,2.4270307677020773e+00,3.2318424780798813e-02,1.0746861960466501e-01,1.5144121629695607e+02,1.8000000000000000e+02,0.0000000000000000e+00,8.8357293382212942e-01,3.6355732494851569e+00,4.4488352769329946e+00,3.8649240517096279e+00,4.3050559286769827e+00,high_s,high_theta_in,mid_Egamma,2.1515843999999998e+01,4.6385174355606331e+00,2.2244176384674761e+00,1.1525279643384914e+00,1.5707949999999999e+00,4.7123889803846897e+00,1.5707963267948966e+00,1.0000000000000000e+00,1.5707963267948966e+00,8.4289246847148379e-12,1.2638527252170574e-11,-2.8755869651993132e-01,1.5467670137681346e+00,3.2318424780798813e-02,1.8000000000000000e+02,4.4488352769329946e+00,4.3050559286769827e+00,4.4488352769329946e+00,4.3050559286769827e+00
C_p_gamma,C_{p\gamma},TxTy,enhanced_region_2,2,8,9.8734580489579638e-01,high_s_high_theta_in_high_Egamma,0.0000000000000000e+00,2.1515843999999998e+01,2.1515843999999998e+01,1.5707949999999999e+00,1.5707949999999999e+00,4.4178646691106467e+00,5.1050880620834143e+00,1.8000000000000000e+00,1.8000000000000000e+00,1.2762720155208536e+00,1.9634954084936207e+00,7.4230050206779787e-12,1.8005540313522951e-03,2.4338027025873357e-12,5.8874921390742547e-04,-2.3754141829730306e+00,-2.3671059258277984e+00,3.9298056968822634e+00,3.9363133999993840e+00,1.4779810510223340e-01,1.4820071496562989e-01,1.7881579679303852e+02,1.8000000000000000e+02,0.0000000000000000e+00,3.9269908169872414e-01,8.0079034984793900e+00,8.0079034984793900e+00,6.8210966840090972e+00,6.8243505355684739e+00,high_s,high_theta_in,high_Egamma,2.1515843999999998e+01,4.6385174355606331e+00,2.2244176384674761e+00,9.5652926546798259e-02,1.5707949999999999e+00,4.7123889803846897e+00,1.5707963267948966e+00,1.8000000000000000e+00,1.5707963267948966e+00,7.4230050206779787e-12,2.4338027025873357e-12,-2.3671059258277984e+00,3.9298056968822634e+00,1.4779810510223340e-01,1.8000000000000000e+02,8.0079034984793900e+00,6.8243505355684739e+00,8.0079034984793900e+00,6.8243505355684739e+00
C_p_gamma,C_{p\gamma},Ty_proton,enhanced_region_0,0,25,9.9993053402481780e-01,high_s_high_theta_in_low_Egamma,0.0000000000000000e+00,2.1515843999999998e+01,2.1515843999999998e+01,1.5707949999999999e+00,1.5707949999999999e+00,4.7123889803846897e+00,4.7123889803846897e+00,5.0000000000000000e-01,5.0000000000000000e-01,3.9269908169872414e-01,2.7488935718910690e+00,8.6083697208666753e-12,2.3131931582404655e-01,3.5599155441077255e-11,1.5160988379601267e-01,-5.2131716285352368e-02,-2.6907332951456784e-02,1.1216578749052220e+00,2.2382840373227477e+00,1.1718059455021848e-02,7.7038154349040294e-02,1.2534424973133521e+02,1.8000000000000000e+02,0.0000000000000000e+00,1.1780972450961724e+00,1.5378327076844540e+00,2.2244176384664973e+00,1.6400386991204843e+00,2.1983517803280428e+00,high_s,high_theta_in,low_Egamma,2.1515843999999998e+01,4.6385174355606331e+00,2.2244176384674761e+00,1.6983517803280428e+00,1.5707949999999999e+00,4.7123889803846897e+00,1.5707963267948966e+00,5.0000000000000000e-01,1.5707963267948966e+00,8.6083697208666753e-12,3.5599155441077255e-11,-5.2131716285352368e-02,1.1216578749052220e+00,1.1718059455021848e-02,1.8000000000000000e+02,2.2244176384664973e+00,2.1983517803280428e+00,2.2244176384664973e+00,2.1983517803280428e+00
C_p_gamma,C_{p\gamma},Ty_proton,enhanced_region_1,1,47,9.9946060911689139e-01,high_s_high_theta_in_mid_Egamma,0.0000000000000000e+00,2.1515843999999998e+01,2.1515843999999998e+01,1.5707949999999999e+00,1.5707949999999999e+00,4.6142142099600090e+00,4.8105637508093704e+00,1.0000000000000000e+00,1.0000000000000000e+00,6.8722339297276724e-01,2.4543692606170260e+00,8.4289246847148379e-12,6.7053566645978879e-01,1.2638527252170574e-11,3.4262191585281820e-01,-3.1224856300273446e-01,-2.1183406201080990e-01,1.5467670137681346e+00,2.4270307677020773e+00,3.2318424780798813e-02,1.0746861960466501e-01,1.5144121629695607e+02,1.8000000000000000e+02,0.0000000000000000e+00,8.8357293382212942e-01,3.6355732494851569e+00,4.4488352769329946e+00,3.8649240517096279e+00,4.3050559286769827e+00,high_s,high_theta_in,mid_Egamma,2.1515843999999998e+01,4.6385174355606331e+00,2.2244176384674761e+00,1.1525279643384914e+00,1.5707949999999999e+00,4.7123889803846897e+00,1.5707963267948966e+00,1.0000000000000000e+00,1.5707963267948966e+00,8.4289246847148379e-12,1.2638527252170574e-11,-2.8755869651993132e-01,1.5467670137681346e+00,3.2318424780798813e-02,1.8000000000000000e+02,4.4488352769329946e+00,4.3050559286769827e+00,4.4488352769329946e+00,4.3050559286769827e+00
C_p_gamma,C_{p\gamma},Ty_proton,enhanced_region_2,2,8,9.8734580489579293e-01,high_s_high_theta_in_high_Egamma,0.0000000000000000e+00,2.1515843999999998e+01,2.1515843999999998e+01,1.5707949999999999e+00,1.5707949999999999e+00,4.3196898986859651e+00,5.0069132916587327e+00,1.8000000000000000e+00,1.8000000000000000e+00,1.1780972450961724e+00,1.8653206380689396e+00,7.4230050206779787e-12,1.8005540313524478e-03,2.4338027025873357e-12,5.8874921390747567e-04,-2.3754141829730315e+00,-2.3671059258277984e+00,3.9298056968822634e+00,3.9363133999993840e+00,1.4779810510223340e-01,1.4820071496562981e-01,1.7881579679303823e+02,1.8000000000000000e+02,0.0000000000000000e+00,3.9269908169872414e-01,8.0079034984793900e+00,8.0079034984793900e+00,6.8210966840090972e+00,6.8243505355684739e+00,high_s,high_theta_in,high_Egamma,2.1515843999999998e+01,4.6385174355606331e+00,2.2244176384674761e+00,9.5652926546798259e-02,1.5707949999999999e+00,4.7123889803846897e+00,1.5707963267948966e+00,1.8000000000000000e+00,1.5707963267948966e+00,7.4230050206779787e-12,2.4338027025873357e-12,-2.3671059258277984e+00,3.9298056968822634e+00,1.4779810510223340e-01,1.8000000000000000e+02,8.0079034984793900e+00,6.8243505355684739e+00,8.0079034984793900e+00,6.8243505355684739e+00
C_p_gamma,C_{p\gamma},LTy,enhanced_region_0,0,27,9.9993026242644723e-01,high_s_high_theta_in_low_Egamma,0.0000000000000000e+00,2.1515843999999998e+01,2.1515843999999998e+01,1.5707949999999999e+00,1.5707949999999999e+00,4.7123889803846897e+00,4.7123889803846897e+00,5.0000000000000000e-01,5.0000000000000000e-01,2.9452431127404310e-01,2.8470683423157501e+00,8.6083697208666753e-12,2.5084817262131431e-01,3.5599155441077255e-11,1.5160988379601267e-01,-5.2131716285352368e-02,-2.3711091260564855e-02,1.1216578749052220e+00,2.4210923594678082e+00,1.1718059455021848e-02,8.6843212448590973e-02,1.2031700258786523e+02,1.8000000000000000e+02,0.0000000000000000e+00,1.2762720155208536e+00,1.4350659973642861e+00,2.2244176384664973e+00,1.5486345380449029e+00,2.1983517803280428e+00,high_s,high_theta_in,low_Egamma,2.1515843999999998e+01,4.6385174355606331e+00,2.2244176384674761e+00,1.6983517803280428e+00,1.5707949999999999e+00,4.7123889803846897e+00,1.5707963267948966e+00,5.0000000000000000e-01,1.5707963267948966e+00,8.6083697208666753e-12,3.5599155441077255e-11,-5.2131716285352368e-02,1.1216578749052220e+00,1.1718059455021848e-02,1.8000000000000000e+02,2.2244176384664973e+00,2.1983517803280428e+00,2.2244176384664973e+00,2.1983517803280428e+00
C_p_gamma,C_{p\gamma},LTy,enhanced_region_1,1,41,9.9946053986661776e-01,high_s_high_theta_in_mid_Egamma,0.0000000000000000e+00,2.1515843999999998e+01,2.1515843999999998e+01,1.5707949999999999e+00,1.5707949999999999e+00,4.6142142099600090e+00,4.8105637508093704e+00,1.0000000000000000e+00,1.0000000000000000e+00,6.8722339297276724e-01,2.4543692606170260e+00,8.4289246847148379e-12,6.7053566645978879e-01,1.2638527252170574e-11,3.0235328647572668e-01,-3.1224856300273446e-01,-2.1183406201080990e-01,1.5467670137681346e+00,2.4270307677020773e+00,3.2318424780798813e-02,1.0746861960466501e-01,1.5144121629695607e+02,1.8000000000000000e+02,0.0000000000000000e+00,8.8357293382212942e-01,3.6355732494851569e+00,4.4488352769329946e+00,3.8649240517096279e+00,4.3050559286769827e+00,high_s,high_theta_in,mid_Egamma,2.1515843999999998e+01,4.6385174355606331e+00,2.2244176384674761e+00,1.1525279643384914e+00,1.5707949999999999e+00,4.7123889803846897e+00,1.5707963267948966e+00,1.0000000000000000e+00,1.5707963267948966e+00,8.4289246847148379e-12,1.2638527252170574e-11,-2.8755869651993132e-01,1.5467670137681346e+00,3.2318424780798813e-02,1.8000000000000000e+02,4.4488352769329946e+00,4.3050559286769827e+00,4.4488352769329946e+00,4.3050559286769827e+00
C_p_gamma,C_{p\gamma},LTy,enhanced_region_2,2,6,9.9104873443716301e-01,high_s_high_theta_in_high_Egamma,1.4726215563702154e+00,2.1515843999999998e+01,2.1515843999999998e+01,1.5707949999999999e+00,1.5707949999999999e+00,5.7923114550561809e+00,5.9886609959055432e+00,1.8000000000000000e+00,1.8000000000000000e+00,2.8470683423157501e+00,3.1415926535897931e+00,4.9018999306878058e-03,1.0635738827958005e-01,1.4231155733099795e-03,3.1038947627839840e-02,-2.6249037229452208e+00,-2.3989050179123010e+00,4.1186085839250985e+00,4.4925205645656829e+00,1.5838592035485147e-01,1.7700024860122110e-01,1.6879213371628367e+02,1.7358496047667785e+02,1.2762720155208536e+00,1.5707963267948966e+00,7.8354946804127685e+00,7.9309686883387878e+00,6.5429931017256404e+00,6.7299490920460219e+00,high_s,high_theta_in,high_Egamma,2.1515843999999998e+01,4.6385174355606331e+00,2.2244176384674761e+00,3.0018505723170275e-01,1.5707949999999999e+00,5.8904862254808616e+00,2.7488935718910685e+00,1.8000000000000000e+00,3.0434178831651120e+00,7.2453792506831913e-02,2.0630135527369278e-02,-2.4843632641513302e+00,4.3194268788330143e+00,1.7018979799088238e-01,1.7072562180830593e+02,7.8354946804127685e+00,6.6295399445917695e+00,7.8354946804127685e+00,6.6295399445917695e+00
C_p_gamma,C_{p\gamma},LTy,enhanced_region_3,3,6,9.9104873419588357e-01,high_s_high_theta_in_high_Egamma,1.4726215563702154e+00,2.1515843999999998e+01,2.1515843999999998e+01,1.5707949999999999e+00,1.5707949999999999e+00,3.4361169648638361e+00,3.6324665057131984e+00,1.8000000000000000e+00,1.8000000000000000e+00,0.0000000000000000e+00,2.9452431127404310e-01,4.9018999306880001e-03,1.0635738827958029e-01,1.4231155733100355e-03,3.1038947627839888e-02,-2.6249037229452226e+00,-2.3989050179123010e+00,4.1186085839251003e+00,4.4925205645656829e+00,1.5838592035485149e-01,1.7700024860122118e-01,1.6879213371628367e+02,1.7358496047667791e+02,1.2762720155208536e+00,1.5707963267948966e+00,7.8354946804127685e+00,7.9309686883387887e+00,6.5429931017256404e+00,6.7299490920460219e+00,high_s,high_theta_in,high_Egamma,2.1515843999999998e+01,4.6385174355606331e+00,2.2244176384674761e+00,3.0018505723170275e-01,1.5707949999999999e+00,3.5342917352885173e+00,3.9269908169872414e-01,1.8000000000000000e+00,9.8174770424681035e-02,7.2453792506831677e-02,2.0630135527369198e-02,-2.4843632641513325e+00,4.3194268788330135e+00,1.7018979799088241e-01,1.7072562180830602e+02,7.8354946804127703e+00,6.6295399445917695e+00,7.8354946804127703e+00,6.6295399445917695e+00
C_p_gamma,C_{p\gamma},LL,enhanced_region_0,0,38,9.8675951929540462e-01,high_s_high_theta_in_mid_Egamma,2.9452431127404308e+00,2.1515843999999998e+01,2.1515843999999998e+01,1.5707949999999999e+00,1.5707949999999999e+00,4.6142142099600090e+00,4.8105637508093704e+00,1.0000000000000000e+00,1.0000000000000000e+00,0.0000000000000000e+00,6.1850105367549055e+00,1.7422119671087970e-02,1.8074504224306651e+00,1.8823296423404684e-03,3.9914216418204340e-01,-2.0823889875311830e-01,-3.1234365396962438e-06,2.8830697391474001e+00,1.0118037517038267e+01,1.6155955316592291e-01,4.4851791222666010e-01,1.0200877014772592e+01,1.4417134555082015e+02,1.0799224746714913e+00,3.0434178831651124e+00,1.0711178926355680e-02,3.0756654153689094e+00,1.9420677043626152e-02,3.6369045659853856e+00,high_s,high_theta_in,mid_Egamma,2.1515843999999998e+01,4.6385174355606331e+00,2.2244176384674761e+00,2.2063815355333003e+00,1.5707949999999999e+00,4.7123889803846897e+00,1.5707963267948966e+00,1.0000000000000000e+00,4.9087385212340520e+00,6.8645973580276326e-02,7.4683368092730530e-03,-4.9451545730006823e-05,1.0002799226708669e+01,4.4541583641640581e-01,2.0294457163713783e+01,4.2741561191181297e-02,7.7039822208439579e-02,4.2741561191181297e-02,7.7039822208439579e-02
C_p_gamma,C_{p\gamma},LL,enhanced_region_1,1,26,9.7384658916005162e-01,high_s_high_theta_in_low_Egamma,2.9452431127404308e+00,2.1515843999999998e+01,2.1515843999999998e+01,1.5707949999999999e+00,1.5707949999999999e+00,4.7123889803846897e+00,4.7123889803846897e+00,5.0000000000000000e-01,5.0000000000000000e-01,3.2397674240144743e+00,5.7923114550561809e+00,3.0962131054888230e-03,2.8418025392274693e-01,6.6904547642602033e-04,1.0746799053389880e-01,-1.2193773520904635e-02,-3.9416514687346711e-07,3.2399883725166703e+00,5.5045544376897748e+00,1.2814133681136941e-01,2.2425889953456413e-01,7.2521812181791541e+00,9.9005450119694075e+01,1.6689710972195773e+00,3.0434178831651124e+00,5.3555894631778398e-03,1.0031932913232258e+00,6.9034989333501152e-03,1.1391865315239267e+00,high_s,high_theta_in,low_Egamma,2.1515843999999998e+01,4.6385174355606331e+00,2.2244176384674761e+00,2.2179847565726787e+00,1.5707949999999999e+00,4.7123889803846897e+00,1.5707963267948966e+00,5.0000000000000000e-01,4.5160394395353274e+00,1.2241675088327856e-02,2.6636761105557597e-03,-6.2628863444512892e-06,5.4633844621677312e+00,2.2270702351502519e-01,1.4481664469850292e+01,2.1370780595590742e-02,2.7488486696582104e-02,2.1370780595590742e-02,2.7488486696582104e-02
C_p_gamma,C_{p\gamma},LL,enhanced_region_2,2,8,8.7617946501340960e-01,high_s_high_theta_in_high_Egamma,3.0434178831651124e+00,2.1515843999999998e+01,2.1515843999999998e+01,1.5707949999999999e+00,1.5707949999999999e+00,4.7123889803846897e+00,4.7123889803846897e+00,1.8000000000000000e+00,1.8000000000000000e+00,4.3196898986859651e+00,5.1050880620834143e+00,1.6184638014159536e-01,2.2084084683086984e+00,9.7145600322616210e-03,1.3709925926752431e-01,-1.9001788294816562e-02,-8.3794805066113320e-05,1.4779534730093168e+01,1.7378183938550212e+01,7.8058243837962171e-01,8.0733603017502509e-01,2.8926844580454450e+01,9.4056378635161693e+01,2.7488935718910685e+00,3.0434178831651124e+00,1.9280122067440401e-02,3.0478267895776789e-01,1.0016141473569001e-01,1.3994860189644396e+00,high_s,high_theta_in,high_Egamma,2.1515843999999998e+01,4.6385174355606331e+00,2.2244176384674761e+00,2.2009640628902405e+00,1.5707949999999999e+00,4.7123889803846897e+00,1.5707963267948966e+00,1.8000000000000000e+00,4.6142142099600090e+00,1.6184638014159700e-01,9.7145600322617216e-03,-8.3794805066113320e-05,1.7378183938550212e+01,8.0733603017502487e-01,2.8926844580454546e+01,1.9280122067440401e-02,1.0016141473569068e-01,1.9280122067440401e-02,1.0016141473569068e-01
C_p_gamma,C_{p\gamma},LL,enhanced_region_3,3,8,3.6768135682612024e-01,high_s_high_theta_in_low_Egamma,1.9634954084936211e+00,2.1515843999999998e+01,2.1515843999999998e+01,1.5707949999999999e+00,1.5707949999999999e+00,4.6142142099600090e+00,4.8105637508093704e+00,5.0000000000000000e-01,1.0000000000000000e+00,3.9269908169872414e-01,6.1850105367549055e+00,9.9156654926508492e-02,1.4582774393102089e+00,7.7567700052830174e-02,3.9914216418204296e-01,-2.0823889875311818e-01,-5.9367553558137840e-03,1.1538740693769864e+00,3.8973823277075814e+00,1.8084256847426657e-02,1.8069434598788783e-01,8.1577567752984706e+01,1.7129718697990378e+02,1.9634954084936207e-01,1.9634954084936211e+00,6.8658493078302152e-01,3.0756654153689089e+00,8.1048955392841315e-01,3.6369045659853847e+00,high_s,high_theta_in,low_Egamma,2.1515843999999998e+01,4.6385174355606331e+00,2.2244176384674761e+00,2.0334531551097110e+00,1.5707949999999999e+00,4.7123889803846897e+00,1.5707963267948966e+00,5.0000000000000000e-01,5.8904862254808616e+00,2.5374600164689143e-01,7.7567700052830174e-02,-5.9367553558137840e-03,3.8973823277075814e+00,1.5852317936395005e-01,8.1577567752984706e+01,6.8658493078302152e-01,8.1048955392841315e-01,6.8658493078302152e-01,8.1048955392841315e-01
C_p_gamma,C_{p\gamma},L_proton,enhanced_region_0,0,8,6.8103441048562086e-01,high_s_high_theta_in_high_Egamma,3.0434178831651124e+00,2.1515843999999998e+01,2.1515843999999998e+01,1.5707949999999999e+00,1.5707949999999999e+00,4.7123889803846897e+00,4.7123889803846897e+00,1.8000000000000000e+00,1.8000000000000000e+00,4.3196898986859651e+00,5.1050880620834143e+00,1.6184638014159536e-01,2.2084084683086984e+00,9.7145600322616210e-03,1.3709925926752431e-01,-1.9001788294816562e-02,-8.3794805066113320e-05,1.4779534730093168e+01,1.7378183938550212e+01,7.8058243837962171e-01,8.0733603017502509e-01,2.8926844580454450e+01,9.4056378635161693e+01,2.7488935718910685e+00,3.0434178831651124e+00,1.9280122067440401e-02,3.0478267895776789e-01,1.0016141473569001e-01,1.3994860189644396e+00,high_s,high_theta_in,high_Egamma,2.1515843999999998e+01,4.6385174355606331e+00,2.2244176384674761e+00,2.2009640628902405e+00,1.5707949999999999e+00,4.7123889803846897e+00,1.5707963267948966e+00,1.8000000000000000e+00,4.6142142099600090e+00,1.6184638014159700e-01,9.7145600322617216e-03,-8.3794805066113320e-05,1.7378183938550212e+01,8.0733603017502487e-01,2.8926844580454546e+01,1.9280122067440401e-02,1.0016141473569068e-01,1.9280122067440401e-02,1.0016141473569068e-01
C_p_gamma,C_{p\gamma},L_proton,enhanced_region_1,1,24,6.1760430914635256e-01,high_s_high_theta_in_mid_Egamma,2.9452431127404308e+00,2.1515843999999998e+01,2.1515843999999998e+01,1.5707949999999999e+00,1.5707949999999999e+00,4.7123889803846897e+00,4.8105637508093704e+00,1.0000000000000000e+00,1.0000000000000000e+00,0.0000000000000000e+00,6.1850105367549055e+00,1.7422119671087970e-02,1.8074504224306644e+00,1.8823296423404684e-03,3.9108402322083380e-01,-1.9203764214090913e-01,-3.1234365396962438e-06,3.1503750844958418e+00,1.0118037517038267e+01,1.8069434598788783e-01,4.4851791222666010e-01,1.0200877014772592e+01,1.4031923447677872e+02,1.1780972450961724e+00,3.0434178831651124e+00,1.0711178926355680e-02,2.8701319947285735e+00,1.9420677043626152e-02,3.5032518933130632e+00,high_s,high_theta_in,mid_Egamma,2.1515843999999998e+01,4.6385174355606331e+00,2.2244176384674761e+00,2.2063815355333003e+00,1.5707949999999999e+00,4.7123889803846897e+00,1.5707963267948966e+00,1.0000000000000000e+00,4.9087385212340520e+00,6.8645973580276326e-02,7.4683368092730530e-03,-4.9451545730006823e-05,1.0002799226708669e+01,4.4541583641640581e-01,2.0294457163713783e+01,4.2741561191181297e-02,7.7039822208439579e-02,4.2741561191181297e-02,7.7039822208439579e-02
C_p_gamma,C_{p\gamma},L_proton,enhanced_region_2,2,22,5.5392925390124226e-01,high_s_high_theta_in_low_Egamma,2.8470683423157501e+00,2.1515843999999998e+01,2.1515843999999998e+01,1.5707949999999999e+00,1.5707949999999999e+00,4.6142142099600090e+00,4.8105637508093704e+00,5.0000000000000000e-01,5.0000000000000000e-01,1.1780972450961724e+00,5.6941366846315002e+00,5.3283718710069841e-04,2.1012362466252082e-01,6.6904547642602033e-04,3.1131063280089222e-01,-8.5409138398630902e-02,-3.9416514687346711e-07,1.2501851365443106e+00,5.5045544376897748e+00,1.7972183258936462e-02,2.2425889953456413e-01,7.2521812181791541e+00,1.6252501838559758e+02,3.9269908169872414e-01,3.0434178831651124e+00,5.3555894631778398e-03,2.1765263001146580e+00,6.9034989333501152e-03,2.1340881495087536e+00,high_s,high_theta_in,low_Egamma,2.1515843999999998e+01,4.6385174355606331e+00,2.2244176384674761e+00,2.2100488148352402e+00,1.5707949999999999e+00,4.7123889803846897e+00,1.5707963267948966e+00,5.0000000000000000e-01,5.0069132916587327e+00,2.7014784837864059e-02,5.9467699279644780e-03,-3.1341919278701315e-05,5.3955953159369408e+00,2.2013791920792816e-01,2.1666378757449564e+01,4.7891338352817940e-02,6.1383059812109161e-02,4.7891338352817940e-02,6.1383059812109161e-02
C_p_gamma,C_{p\gamma},L_proton,enhanced_region_3,3,26,3.1327919655870345e-01,high_s_high_theta_in_mid_Egamma,1.5707963267948966e+00,2.1515843999999998e+01,2.1515843999999998e+01,1.5707949999999999e+00,1.5707949999999999e+00,4.6142142099600090e+00,4.8105637508093704e+00,5.0000000000000000e-01,1.0000000000000000e+00,1.2762720155208536e+00,3.9269908169872414e+00,5.3283718710068670e-04,1.8074504224306651e+00,1.4367068730645632e-03,3.9108402322083380e-01,-1.9203764214090924e-01,-1.0357760602038425e-02,1.1216578749052220e+00,8.0464027080537637e+00,1.3471477983139682e-02,3.8691407964197411e-01,7.4144741413889165e+01,1.8000000000000000e+02,0.0000000000000000e+00,2.3561944901923444e+00,6.5151684211754224e-01,2.8701319947285731e+00,1.0552380815353604e+00,3.5032518933130632e+00,high_s,high_theta_in,mid_Egamma,2.1515843999999998e+01,4.6385174355606331e+00,2.2244176384674761e+00,1.5394976185342535e+00,1.5707949999999999e+00,4.6142142099600090e+00,1.4726215563702159e+00,1.0000000000000000e+00,3.1415926535897931e+00,1.7871105289522506e+00,3.3140025155498531e-01,-1.2834291823658042e-01,4.4853380951143533e+00,2.6132024733798259e-01,1.2300624435380308e+02,2.0063865826464529e+00,2.8357703880040770e+00,2.0063865826464529e+00,2.8357703880040770e+00
C_p_gamma,C_{p\gamma},L_electron,enhanced_region_0,0,26,6.8082855514940310e-01,high_s_high_theta_in_high_Egamma,3.0434178831651124e+00,2.1515843999999998e+01,2.1515843999999998e+01,1.5707949999999999e+00,1.5707949999999999e+00,4.6142142099600090e+00,4.8105637508093704e+00,1.8000000000000000e+00,1.8000000000000000e+00,3.7306412761378791e+00,5.6941366846315002e+00,1.6184638014159536e-01,6.8443723279958864e+00,9.7145600322616210e-03,5.0360819803755152e-01,-4.5095692334351151e-01,-8.3794805066113320e-05,7.6261406775264078e+00,1.7378183938550212e+01,6.5365350208245698e-01,8.0733603017502509e-01,2.8926844580454450e+01,1.4782877399940827e+02,2.1598449493429821e+00,3.0434178831651124e+00,1.9280122067440401e-02,1.7794753429180961e+00,1.0016141473569001e-01,4.9761830452450173e+00,high_s,high_theta_in,high_Egamma,2.1515843999999998e+01,4.6385174355606331e+00,2.2244176384674761e+00,2.2009640628902405e+00,1.5707949999999999e+00,4.7123889803846897e+00,1.5707963267948966e+00,1.8000000000000000e+00,4.8105637508093704e+00,1.6184638014159536e-01,9.7145600322616210e-03,-8.3794805066113320e-05,1.7378183938550212e+01,8.0733603017502509e-01,2.8926844580454450e+01,1.9280122067440449e-02,1.0016141473569001e-01,1.9280122067440449e-02,1.0016141473569001e-01
C_p_gamma,C_{p\gamma},L_electron,enhanced_region_1,1,28,6.1691023833178293e-01,high_s_high_theta_in_mid_Egamma,2.9452431127404308e+00,2.1515843999999998e+01,2.1515843999999998e+01,1.5707949999999999e+00,1.5707949999999999e+00,4.7123889803846897e+00,4.7123889803846897e+00,1.0000000000000000e+00,1.0000000000000000e+00,3.3379421944391554e+00,6.0868357663302239e+00,1.7422119671087970e-02,1.3397111930329926e+00,1.8823296423404684e-03,2.3251553467225936e-01,-6.5689398588738360e-02,-3.1234365396962438e-06,5.3019465065177647e+00,1.0118037517038267e+01,2.7921175128662318e-01,4.4851791222666010e-01,1.0200877014772592e+01,1.1288686238586509e+02,1.7671458676442584e+00,3.0434178831651124e+00,1.0711178926355680e-02,1.7904552850808821e+00,1.9420677043626152e-02,2.4274661823027368e+00,high_s,high_theta_in,mid_Egamma,2.1515843999999998e+01,4.6385174355606331e+00,2.2244176384674761e+00,2.2063815355333003e+00,1.5707949999999999e+00,4.7123889803846897e+00,1.5707963267948966e+00,1.0000000000000000e+00,4.5160394395353274e+00,6.8645973580276576e-02,7.4683368092730799e-03,-4.9451545730006823e-05,1.0002799226708669e+01,4.4541583641640581e-01,2.0294457163713783e+01,4.2741561191181485e-02,7.7039822208439857e-02,4.2741561191181485e-02,7.7039822208439857e-02
C_p_gamma,C_{p\gamma},L_electron,enhanced_region_2,2,22,5.5179721485182198e-01,high_s_high_theta_in_low_Egamma,2.8470683423157501e+00,2.1515843999999998e+01,2.1515843999999998e+01,1.5707949999999999e+00,1.5707949999999999e+00,4.7123889803846897e+00,4.7123889803846897e+00,5.0000000000000000e-01,5.0000000000000000e-01,3.3379421944391554e+00,5.6941366846315002e+00,1.2241675088327766e-02,2.7933097680387287e-01,2.6636761105557401e-03,9.7739934880553089e-02,-9.8380225137266204e-03,-6.2628863444512892e-06,3.4584131961933786e+00,5.4633844621677312e+00,1.3849099500858950e-01,2.2270702351502519e-01,1.4481664469850292e+01,9.3342342798837336e+01,1.7671458676442584e+00,2.9452431127404308e+00,2.1370780595590649e-02,8.9522764254044107e-01,2.7488486696581972e-02,1.0299741196853407e+00,high_s,high_theta_in,low_Egamma,2.1515843999999998e+01,4.6385174355606331e+00,2.2244176384674761e+00,2.2100488148352402e+00,1.5707949999999999e+00,4.7123889803846897e+00,1.5707963267948966e+00,5.0000000000000000e-01,4.4178646691106467e+00,2.7014784837864202e-02,5.9467699279645118e-03,-3.1341919278701315e-05,5.3955953159369399e+00,2.2013791920792808e-01,2.1666378757449596e+01,4.7891338352818023e-02,6.1383059812109314e-02,4.7891338352818023e-02,6.1383059812109314e-02
C_p_gamma,C_{p\gamma},L_electron,enhanced_region_3,3,4,2.3594821259132609e-01,high_s_high_theta_in_low_Egamma,2.0616701789183018e+00,2.1515843999999998e+01,2.1515843999999998e+01,1.5707949999999999e+00,1.5707949999999999e+00,4.7123889803846897e+00,4.7123889803846897e+00,5.0000000000000000e-01,5.0000000000000000e-01,5.7923114550561809e+00,6.0868357663302239e+00,2.3384856447652724e-01,2.7933097680387259e-01,6.7448083143985385e-02,9.7739934880552937e-02,-9.8380225137266204e-03,-4.4068368888292402e-03,3.4584131961933822e+00,4.1130852856133107e+00,1.3849099500858958e-01,1.6801171981439422e-01,7.5470548104663663e+01,9.3342342798837308e+01,1.7671458676442588e+00,2.0616701789183018e+00,5.8791721117831930e-01,8.9522764254044085e-01,7.0263807497226183e-01,1.0299741196853403e+00,high_s,high_theta_in,low_Egamma,2.1515843999999998e+01,4.6385174355606331e+00,2.2244176384674761e+00,2.0590310297186418e+00,1.5707949999999999e+00,4.7123889803846897e+00,1.5707963267948966e+00,5.0000000000000000e-01,5.7923114550561809e+00,2.3384856447652724e-01,6.7448083143985385e-02,-4.4068368888292402e-03,4.1130852856133107e+00,1.6801171981439422e-01,7.5470548104663663e+01,5.8791721117831930e-01,7.0263807497226183e-01,5.8791721117831930e-01,7.0263807497226183e-01
C_p_gamma,C_{p\gamma},Tx_electron,enhanced_region_0,0,2,1.1797229859666913e-12,high_s_high_theta_in_high_Egamma,9.8174770424681146e-02,2.1515843999999998e+01,2.1515843999999998e+01,1.5707949999999999e+00,1.5707949999999999e+00,1.4726215563702159e+00,1.5707963267948966e+00,1.8000000000000000e+00,1.8000000000000000e+00,1.4726215563702154e+00,1.5707963267948966e+00,1.6866430658727950e+01,1.6866895224885329e+01,8.4684575425278441e-01,8.4686531068318849e-01,-3.2181941537539771e+00,-3.2181055147955342e+00,3.9298056968822639e+00,3.9301816240747045e+00,9.6514674756748697e-01,9.6515104292341547e-01,1.7971543516460397e+02,1.8000000000000000e+02,0.0000000000000000e+00,9.8174770424681146e-02,3.5244596389088626e-12,3.5246180973835806e-12,6.8241625719709837e+00,6.8243505355684739e+00,high_s,high_theta_in,high_Egamma,2.1515843999999998e+01,4.6385174355606331e+00,2.2244176384674761e+00,9.6051539083577914e-02,1.5707949999999999e+00,1.4726215563702159e+00,4.6142142099600090e+00,1.8000000000000000e+00,1.4726215563702154e+00,1.6866430658727950e+01,8.4684575425278441e-01,-3.2181055147955342e+00,3.9301816240747045e+00,9.6514674756748697e-01,1.7971543516460397e+02,3.5246180973835806e-12,6.8241625719709837e+00,3.5246180973835806e-12,6.8241625719709837e+00
C_p_gamma,C_{p\gamma},Tx_electron,enhanced_region_1,1,38,0.0000000000000000e+00,high_s_high_theta_in_low_Egamma,1.5707963267948966e+00,2.1515843999999998e+01,2.1515843999999998e+01,1.5707949999999999e+00,1.5707949999999999e+00,0.0000000000000000e+00,9.8174770424680702e-02,5.0000000000000000e-01,5.0000000000000000e-01,0.0000000000000000e+00,6.1850105367549055e+00,7.4602401616091063e+00,1.2173279207709488e+01,6.1731656247249511e-01,9.7064802935004235e-01,-9.8888818580309099e+00,-7.6455036696288285e+00,1.1940661745386307e+00,5.5045544376897748e+00,5.1876903581032741e-01,6.8170514135412308e-01,7.2521812181791541e+00,1.6692411573673346e+02,2.9452431127404299e-01,3.0434178831651124e+00,9.7877261850953801e-13,1.2212243471442499e+00,6.9034989333501152e-03,2.1621476305105296e+00,high_s,high_theta_in,low_Egamma,2.1515843999999998e+01,4.6385174355606331e+00,2.2244176384674761e+00,1.9294300054350360e+00,1.5707949999999999e+00,0.0000000000000000e+00,3.1415926535897931e+00,5.0000000000000000e-01,0.0000000000000000e+00,1.1091673069435748e+01,8.3792780212934781e-01,-8.5985097179095469e+00,3.0251980840367962e+00,6.4145314758056560e-01,1.0452826113813356e+02,9.7899466311446304e-13,1.2465816757638386e+00,9.7899466311446304e-13,1.2465816757638386e+00
C_p_gamma,C_{p\gamma},Tx_electron,enhanced_region_2,2,21,0.0000000000000000e+00,high_s_high_theta_in_low_Egamma,1.9634954084936207e-01,2.1515843999999998e+01,2.1515843999999998e+01,1.5707949999999999e+00,1.5707949999999999e+00,0.0000000000000000e+00,9.8174770424680702e-02,5.0000000000000000e-01,5.0000000000000000e-01,7.8539816339744828e-01,2.6507188014663878e+00,7.3650775078049797e+00,1.2023678433569948e+01,8.6120355990209196e-01,9.7601847614268744e-01,-8.6400424118657764e+00,-7.6078190292473780e+00,1.1216578749052220e+00,2.0668415772565538e+00,4.1442503804330000e-01,6.1899788215438900e-01,1.3026698854397691e+02,1.8000000000000000e+02,0.0000000000000000e+00,1.0799224746714913e+00,2.5245977564458855e-01,2.0930894273108840e+00,1.7257599291537224e+00,2.1983517803280428e+00,high_s,high_theta_in,low_Egamma,2.1515843999999998e+01,4.6385174355606331e+00,2.2244176384674761e+00,1.7023178278439293e+00,1.5707949999999999e+00,0.0000000000000000e+00,3.1415926535897931e+00,5.0000000000000000e-01,1.3744467859455345e+00,1.0198617913455170e+01,9.7383373624070935e-01,-7.6245858323568854e+00,1.1538740693769867e+00,5.0749408716961442e-01,1.7129718697990373e+02,8.9522764254044140e-01,2.1822436830900211e+00,8.9522764254044140e-01,2.1822436830900211e+00
C_p_gamma,C_{p\gamma},Tx_electron,enhanced_region_3,3,19,0.0000000000000000e+00,high_s_high_theta_in_low_Egamma,1.1780972450961724e+00,2.1515843999999998e+01,2.1515843999999998e+01,1.5707949999999999e+00,1.5707949999999999e+00,0.0000000000000000e+00,0.0000000000000000e+00,5.0000000000000000e-01,5.0000000000000000e-01,2.7488935718910690e+00,4.5160394395353274e+00,6.3837940135193287e+00,7.2640520731612668e+00,6.1022834309775098e-01,8.4108037368514765e-01,-9.8674550916221726e+00,-8.1889631188313352e+00,2.2382840373227473e+00,5.4633844621677312e+00,4.1422606067032003e-01,5.7412253030282046e-01,1.4481664469850292e+01,1.2534424973133521e+02,1.1780972450961724e+00,2.9452431127404308e+00,1.3291899959270350e+00,2.2244176384664973e+00,2.7488486696582104e-02,1.6400386991204843e+00,high_s,high_theta_in,low_Egamma,2.1515843999999998e+01,4.6385174355606331e+00,2.2244176384674761e+00,1.8346500326059170e+00,1.5707949999999999e+00,0.0000000000000000e+00,3.1415926535897931e+00,5.0000000000000000e-01,2.7488935718910690e+00,7.1895289506699713e+00,8.4108037368514765e-01,-8.1889631188313352e+00,2.2382840373227473e+00,4.1422606067032003e-01,1.2534424973133521e+02,2.1397557832014300e+00,1.6400386991204843e+00,2.1397557832014300e+00,1.6400386991204843e+00
C_p_gamma,C_{p\gamma},unpolarized,enhanced_region_0,0,1,4.9937831647639541e-13,high_s_high_theta_in_high_Egamma,0.0000000000000000e+00,2.1515843999999998e+01,2.1515843999999998e+01,1.5707949999999999e+00,1.5707949999999999e+00,1.5707963267948966e+00,1.5707963267948966e+00,1.8000000000000000e+00,1.8000000000000000e+00,1.5707963267948966e+00,1.5707963267948966e+00,1.6866895224885329e+01,1.6866895224885329e+01,8.4686531068318849e-01,8.4686531068318849e-01,-3.2181941537539771e+00,-3.2181941537539771e+00,3.9298056968822639e+00,3.9298056968822639e+00,9.6515104292341547e-01,9.6515104292341547e-01,1.8000000000000000e+02,1.8000000000000000e+02,0.0000000000000000e+00,0.0000000000000000e+00,3.5244596389088626e-12,3.5244596389088626e-12,6.8243505355684739e+00,6.8243505355684739e+00,high_s,high_theta_in,high_Egamma,2.1515843999999998e+01,4.6385174355606331e+00,2.2244176384674761e+00,9.5652926546798259e-02,1.5707949999999999e+00,1.5707963267948966e+00,4.7123889803846897e+00,1.8000000000000000e+00,1.5707963267948966e+00,1.6866895224885329e+01,8.4686531068318849e-01,-3.2181941537539771e+00,3.9298056968822639e+00,9.6515104292341547e-01,1.8000000000000000e+02,3.5244596389088626e-12,6.8243505355684739e+00,3.5244596389088626e-12,6.8243505355684739e+00
C_p_gamma,C_{p\gamma},unpolarized,enhanced_region_1,1,1,2.8310687127941492e-15,high_s_high_theta_in_mid_Egamma,0.0000000000000000e+00,2.1515843999999998e+01,2.1515843999999998e+01,1.5707949999999999e+00,1.5707949999999999e+00,1.5707963267948966e+00,1.5707963267948966e+00,1.0000000000000000e+00,1.0000000000000000e+00,1.5707963267948966e+00,1.5707963267948966e+00,1.9152484684667694e+01,1.9152484684667694e+01,9.6635000278939875e-01,9.6635000278939875e-01,-1.0542372827317124e+01,-1.0542372827317124e+01,1.5467670137681346e+00,1.5467670137681346e+00,9.6042875065108702e-01,9.6042875065108702e-01,1.8000000000000000e+02,1.8000000000000000e+02,0.0000000000000000e+00,0.0000000000000000e+00,1.9579893262289261e-12,1.9579893262289261e-12,4.3050559286769827e+00,4.3050559286769827e+00,high_s,high_theta_in,mid_Egamma,2.1515843999999998e+01,4.6385174355606331e+00,2.2244176384674761e+00,1.1525279643384914e+00,1.5707949999999999e+00,1.5707963267948966e+00,4.7123889803846897e+00,1.0000000000000000e+00,1.5707963267948966e+00,1.9152484684667694e+01,9.6635000278939875e-01,-1.0542372827317124e+01,1.5467670137681346e+00,9.6042875065108702e-01,1.8000000000000000e+02,1.9579893262289261e-12,4.3050559286769827e+00,1.9579893262289261e-12,4.3050559286769827e+00
C_p_gamma,C_{p\gamma},unpolarized,enhanced_region_2,2,45,0.0000000000000000e+00,high_s_high_theta_in_low_Egamma,1.5707963267948966e+00,2.1515843999999998e+01,2.1515843999999998e+01,1.5707949999999999e+00,1.5707949999999999e+00,0.0000000000000000e+00,9.8174770424680702e-02,5.0000000000000000e-01,5.0000000000000000e-01,0.0000000000000000e+00,6.1850105367549055e+00,6.4848507577089949e+00,1.2173279207709488e+01,6.1022834309775098e-01,9.7064802935004235e-01,-9.8888818580309099e+00,-7.6455036696288285e+00,1.1940661745386307e+00,5.5045544376897748e+00,5.0001168825792153e-01,6.8170514135412308e-01,7.2521812181791541e+00,1.6692411573673346e+02,2.9452431127404299e-01,3.0434178831651124e+00,9.7877261850953801e-13,1.8986592174087051e+00,6.9034989333501152e-03,2.1621476305105296e+00,high_s,high_theta_in,low_Egamma,2.1515843999999998e+01,4.6385174355606331e+00,2.2244176384674761e+00,1.9294300054350360e+00,1.5707949999999999e+00,0.0000000000000000e+00,3.1415926535897931e+00,5.0000000000000000e-01,0.0000000000000000e+00,1.1091673069435748e+01,8.3792780212934781e-01,-8.5985097179095469e+00,3.0251980840367962e+00,6.4145314758056560e-01,1.0452826113813356e+02,9.7899466311446304e-13,1.2465816757638386e+00,9.7899466311446304e-13,1.2465816757638386e+00
C_p_gamma,C_{p\gamma},unpolarized,enhanced_region_3,3,33,0.0000000000000000e+00,high_s_high_theta_in_low_Egamma,1.9634954084936207e-01,2.1515843999999998e+01,2.1515843999999998e+01,1.5707949999999999e+00,1.5707949999999999e+00,0.0000000000000000e+00,9.8174770424680702e-02,5.0000000000000000e-01,5.0000000000000000e-01,7.8539816339744828e-01,3.8288160465625602e+00,6.3837940135193287e+00,1.2023678433569948e+01,6.3824966841271635e-01,9.7601847614268744e-01,-9.3784353196766261e+00,-7.6078190292473780e+00,1.1216578749052220e+00,4.5237684855453004e+00,4.1422606067032003e-01,6.1899788215438900e-01,6.2806977241491047e+01,1.8000000000000000e+02,0.0000000000000000e+00,2.2580197197676632e+00,2.5245977564458855e-01,2.2244176384664973e+00,4.9729647500713214e-01,2.1983517803280428e+00,high_s,high_theta_in,low_Egamma,2.1515843999999998e+01,4.6385174355606331e+00,2.2244176384674761e+00,1.7023178278439293e+00,1.5707949999999999e+00,0.0000000000000000e+00,3.1415926535897931e+00,5.0000000000000000e-01,1.3744467859455345e+00,1.0198617913455170e+01,9.7383373624070935e-01,-7.6245858323568854e+00,1.1538740693769867e+00,5.0749408716961442e-01,1.7129718697990373e+02,8.9522764254044140e-01,2.1822436830900211e+00,8.9522764254044140e-01,2.1822436830900211e+00
C_p_gamma,C_{p\gamma},Ty_electron,enhanced_region_0,0,1,1.1102230246251565e-16,high_s_high_theta_in_low_Egamma,0.0000000000000000e+00,2.1515843999999998e+01,2.1515843999999998e+01,1.5707949999999999e+00,1.5707949999999999e+00,1.5707963267948966e+00,1.5707963267948966e+00,5.0000000000000000e-01,5.0000000000000000e-01,1.5707963267948966e+00,1.5707963267948966e+00,1.9560209902863694e+01,1.9560209902863694e+01,9.8778842619224094e-01,9.8778842619224094e-01,-1.5163506342209406e+01,-1.5163506342209406e+01,1.1216578749052240e+00,1.1216578749052240e+00,9.5958634317546632e-01,9.5958634317546632e-01,1.8000000000000000e+02,1.8000000000000000e+02,0.0000000000000000e+00,0.0000000000000000e+00,9.7899466311446304e-13,9.7899466311446304e-13,2.1983517803280428e+00,2.1983517803280428e+00,high_s,high_theta_in,low_Egamma,2.1515843999999998e+01,4.6385174355606331e+00,2.2244176384674761e+00,1.6983517803280428e+00,1.5707949999999999e+00,1.5707963267948966e+00,4.7123889803846897e+00,5.0000000000000000e-01,1.5707963267948966e+00,1.9560209902863694e+01,9.8778842619224094e-01,-1.5163506342209406e+01,1.1216578749052240e+00,9.5958634317546632e-01,1.8000000000000000e+02,9.7899466311446304e-13,2.1983517803280428e+00,9.7899466311446304e-13,2.1983517803280428e+00
C_p_gamma,C_{p\gamma},Ty_electron,enhanced_region_1,1,38,0.0000000000000000e+00,high_s_high_theta_in_low_Egamma,1.5707963267948966e+00,2.1515843999999998e+01,2.1515843999999998e+01,1.5707949999999999e+00,1.5707949999999999e+00,0.0000000000000000e+00,9.8174770424680702e-02,5.0000000000000000e-01,5.0000000000000000e-01,0.0000000000000000e+00,6.1850105367549055e+00,7.4602401616091063e+00,1.2173279207709488e+01,6.1731656247249511e-01,9.7064802935004235e-01,-9.8888818580309099e+00,-7.6455036696288285e+00,1.1940661745386307e+00,5.5045544376897748e+00,5.1876903581032741e-01,6.8170514135412308e-01,7.2521812181791541e+00,1.6692411573673346e+02,2.9452431127404299e-01,3.0434178831651124e+00,9.7877261850953801e-13,1.2212243471442499e+00,6.9034989333501152e-03,2.1621476305105296e+00,high_s,high_theta_in,low_Egamma,2.1515843999999998e+01,4.6385174355606331e+00,2.2244176384674761e+00,1.9294300054350360e+00,1.5707949999999999e+00,0.0000000000000000e+00,3.1415926535897931e+00,5.0000000000000000e-01,0.0000000000000000e+00,1.1091673069435748e+01,8.3792780212934781e-01,-8.5985097179095469e+00,3.0251980840367962e+00,6.4145314758056560e-01,1.0452826113813356e+02,9.7899466311446304e-13,1.2465816757638386e+00,9.7899466311446304e-13,1.2465816757638386e+00
C_p_gamma,C_{p\gamma},Ty_electron,enhanced_region_2,2,22,0.0000000000000000e+00,high_s_high_theta_in_low_Egamma,1.9634954084936207e-01,2.1515843999999998e+01,2.1515843999999998e+01,1.5707949999999999e+00,1.5707949999999999e+00,0.0000000000000000e+00,9.8174770424680702e-02,5.0000000000000000e-01,5.0000000000000000e-01,7.8539816339744828e-01,2.6507188014663878e+00,7.3650775078049797e+00,1.2023678433569948e+01,8.6120355990209196e-01,9.7769208673896790e-01,-8.6400424118657764e+00,-7.6078190292473780e+00,1.1216578749052220e+00,2.0668415772565538e+00,4.1442503804330000e-01,6.1899788215438900e-01,1.3026698854397691e+02,1.8000000000000000e+02,0.0000000000000000e+00,1.0799224746714913e+00,2.5245977564458855e-01,2.0930894273108840e+00,1.7257599291537224e+00,2.1983517803280428e+00,high_s,high_theta_in,low_Egamma,2.1515843999999998e+01,4.6385174355606331e+00,2.2244176384674761e+00,1.7023178278439293e+00,1.5707949999999999e+00,0.0000000000000000e+00,3.1415926535897931e+00,5.0000000000000000e-01,1.3744467859455345e+00,1.0198617913455170e+01,9.7383373624070935e-01,-7.6245858323568854e+00,1.1538740693769867e+00,5.0749408716961442e-01,1.7129718697990373e+02,8.9522764254044140e-01,2.1822436830900211e+00,8.9522764254044140e-01,2.1822436830900211e+00
C_p_gamma,C_{p\gamma},Ty_electron,enhanced_region_3,3,19,0.0000000000000000e+00,high_s_high_theta_in_low_Egamma,1.1780972450961724e+00,2.1515843999999998e+01,2.1515843999999998e+01,1.5707949999999999e+00,1.5707949999999999e+00,0.0000000000000000e+00,0.0000000000000000e+00,5.0000000000000000e-01,5.0000000000000000e-01,2.7488935718910690e+00,4.5160394395353274e+00,6.3837940135193287e+00,7.2640520731612668e+00,6.1022834309775098e-01,8.4108037368514765e-01,-9.8674550916221726e+00,-8.1889631188313352e+00,2.2382840373227473e+00,5.4633844621677312e+00,4.1422606067032003e-01,5.7412253030282046e-01,1.4481664469850292e+01,1.2534424973133521e+02,1.1780972450961724e+00,2.9452431127404308e+00,1.3291899959270350e+00,2.2244176384664973e+00,2.7488486696582104e-02,1.6400386991204843e+00,high_s,high_theta_in,low_Egamma,2.1515843999999998e+01,4.6385174355606331e+00,2.2244176384674761e+00,1.8346500326059170e+00,1.5707949999999999e+00,0.0000000000000000e+00,3.1415926535897931e+00,5.0000000000000000e-01,2.7488935718910690e+00,7.1895289506699713e+00,8.4108037368514765e-01,-8.1889631188313352e+00,2.2382840373227473e+00,4.1422606067032003e-01,1.2534424973133521e+02,2.1397557832014300e+00,1.6400386991204843e+00,2.1397557832014300e+00,1.6400386991204843e+00
