spin_case,entanglement_mode,scan_parameterization,scan_x_name,scan_x_value,scan_y_name,scan_y_value,s,sqrt_s,pIn,pOut,qOut,theta_in,phi_in,phiOut,Q2,xB,t,F1,F2,W2,y,squared_amplitude_M2,spin_signal_M2,trace,normalized_by_squared_amplitude,entanglement_h_in,entanglement_s_in,C12,C13,C23,C1_23,C2_13,C3_12,F3,M1,M2,M3
polarized,h_in_plus_minus_h_in_minus,user_frame_independent,s,1.5491407679999998e+01,qOut,2.9999999999999999e-01,1.5491407679999998e+01,3.9359125600043505e+00,1.8561849961402406e+00,1.6828073846391449e+00,2.9999999999999999e-01,1.3000000000000000e+00,0.0000000000000000e+00,3.1415926535897931e+00,7.4188251104480321e+00,8.6519240697604660e-01,-6.2538072062274583e+00,2.0262039646727580e-02,9.4572378748047151e-03,2.0357879821029909e+00,5.8684814851732725e-01,1.4190506563874804e+01,0.0000000000000000e+00,0.0000000000000000e+00,True,1,1,-1.7262274066572254e-17,-3.9205683566294202e-17,-1.9778443625411458e-02,0.0000000000000000e+00,-1.9778448534786344e-02,-1.9778448534716119e-02,0.0000000000000000e+00,3.5067981878675414e-33,-4.0982669941023780e-10,-4.0982603327642303e-10
polarized,h_in_plus_minus_h_in_minus,user_frame_independent,s,1.6782358319999997e+01,qOut,2.9999999999999999e-01,1.6782358319999997e+01,4.0966276765163796e+00,1.9409274622587744e+00,1.7690374255446943e+00,2.9999999999999999e-01,1.3000000000000000e+00,0.0000000000000000e+00,3.1415926535897931e+00,8.0873095812001541e+00,8.7066020188654647e-01,-6.8731713220279218e+00,1.7180955776419815e-02,7.5402319028729601e-03,2.0812437955194540e+00,5.8410319209947514e-01,1.0033416216271920e+01,8.8817841970012523e-16,1.1102230246251565e-16,True,1,1,-4.8113299157058228e-17,-4.2077532352118679e-17,-1.7970543076409693e-02,2.1073424255447017e-08,-1.7970543117241437e-02,-1.7970543117231046e-02,8.2604413171316277e-11,4.4408920985006271e-16,-3.1358525071610317e-10,-3.1358480673531353e-10
polarized,h_in_plus_minus_h_in_minus,user_frame_independent,s,1.8073308959999999e+01,qOut,2.9999999999999999e-01,1.8073308959999999e+01,4.2512714521658115e+00,2.0221556249061430e+00,1.8515410179402194e+00,2.9999999999999999e-01,1.3000000000000000e+00,0.0000000000000000e+00,3.1415926535897931e+00,8.7549434060180058e+00,8.7546862892926780e-01,-7.4937454313009582e+00,1.4727948060597226e-02,6.1015946341548442e-03,2.1251942843745835e+00,5.8163341209336938e-01,7.2620149785735091e+00,4.4408920985006262e-16,5.5511151231257827e-17,True,1,1,-2.2548674266579773e-17,-1.0385701121014475e-17,-1.6470252932233073e-02,0.0000000000000000e+00,-1.6470254034901002e-02,-1.6470254034933952e-02,0.0000000000000000e+00,1.2330171250844463e-33,-3.5760413395569482e-10,-3.5760435599691161e-10
polarized,h_in_plus_minus_h_in_minus,user_frame_independent,s,1.9364259599999997e+01,qOut,2.9999999999999999e-01,1.9364259599999997e+01,4.4004840188324739e+00,2.1002707339571525e+00,1.9307630924636907e+00,2.9999999999999999e-01,1.3000000000000000e+00,0.0000000000000000e+00,3.1415926535897931e+00,9.4218077742891033e+00,8.7974200188956631e-01,-8.1153718161423498e+00,1.2745037876316954e-02,5.0013393915817233e-03,2.1677758471593913e+00,5.7939292500264350e-01,5.3636041000701224e+00,-8.8817841970012523e-16,0.0000000000000000e+00,True,1,1,-6.1982318262068551e-17,-4.1351596144338373e-17,-1.5205965852216301e-02,0.0000000000000000e+00,-1.5205955310053211e-02,-1.5205955310077171e-02,0.0000000000000000e+00,6.9499403124888669e-33,2.5835102252771882e-11,2.5834214128562290e-11
polarized,h_in_plus_minus_h_in_minus,user_frame_independent,s,2.0655210239999995e+01,qOut,2.9999999999999999e-01,2.0655210239999995e+01,4.5448003520506806e+00,2.1756034047873034e+00,2.0070665971092763e+00,2.9999999999999999e-01,1.3000000000000000e+00,0.0000000000000000e+00,3.1415926535897931e+00,1.0087972679678296e+01,8.8357407715694158e-01,-8.7379243249322673e+00,1.1120699448281335e-02,4.1459917963361714e-03,2.2091060949522152e+00,5.7734631238012990e-01,4.0321974389909840e+00,-2.2204460492503131e-16,5.5511151231257827e-17,True,1,1,-3.9747283534811183e-17,-3.1085708634572627e-17,-1.4126465607098480e-02,0.0000000000000000e+00,-1.4126468301830231e-02,-1.4126468301965889e-02,0.0000000000000000e+00,4.0668818420735282e-33,-1.2232310505155375e-10,-1.2232399322658532e-10
polarized,h_in_plus_minus_h_in_minus,user_frame_independent,s,2.1946160879999997e+01,qOut,2.9999999999999999e-01,2.1946160879999997e+01,4.6846729747123224e+00,2.2484298257012960e+00,2.0807521844140568e+00,2.9999999999999999e-01,1.3000000000000000e+00,0.0000000000000000e+00,3.1415926535897931e+00,1.0753498756644710e+01,8.8703706145586314e-01,-9.3613002300028629e+00,9.7745897466949769e-03,3.4714252594161884e-03,2.2492871405014645e+00,5.7546565762786428e-01,3.0790184609940505e+00,-2.2204460492503131e-16,-1.1102230246251565e-16,True,1,1,-2.8325845030860373e-17,-9.8278393031800063e-18,-1.3194261118171634e-02,2.1073424255447017e-08,-1.3194263528616934e-02,-1.3194263528492988e-02,7.8196249862022285e-11,4.4408920985006271e-16,-3.3513287201511043e-10,-3.3513153974748088e-10
polarized,h_in_plus_minus_h_in_minus,user_frame_independent,s,2.3237111519999996e+01,qOut,2.9999999999999999e-01,2.3237111519999996e+01,4.8204887221110670e+00,2.3189834899363619e+00,2.1520722128141747e+00,2.9999999999999999e-01,1.3000000000000000e+00,0.0000000000000000e+00,3.1415926535897931e+00,1.1418438811976714e+01,8.9018758166121803e-01,-9.9854145818759648e+00,8.6475838366734965e-03,2.9326328483555209e-03,2.2884082233478882e+00,5.7372856606246880e-01,2.3840903356427341e+00,0.0000000000000000e+00,0.0000000000000000e+00,True,1,1,-1.5233838947182891e-17,-1.2840087354380099e-17,-1.2381225264533764e-02,2.1073424255447017e-08,-1.2381237391602247e-02,-1.2381237391531750e-02,7.6641127368172834e-11,4.4408920985006271e-16,-3.9759916903760325e-10,-3.9759872495008747e-10
polarized,h_in_plus_minus_h_in_minus,user_frame_independent,s,2.4528062159999998e+01,qOut,2.9999999999999999e-01,2.4528062159999998e+01,4.9525813632892497e+00,2.3874638724051245e+00,2.2212409476235768e+00,2.9999999999999999e-01,1.3000000000000000e+00,0.0000000000000000e+00,3.1415926535897931e+00,1.2082839084930187e+01,8.9307075451908147e-01,-1.0610196190282775e+01,7.6954718025769604e-03,2.4973858260244094e-03,2.3265478138704756e+00,5.7211679997461007e-01,1.8691965988487662e+00,2.2204460492503131e-16,1.1102230246251565e-16,True,1,1,-3.7480290407588842e-17,-1.4284185366196800e-17,-1.1665935167540857e-02,0.0000000000000000e+00,-1.1665933870017565e-02,-1.1665933869981561e-02,0.0000000000000000e+00,2.4352025606068763e-33,-1.3996245301452280e-10,-1.3996223096991787e-10
polarized,h_in_plus_minus_h_in_minus,user_frame_independent,s,2.5819012799999996e+01,qOut,2.9999999999999999e-01,2.5819012799999996e+01,5.0812412656751498e+00,2.4540429686412759e+00,2.2884421503451335e+00,2.9999999999999999e-01,1.3000000000000000e+00,0.0000000000000000e+00,3.1415926535897931e+00,1.2746740279672110e+01,8.9572303034623701e-01,-1.1235584697023736e+01,6.8842768873858115e-03,2.1421897800260521e-03,2.3637753094517331e+00,5.7061531213196826e-01,1.4820262486106746e+00,0.0000000000000000e+00,5.5511151231257827e-17,True,1,1,-4.1698480931595907e-18,1.0351813673124252e-17,-1.1031777982101119e-02,0.0000000000000000e+00,-1.1031778645619102e-02,-1.1031778645676888e-02,0.0000000000000000e+00,-1.9183494578735358e-34,-2.4694256869690521e-10,-2.4694256869521114e-10
polarized,h_in_plus_minus_h_in_minus,user_frame_independent,s,1.5491407679999998e+01,qOut,4.5624999999999999e-01,1.5491407679999998e+01,3.9359125600043505e+00,1.8561849961402406e+00,1.5787096045608233e+00,4.5624999999999999e-01,1.3000000000000000e+00,0.0000000000000000e+00,3.1415926535897931e+00,7.7326424865096959e+00,8.2189507721188892e-01,-5.8785123532048580e+00,2.2532175892602108e-02,1.0941212184851343e-02,2.5555100688123584e+00,6.4389470979070840e-01,7.0908241090476736e+00,-4.4408920985006262e-16,0.0000000000000000e+00,True,1,1,-2.2926725691608070e-17,-6.6022663986238153e-17,-3.5402819504681847e-02,-2.1073424255447017e-08,-3.5402815792291251e-02,-3.5402815792249673e-02,-9.7618036176581366e-10,-4.4408920985006271e-16,3.5000136550935798e-11,3.5000136767776233e-11
polarized,h_in_plus_minus_h_in_minus,user_frame_independent,s,1.6782358319999997e+01,qOut,4.5624999999999999e-01,1.6782358319999997e+01,4.0966276765163796e+00,1.9409274622587744e+00,1.6666115938939907e+00,4.5624999999999999e-01,1.3000000000000000e+00,0.0000000000000000e+00,3.1415926535897931e+00,8.4141461029729196e+00,8.2822509787604526e-01,-6.4856195433940966e+00,1.9021890712350560e-02,8.6716670995170744e-03,2.6249482319308473e+00,6.3884553916903963e-01,4.9761306538722412e+00,0.0000000000000000e+00,0.0000000000000000e+00,True,1,1,-2.8283182399828958e-17,4.9074214458540143e-18,-3.1895245396307281e-02,0.0000000000000000e+00,-3.1895247565583984e-02,-3.1895247565593053e-02,0.0000000000000000e+00,8.1247727993906852e-34,-2.2247256909751372e-10,-2.2247323523132850e-10
polarized,h_in_plus_minus_h_in_minus,user_frame_independent,s,1.8073308959999999e+01,qOut,4.5624999999999999e-01,1.8073308959999999e+01,4.2512714521658115e+00,2.0221556249061430e+00,1.7505354232832087e+00,4.5624999999999999e-01,1.3000000000000000e+00,0.0000000000000000e+00,3.1415926535897931e+00,9.0941970882746670e+00,8.3383833387101947e-01,-7.0943850599633258e+00,1.6243416184000086e-02,6.9807363527464644e-03,2.6920741157322250e+00,6.3433561701380814e-01,3.5786513678343592e+00,4.4408920985006262e-16,2.2204460492503131e-16,True,1,1,-3.7066626703554044e-17,-9.1693672486149892e-18,-2.9019789320346392e-02,0.0000000000000000e+00,-2.9019794918280148e-02,-2.9019794918280148e-02,0.0000000000000000e+00,2.7192934017138876e-33,-4.6864234135745491e-10,-4.6864234135745491e-10
polarized,h_in_plus_minus_h_in_minus,user_frame_independent,s,1.9364259599999997e+01,qOut,4.5624999999999999e-01,1.9364259599999997e+01,4.4004840188324739e+00,2.1002707339571525e+00,1.8309810187574240e+00,4.5624999999999999e-01,1.3000000000000000e+00,0.0000000000000000e+00,3.1415926535897931e+00,9.7729518954439989e+00,8.3886520340861737e-01,-7.7046043303676077e+00,1.4008680389438472e-02,5.6956768606174915e-03,2.7570974721560724e+00,6.3027177162149894e-01,2.6284990689388863e+00,-2.2204460492503131e-16,-5.5511151231257827e-17,True,1,1,-1.9477621074237952e-17,-1.2603162197444074e-17,-2.6622063855378436e-02,0.0000000000000000e+00,-2.6622055347124831e-02,-2.6622055347163415e-02,0.0000000000000000e+00,1.9188083398370920e-33,8.2800680560986750e-11,8.2800680340758184e-11
polarized,h_in_plus_minus_h_in_minus,user_frame_independent,s,2.0655210239999995e+01,qOut,4.5624999999999999e-01,2.0655210239999995e+01,4.5448003520506806e+00,2.1756034047873034e+00,1.9083511737992174e+00,4.5624999999999999e-01,1.3000000000000000e+00,0.0000000000000000e+00,3.1415926535897931e+00,1.0450541510368373e+01,8.4340477384789647e-01,-8.3161121541771479e+00,1.2186204316182806e-02,4.7022174283117705e-03,2.8201992860648333e+00,6.2658241804745507e-01,1.9664389388764412e+00,1.1102230246251565e-16,0.0000000000000000e+00,True,1,1,-6.6476273328349527e-18,-2.9628903495850735e-17,-2.4593591240895021e-02,0.0000000000000000e+00,-2.4593589499247462e-02,-2.4593589499297179e-02,0.0000000000000000e+00,1.5682776180209228e-33,-9.9278144858233651e-11,-9.9278810988660295e-11
polarized,h_in_plus_minus_h_in_minus,user_frame_independent,s,2.1946160879999997e+01,qOut,4.5624999999999999e-01,2.1946160879999997e+01,4.6846729747123224e+00,2.2484298257012960e+00,1.9829761515836033e+00,4.5624999999999999e-01,1.3000000000000000e+00,0.0000000000000000e+00,3.1415926535897931e+00,1.1127076769227312e+01,8.4753386471416281e-01,-8.9287728167114029e+00,1.0681926777995208e-02,3.9225669409138674e-03,2.8815367495930380e+00,6.2321143243053478e-01,1.4951410969476626e+00,0.0000000000000000e+00,5.5511151231257827e-17,True,1,1,-3.1251938704893037e-17,-1.3822145123952559e-17,-2.2856057313470984e-02,1.4901161193847656e-08,-2.2856059096171156e-02,-2.2856059096179191e-02,8.2235986527024829e-11,2.2204460492503131e-16,-2.0178771968857039e-10,-2.0178816377778024e-10
polarized,h_in_plus_minus_h_in_minus,user_frame_independent,s,2.3237111519999996e+01,qOut,4.5624999999999999e-01,2.3237111519999996e+01,4.8204887221110670e+00,2.3189834899363619e+00,2.0551307971104578e+00,4.5624999999999999e-01,1.3000000000000000e+00,0.0000000000000000e+00,3.1415926535897931e+00,1.1802652359746858e+01,8.5131311387709308e-01,-9.5424731791078514e+00,9.4269179671004205e-03,3.3026016852025189e-03,2.9412472589838616e+00,6.2011404597312458e-01,1.1532416504184275e+00,-5.5511151231257827e-17,-1.1102230246251565e-16,True,1,1,-2.4692204079012656e-17,-4.7326184704750058e-17,-2.1351643837602841e-02,-6.1722630615993611e-09,-2.1351653449690935e-02,-2.1351653449690935e-02,-5.5314293062630522e-10,-2.2204460492503141e-16,-5.1975681883894838e-10,-5.1975681883894838e-10
polarized,h_in_plus_minus_h_in_minus,user_frame_independent,s,2.4528062159999998e+01,qOut,4.5624999999999999e-01,2.4528062159999998e+01,4.9525813632892497e+00,2.3874638724051245e+00,2.1250467748482542e+00,4.5624999999999999e-01,1.3000000000000000e+00,0.0000000000000000e+00,3.1415926535897931e+00,1.2477349874807423e+01,8.5479113501449111e-01,-1.0157117720712021e+01,8.3700231183847611e-03,2.8037773404266508e-03,2.9994516317721205e+00,6.1725401075966480e-01,9.0103749947825751e-01,0.0000000000000000e+00,0.0000000000000000e+00,True,1,1,-7.6548700100595808e-17,8.1843429387527494e-19,-2.0036713839230249e-02,0.0000000000000000e+00,-2.0036706613363358e-02,-2.0036706613402261e-02,0.0000000000000000e+00,9.0332944417896430e-33,-1.0910625376938212e-10,-1.0910625376599399e-10
polarized,h_in_plus_minus_h_in_minus,user_frame_independent,s,2.5819012799999996e+01,qOut,4.5624999999999999e-01,2.5819012799999996e+01,5.0812412656751498e+00,2.4540429686412759e+00,2.1929215308402652e+00,4.5624999999999999e-01,1.3000000000000000e+00,0.0000000000000000e+00,3.1415926535897931e+00,1.3151240173804240e+01,8.5800743760291243e-01,-1.0772624900324599e+01,7.4722212630226152e-03,2.3981875928413485e-03,3.0562567082569743e+00,6.1460159338033826e-01,7.1216153455803921e-01,1.6653345369377348e-16,2.7755575615628914e-16,True,1,1,-1.2645392281202510e-17,-6.0872646095616576e-17,-1.8877810780494386e-02,0.0000000000000000e+00,-1.8877808544194588e-02,-1.8877808544277210e-02,0.0000000000000000e+00,6.2747227839825402e-33,-4.8058097449076064e-11,-4.8059207560292340e-11
polarized,h_in_plus_minus_h_in_minus,user_frame_independent,s,1.5491407679999998e+01,qOut,6.1250000000000004e-01,1.5491407679999998e+01,3.9359125600043505e+00,1.8561849961402406e+00,1.4627142137467350e+00,6.1250000000000004e-01,1.3000000000000000e+00,0.0000000000000000e+00,3.1415926535897931e+00,8.0779557016737691e+00,7.9144750198568992e-01,-5.4679285796938544e+00,2.5464101874666176e-02,1.2940324948730231e-02,3.0084473959375164e+00,6.9852613458351531e-01,4.7561461143830375e+00,0.0000000000000000e+00,0.0000000000000000e+00,True,1,1,-4.4876904573917605e-17,-8.4774825825733757e-17,-5.6455380942641256e-02,0.0000000000000000e+00,-5.6455378127990188e-02,-5.6455378128031322e-02,0.0000000000000000e+00,1.8166423814757589e-32,-3.9842933652719159e-10,-3.9842978060962517e-10
polarized,h_in_plus_minus_h_in_minus,user_frame_independent,s,1.6782358319999997e+01,qOut,6.1250000000000004e-01,1.6782358319999997e+01,4.0966276765163796e+00,1.9409274622587744e+00,1.5532327316436296e+00,6.1250000000000004e-01,1.3000000000000000e+00,0.0000000000000000e+00,3.1415926535897931e+00,8.7722799075844122e+00,7.9784041102065495e-01,-6.0633072903855174e+00,2.1370748594920750e-02,1.0174693047966862e-02,3.1025949111256583e+00,6.9140203853688953e-01,3.2976721689410669e+00,-2.2204460492503131e-16,-1.1102230246251565e-16,True,1,1,-5.1437320313509914e-17,-1.1460334742359240e-17,-5.0364838618235042e-02,0.0000000000000000e+00,-5.0364839157541565e-02,-5.0364839157539587e-02,0.0000000000000000e+00,3.3444173782152805e-33,-1.6624525513804153e-10,-1.6624503309343661e-10
polarized,h_in_plus_minus_h_in_minus,user_frame_independent,s,1.8073308959999999e+01,qOut,6.1250000000000004e-01,1.8073308959999999e+01,4.2512714521658115e+00,2.0221556249061430e+00,1.6393515577931448e+00,6.1250000000000004e-01,1.3000000000000000e+00,0.0000000000000000e+00,3.1415926535897931e+00,9.4645637892817920e+00,8.0356190648378678e-01,-6.6607273666657454e+00,1.8156509054187010e-02,8.1345292412764777e-03,3.1935436063745279e+00,6.8504303367925201e-01,2.3475751473259221e+00,2.2204460492503131e-16,-1.1102230246251565e-16,True,1,1,-4.9515414160757557e-17,-3.9611974472856735e-17,-4.5444267846017086e-02,-6.1722630615993611e-09,-4.5444276457859263e-02,-4.5444276457859263e-02,-1.1483886883550920e-09,-2.2204460492503141e-16,-1.1420894491091273e-09,-1.1420894491091273e-09
polarized,h_in_plus_minus_h_in_minus,user_frame_independent,s,1.9364259599999997e+01,qOut,6.1250000000000004e-01,1.9364259599999997e+01,4.4004840188324739e+00,2.1002707339571525e+00,1.7216687899838106e+00,6.1250000000000004e-01,1.3000000000000000e+00,0.0000000000000000e+00,3.1415926535897931e+00,1.0155037783977772e+01,8.0872920934122250e-01,-7.2599494684402668e+00,1.5589155453153732e-02,6.5972736133109427e-03,3.2815899536219844e+00,6.7931732381086252e-01,1.7093848889715386e+00,1.1102230246251565e-16,5.5511151231257827e-17,True,1,1,-6.0499079777335975e-17,-2.1884691741839333e-17,-4.1391441715407748e-02,2.5809568279517847e-08,-4.1391441649473087e-02,-4.1391441649473087e-02,1.8152235231807837e-10,6.6613381477509383e-16,-7.0923816872356295e-10,-7.0923816872356295e-10
polarized,h_in_plus_minus_h_in_minus,user_frame_independent,s,2.0655210239999995e+01,qOut,6.1250000000000004e-01,2.0655210239999995e+01,4.5448003520506806e+00,2.1756034047873034e+00,1.8006566704830158e+00,6.1250000000000004e-01,1.3000000000000000e+00,0.0000000000000000e+00,3.1415926535897931e+00,1.0843892637163506e+01,8.1343201700266654e-01,-7.8607785604515277e+00,1.3507962345886590e-02,5.4176395685036609e-03,3.3669887580955016e+00,6.7412341361820505e-01,1.2692631933983611e+00,0.0000000000000000e+00,1.1102230246251565e-16,True,1,1,-1.2228284646693909e-17,-3.9153568110421953e-17,-3.7998880561894120e-02,-1.4901161193847656e-08,-3.7998884977364443e-02,-3.7998884977351391e-02,-7.5947811228195329e-10,-2.2204460492503131e-16,-4.8834721441242670e-10,-4.8834743645703163e-10
polarized,h_in_plus_minus_h_in_minus,user_frame_independent,s,2.1946160879999997e+01,qOut,6.1250000000000004e-01,2.1946160879999997e+01,4.6846729747123224e+00,2.2484298257012960e+00,1.8766960530645596e+00,6.1250000000000004e-01,1.3000000000000000e+00,0.0000000000000000e+00,3.1415926535897931e+00,1.1531288248625277e+01,8.1774038721729048e-01,-8.4630530961440780e+00,1.1799148307492900e-02,4.4979432419398040e-03,3.4499605845949484e+00,6.6938159686603116e-01,9.5873528924880569e-01,-1.1102230246251565e-16,-1.1102230246251565e-16,True,1,1,-4.0729935035526145e-17,-5.6160476928605943e-17,-3.5119632389291222e-02,0.0000000000000000e+00,-3.5119638555312895e-02,-3.5119638555349046e-02,0.0000000000000000e+00,1.0142774741508234e-32,-6.4139398652673539e-10,-6.4139443062272150e-10
polarized,h_in_plus_minus_h_in_minus,user_frame_independent,s,2.3237111519999996e+01,qOut,6.1250000000000004e-01,2.3237111519999996e+01,4.8204887221110670e+00,2.3189834899363619e+00,1.9500995576598310e+00,6.1250000000000004e-01,1.3000000000000000e+00,0.0000000000000000e+00,3.1415926535897931e+00,1.2217360158631273e+01,8.2171001213775696e-01,-9.0666373943686907e+00,1.0380168465694605e-02,3.7708626852586587e-03,3.5306976615297367e+00,6.6502821987796379e-01,7.3521489964517994e-01,0.0000000000000000e+00,5.5511151231257827e-17,True,1,1,-3.8456520742382624e-17,-3.6275329714726496e-17,-3.2646912952871497e-02,1.4901161193847656e-08,-3.2646907809266781e-02,-3.2646907809266781e-02,1.0513223549776435e-10,2.2204460492503131e-16,-8.0381191564220678e-11,-8.0381191564220678e-11
polarized,h_in_plus_minus_h_in_minus,user_frame_independent,s,2.4528062159999998e+01,qOut,6.1250000000000004e-01,2.4528062159999998e+01,4.9525813632892497e+00,2.3874638724051245e+00,2.0211276565084084e+00,6.1250000000000004e-01,1.3000000000000000e+00,0.0000000000000000e+00,3.1415926535897931e+00,1.2902224394736132e+01,8.2538584802336168e-01,-9.6714161250070845e+00,9.1900976154415323e-03,3.1889151257160739e-03,3.6093685934909479e+00,6.6101170424195188e-01,5.7145626160610297e-01,-5.5511151231257827e-17,-1.1102230246251565e-16,True,1,1,-7.8922936390004997e-17,3.2725331428100221e-18,-3.0501249766601329e-02,0.0000000000000000e+00,-3.0501252216701680e-02,-3.0501252216698641e-02,0.0000000000000000e+00,6.5761440930940255e-33,-2.3749216196335566e-10,-2.3749193991875073e-10
polarized,h_in_plus_minus_h_in_minus,user_frame_independent,s,2.5819012799999996e+01,qOut,6.1250000000000004e-01,2.5819012799999996e+01,5.0812412656751498e+00,2.4540429686412759e+00,2.0900001699893842e+00,6.1250000000000004e-01,1.3000000000000000e+00,0.0000000000000000e+00,3.1415926535897931e+00,1.3585981155016288e+01,8.2880467577665418e-01,-1.0277290229388900e+01,8.1831185442794718e-03,2.7179490554660245e-03,3.6861221457473938e+00,6.5728972092941951e-01,4.4957575602839089e-01,0.0000000000000000e+00,0.0000000000000000e+00,True,1,1,-2.4417709725428383e-17,-2.4701690891398997e-17,-2.8622427870098128e-02,0.0000000000000000e+00,-2.8622428625161570e-02,-2.8622428625183341e-02,0.0000000000000000e+00,3.5625513496089005e-33,-2.0291909568392798e-10,-2.0291954021359497e-10
polarized,h_in_plus_minus_h_in_minus,user_frame_independent,s,1.5491407679999998e+01,qOut,7.6875000000000004e-01,1.5491407679999998e+01,3.9359125600043505e+00,1.8561849961402406e+00,1.3320657149477801e+00,7.6875000000000004e-01,1.3000000000000000e+00,0.0000000000000000e+00,3.1415926535897931e+00,8.4594262389943307e+00,7.7154290734797371e-01,-5.0168330147045808e+00,2.9371608583083842e-02,1.5738368368425005e-02,3.3847156094194877e+00,7.5038497511539570e-01,3.8699639196157087e+00,4.4408920985006262e-16,2.7755575615628914e-16,True,1,1,-1.5841979096840989e-16,-5.0486519824334839e-17,-8.5248727956565393e-02,1.4901161193847656e-08,-8.5248721048249654e-02,-8.5248721048249654e-02,8.7363536147197599e-11,2.2204460492503136e-16,6.5458557052132296e-12,6.5458557052132296e-12
polarized,h_in_plus_minus_h_in_minus,user_frame_independent,s,1.6782358319999997e+01,qOut,7.6875000000000004e-01,1.6782358319999997e+01,4.0966276765163796e+00,1.9409274622587744e+00,1.4265923860901997e+00,7.6875000000000004e-01,1.3000000000000000e+00,0.0000000000000000e+00,3.1415926535897931e+00,9.1661193906391265e+00,7.7737250369812916e-01,-5.6013383576857034e+00,2.4453508583124950e-02,1.2241147774595182e-02,3.5048792321882978e+00,7.4146480144955040e-01,2.6333988405309432e+00,-6.6613381477509392e-16,-1.6653345369377348e-16,True,1,1,-1.8152047356043651e-16,-1.9252194920532264e-16,-7.5138719981622512e-02,1.4901161193847656e-08,-7.5138716551137616e-02,-7.5138716551059512e-02,1.0138159551678000e-10,2.2204460492503141e-16,-2.9737999039045884e-10,-2.9737865897663850e-10
polarized,h_in_plus_minus_h_in_minus,user_frame_independent,s,1.8073308959999999e+01,qOut,7.6875000000000004e-01,1.8073308959999999e+01,4.2512714521658115e+00,2.0221556249061430e+00,1.5160140892055953e+00,7.6875000000000004e-01,1.3000000000000000e+00,0.0000000000000000e+00,3.1415926535897931e+00,9.8702313447036278e+00,7.8265687981471699e-01,-6.1881559061430442e+00,2.0634557369727195e-02,9.6967012166116924e-03,3.6207984753715343e+00,7.3348716209412401e-01,1.8457710478694453e+00,0.0000000000000000e+00,1.1102230246251565e-16,True,1,1,-6.5601731333488544e-17,-1.8775539949909599e-16,-6.7124668176594848e-02,0.0000000000000000e+00,-6.7124669321586103e-02,-6.7124669321620589e-02,0.0000000000000000e+00,5.7363574543202766e-32,-7.7787920800754173e-10,-7.7787965209675158e-10
polarized,h_in_plus_minus_h_in_minus,user_frame_independent,s,1.9364259599999997e+01,qOut,7.6875000000000004e-01,1.9364259599999997e+01,4.4004840188324739e+00,2.1002707339571525e+00,1.6011072293947377e+00,7.6875000000000004e-01,1.3000000000000000e+00,0.0000000000000000e+00,3.1415926535897931e+00,1.0572059111613040e+01,7.8748451987962687e-01,-6.7770333672158616e+00,1.7612817510247337e-02,7.8018326187588105e-03,3.7328857566923581e+00,7.2629295720365650e-01,1.3264887606956339e+00,1.1102230246251565e-16,1.6653345369377348e-16,True,1,1,-1.8369379668014400e-17,-8.4832440490122282e-17,-6.0625918485331512e-02,0.0000000000000000e+00,-6.0625920423771282e-02,-6.0625920423803943e-02,0.0000000000000000e+00,1.7137481511793326e-32,-3.5384431262196160e-10,-3.5384475670439518e-10
polarized,h_in_plus_minus_h_in_minus,user_frame_independent,s,2.0655210239999995e+01,qOut,7.6875000000000004e-01,2.0655210239999995e+01,4.5448003520506806e+00,2.1756034047873034e+00,1.6824660003568566e+00,7.6875000000000004e-01,1.3000000000000000e+00,0.0000000000000000e+00,3.1415926535897931e+00,1.1271847301821557e+01,7.9192405405540145e-01,-7.3677622732302259e+00,1.5183275977642392e-02,6.3623512312445058e-03,3.8414919987682139e+00,7.1975887211633138e-01,9.7398002754705448e-01,0.0000000000000000e+00,0.0000000000000000e+00,True,1,1,-4.8671446733031737e-17,-9.1880923884254556e-17,-5.5256242232324761e-02,1.4901161193847656e-08,-5.5256243500752020e-02,-5.5256243500718630e-02,1.2088785556249248e-10,2.2204460492503131e-16,-2.3730219718631979e-10,-2.3730153105928128e-10
polarized,h_in_plus_minus_h_in_minus,user_frame_independent,s,2.1946160879999997e+01,qOut,7.6875000000000004e-01,2.1946160879999997e+01,4.6846729747123224e+00,2.2484298257012960e+00,1.7605576707013990e+00,7.6875000000000004e-01,1.3000000000000000e+00,0.0000000000000000e+00,3.1415926535897931e+00,1.1969800130487743e+01,7.9602978990266915e-01,-7.9601678302798256e+00,1.3202550291581823e-02,5.2499037554223534e-03,3.9469184718450308e+00,7.1378754473253614e-01,7.2859875834945576e-01,-1.1102230246251565e-16,-2.2204460492503131e-16,True,1,1,-2.5517134567414112e-16,7.9394908056192863e-18,-5.0749308440537926e-02,6.1722630615993611e-09,-5.0749298510670754e-02,-5.0749298510645476e-02,-8.2219666620699243e-10,2.2204460492503151e-16,1.4215371694576090e-10,1.4215349576851772e-10
polarized,h_in_plus_minus_h_in_minus,user_frame_independent,s,2.3237111519999996e+01,qOut,7.6875000000000004e-01,2.3237111519999996e+01,4.8204887221110670e+00,2.3189834899363619e+00,1.8357579142841476e+00,7.6875000000000004e-01,1.3000000000000000e+00,0.0000000000000000e+00,3.1415926535897931e+00,1.2666090121257273e+01,7.9984544253293877e-01,-8.5541016413125206e+00,1.1568025557638389e-02,4.3771786934537257e-03,4.0494259320165238e+00,7.0830087080667559e-01,5.5401723915724288e-01,-8.3266726846886741e-17,-1.6653345369377348e-16,True,1,1,-8.5490442252155820e-18,4.2711915921840219e-17,-4.6915579727247851e-02,0.0000000000000000e+00,-4.6915585634592527e-02,-4.6915585634627388e-02,-1.1416201371906380e-09,0.0000000000000000e+00,-6.3961278253113008e-10,-6.3961367157013525e-10
polarized,h_in_plus_minus_h_in_minus,user_frame_independent,s,2.4528062159999998e+01,qOut,7.6875000000000004e-01,2.4528062159999998e+01,4.9525813632892497e+00,2.3874638724051245e+00,1.9083743600159946e+00,7.6875000000000004e-01,1.3000000000000000e+00,0.0000000000000000e+00,3.1415926535897931e+00,1.3360864550103765e+01,8.0340672382648126e-01,-9.1494363585319078e+00,1.0204730006349815e-02,3.6834267678343443e-03,4.1492417490071745e+00,7.0323532143492951e-01,4.2740733240600381e-01,-8.3266726846886741e-17,-1.6653345369377348e-16,True,1,1,-1.9018270680490987e-17,-4.3847936745877671e-17,-4.3616802010049166e-02,0.0000000000000000e+00,-4.3616802153139518e-02,-4.3616802153170209e-02,0.0000000000000000e+00,8.0641339774605839e-33,-6.4002528553001132e-10,-6.4002572961922117e-10
polarized,h_in_plus_minus_h_in_minus,user_frame_independent,s,2.5819012799999996e+01,qOut,7.6875000000000004e-01,2.5819012799999996e+01,5.0812412656751498e+00,2.4540429686412759e+00,1.9786628460238329e+00,7.6875000000000004e-01,1.3000000000000000e+00,0.0000000000000000e+00,3.1415926535897931e+00,1.4054250304649798e+01,8.0674318526940758e-01,-9.7460616690216550e+00,9.0568573576841876e-03,3.1254230345348633e-03,4.2465655253836445e+00,6.9853859083039860e-01,3.3401755084786616e-01,5.5511151231257827e-17,1.1102230246251565e-16,True,1,1,-4.0312204637291560e-17,-7.0571168430258176e-17,-4.0749694929409767e-02,-1.4901161193847656e-08,-4.0749693526247112e-02,-4.0749693526287163e-02,-8.2525006050721172e-10,-2.2204460492503131e-16,-1.5489810768000737e-10,-1.5489944037454153e-10
polarized,h_in_plus_minus_h_in_minus,user_frame_independent,s,1.5491407679999998e+01,qOut,9.2500000000000004e-01,1.5491407679999998e+01,3.9359125600043505e+00,1.8561849961402406e+00,1.1826581443681112e+00,9.2500000000000004e-01,1.3000000000000000e+00,0.0000000000000000e+00,3.1415926535897931e+00,8.8826832040686483e+00,7.6081520445598338e-01,-4.5189186327444020e+00,3.4790711329908124e-02,1.9849357033700207e-02,3.6723785781786979e+00,7.9903958521757257e-01,3.7042784516229896e+00,0.0000000000000000e+00,5.5511151231257827e-17,True,1,1,-1.5291677643711245e-16,-3.0665564900462412e-16,-1.2584333123763269e-01,0.0000000000000000e+00,-1.2584333104634193e-01,-1.2584333104644058e-01,0.0000000000000000e+00,1.6733367005583106e-31,1.2699098161385834e-12,1.2696877732277243e-12
polarized,h_in_plus_minus_h_in_minus,user_frame_independent,s,1.6782358319999997e+01,qOut,9.2500000000000004e-01,1.6782358319999997e+01,4.0966276765163796e+00,1.9409274622587744e+00,1.2833883306609357e+00,9.2500000000000004e-01,1.3000000000000000e+00,0.0000000000000000e+00,3.1415926535897931e+00,9.6009416648592740e+00,7.6551784846354054e-01,-5.0938516952248305e+00,2.8645087401809956e-02,1.5207125832156627e-02,3.8206630323330661e+00,7.8866526668798786e-01,2.4492834115273370e+00,2.2204460492503131e-16,-5.5511151231257827e-17,True,1,1,-1.1707472530556686e-16,9.9063112713050138e-17,-1.0914071053161957e-01,0.0000000000000000e+00,-1.0914071622274420e-01,-1.0914071622274518e-01,0.0000000000000000e+00,3.1163075771337619e-33,-1.7136630435667490e-09,-1.7136632690808009e-09
polarized,h_in_plus_minus_h_in_minus,user_frame_independent,s,1.8073308959999999e+01,qOut,9.2500000000000004e-01,1.8073308959999999e+01,4.2512714521658115e+00,2.0221556249061430e+00,1.3777877910150782e+00,9.2500000000000004e-01,1.3000000000000000e+00,0.0000000000000000e+00,3.1415926535897931e+00,1.0316174476455814e+01,7.6988039339591818e-01,-5.6711868119501636e+00,2.3947531911329551e-02,1.1895033879546144e-02,3.9633801343723105e+00,7.7934905163107515e-01,1.6769406946800487e+00,3.3306690738754696e-16,1.1102230246251565e-16,True,1,1,-3.5937299550671663e-16,-2.3380715192709767e-16,-9.6249406030635545e-02,0.0000000000000000e+00,-9.6249410040461586e-02,-9.6249410040500041e-02,0.0000000000000000e+00,2.3799040748265281e-31,-1.5863839735927570e-09,-1.5863846414680715e-09
polarized,h_in_plus_minus_h_in_minus,user_frame_independent,s,1.9364259599999997e+01,qOut,9.2500000000000004e-01,1.9364259599999997e+01,4.4004840188324739e+00,2.1002707339571525e+00,1.4669781632248080e+00,9.2500000000000004e-01,1.3000000000000000e+00,0.0000000000000000e+00,3.1415926535897931e+00,1.1028727736324281e+01,7.7394600483466591e-01,-6.2506956070773132e+00,2.0279467602883947e-02,9.4684134803055004e-03,4.1011126037696153e+00,7.7091949502011292e-01,1.1819077034136365e+00,0.0000000000000000e+00,0.0000000000000000e+00,True,1,1,-3.7829646094797329e-17,-2.5731186292371466e-17,-8.6019371079959217e-02,0.0000000000000000e+00,-8.6019372975613018e-02,-8.6019372975567054e-02,0.0000000000000000e+00,5.4821087556466002e-33,-3.5159085496792256e-10,-3.5159085496792256e-10
polarized,h_in_plus_minus_h_in_minus,user_frame_independent,s,2.0655210239999995e+01,qOut,9.2500000000000004e-01,2.0655210239999995e+01,4.5448003520506806e+00,2.1756034047873034e+00,1.5517781215577959e+00,9.2500000000000004e-01,1.3000000000000000e+00,0.0000000000000000e+00,3.1415926535897931e+00,1.1738886527272506e+01,7.7775012394699050e-01,-6.8321835309652235e+00,1.7363173775182875e-02,7.6503395527644227e-03,4.2343482236013568e+00,7.6324203393736323e-01,8.5367236752861775e-01,-2.2204460492503131e-16,-2.2204460492503131e-16,True,1,1,-7.3111751562855023e-17,-8.2691159197126319e-17,-7.7713401813740507e-02,-1.4901161193847656e-08,-7.7713405116922832e-02,-7.7713405116890955e-02,-1.4621383426745433e-09,-2.2204460492503128e-16,-8.2004938980312879e-10,-8.2004872454345202e-10
polarized,h_in_plus_minus_h_in_minus,user_frame_independent,s,2.1946160879999997e+01,qOut,9.2500000000000004e-01,2.1946160879999997e+01,4.6846729747123224e+00,2.2484298257012960e+00,1.6328077331208772e+00,9.2500000000000004e-01,1.3000000000000000e+00,0.0000000000000000e+00,3.1415926535897931e+00,1.2446888934022974e+01,7.8132222514628769e-01,-7.4154832785151372e+00,1.5008455039207351e-02,6.2619001929866301e-03,4.3635001515113956e+00,7.5620931633562216e-01,6.2968509640490211e-01,-5.5511151231257827e-17,-5.5511151231257827e-17,True,1,1,6.5535647100446298e-19,6.2062844164189961e-17,-7.0841833148790848e-02,0.0000000000000000e+00,-7.0841833073009938e-02,-7.0841833073009938e-02,0.0000000000000000e+00,-7.2548455130125430e-33,-9.6450701597564428e-10,-9.6450701597564428e-10
polarized,h_in_plus_minus_h_in_minus,user_frame_independent,s,2.3237111519999996e+01,qOut,9.2500000000000004e-01,2.3237111519999996e+01,4.8204887221110670e+00,2.3189834899363619e+00,1.7105505720063889e+00,9.2500000000000004e-01,1.3000000000000000e+00,0.0000000000000000e+00,3.1415926535897931e+00,1.3152936185606775e+01,7.8468709448134766e-01,-8.0004497577083349e+00,1.3081592101984044e-02,5.1838560129169858e-03,4.4889219702401872e+00,7.4973447183795072e-01,4.7301686531409121e-01,0.0000000000000000e+00,0.0000000000000000e+00,True,1,1,-4.1542844222040615e-17,-7.3003690444003832e-17,-6.5067197761385975e-02,-2.1073424255447017e-08,-6.5067199812236645e-02,-6.5067199812266344e-02,-1.7751280116442623e-09,-4.4408920985006271e-16,-2.9922045916041303e-10,-2.9922112616158954e-10
polarized,h_in_plus_minus_h_in_minus,user_frame_independent,s,2.4528062159999998e+01,qOut,9.2500000000000004e-01,2.4528062159999998e+01,4.9525813632892497e+00,2.3874638724051245e+00,1.7853927997451962e+00,9.2500000000000004e-01,1.3000000000000000e+00,0.0000000000000000e+00,3.1415926535897931e+00,1.3857200153922323e+01,7.8786577947772585e-01,-8.5869561869038744e+00,1.1486202310278472e-02,4.3346475200757408e-03,4.6109190509079028e+00,7.4374631889095455e-01,3.6105693828937835e-01,0.0000000000000000e+00,1.1102230246251565e-16,True,1,1,-2.9065732877873876e-16,-9.4058191095778383e-17,-6.0149644695200177e-02,-1.4901161193847656e-08,-6.0149646468301697e-02,-6.0149646468361836e-02,-1.1732497044737660e-09,-2.2204460492503118e-16,-2.4180661246648964e-10,-2.4180816679227665e-10
polarized,h_in_plus_minus_h_in_minus,user_frame_independent,s,2.5819012799999996e+01,qOut,9.2500000000000004e-01,2.5819012799999996e+01,5.0812412656751498e+00,2.4540429686412759e+00,1.8576488778874476e+00,9.2500000000000004e-01,1.3000000000000000e+00,0.0000000000000000e+00,3.1415926535897931e+00,1.4559829003033167e+01,7.9087630792979280e-01,-9.1748910277007845e+00,1.0151648953746999e-02,3.6570759686139643e-03,4.7297572753076125e+00,7.3818588045086653e-01,2.7952959161136631e-01,-1.3877787807814457e-17,-1.1102230246251565e-16,True,1,1,-6.5574322540834100e-17,1.2783411354981850e-17,-5.5913893283613417e-02,0.0000000000000000e+00,-5.5913894206229241e-02,-5.5913894206201901e-02,0.0000000000000000e+00,4.9714164029502540e-33,-1.1815851134978558e-10,-1.1815806726057573e-10
polarized,h_in_plus_minus_h_in_minus,user_frame_independent,s,1.5491407679999998e+01,qOut,1.0812500000000000e+00,1.5491407679999998e+01,3.9359125600043505e+00,1.8561849961402406e+00,1.0076550243527989e+00,1.0812500000000000e+00,1.3000000000000000e+00,0.0000000000000000e+00,3.1415926535897931e+00,9.3545881392329662e+00,7.5858482380149372e-01,-3.9664975477699302e+00,4.2706872718576497e-02,2.6286817687729860e-02,3.8568868738346946e+00,8.4396381408150978e-01,4.1813977433806553e+00,2.2204460492503131e-16,-5.5511151231257827e-17,True,1,1,-1.4396975076885968e-16,-2.5552313713035101e-16,-1.8459978604549646e-01,2.5809568279517847e-08,-1.8459978179610337e-01,-1.8459978179615866e-01,5.9846136555161025e-11,6.6613381477509402e-16,-1.4971641901531687e-09,-1.4971644121969266e-09
polarized,h_in_plus_minus_h_in_minus,user_frame_independent,s,1.6782358319999997e+01,qOut,1.0812500000000000e+00,1.6782358319999997e+01,4.0966276765163796e+00,1.9409274622587744e+00,1.1184602683181741e+00,1.0812500000000000e+00,1.3000000000000000e+00,0.0000000000000000e+00,3.1415926535897931e+00,1.0083117634803971e+01,7.6157782371751570e-01,-4.5337714279105912e+00,3.4608584526544604e-02,1.9707064332971452e-02,4.0364995318894925e+00,8.3255848102223073e-01,2.6451855793743486e+00,0.0000000000000000e+00,0.0000000000000000e+00,True,1,1,-1.2149338908924580e-16,-2.3949722406111516e-16,-1.5783831376866123e-01,0.0000000000000000e+00,-1.5783831508389587e-01,-1.5783831508394247e-01,0.0000000000000000e+00,1.3872459124229405e-31,-2.0311565212396013e-09,-2.0311565177718485e-09
polarized,h_in_plus_minus_h_in_minus,user_frame_independent,s,1.8073308959999999e+01,qOut,1.0812500000000000e+00,1.8073308959999999e+01,4.2512714521658115e+00,2.0221556249061430e+00,1.2206013935507534e+00,1.0812500000000000e+00,1.3000000000000000e+00,0.0000000000000000e+00,3.1415926535897931e+00,1.0808348720393452e+01,7.6452855837580014e-01,-5.1032550210171701e+00,2.8558190173761332e-02,1.5143914573532688e-02,4.2087679844420718e+00,8.2224686750026243e-01,1.7480867501585937e+00,-1.1102230246251565e-16,-5.5511151231257827e-17,True,1,1,-1.5837922853839530e-16,-3.9709721878634168e-16,-1.3671687698814419e-01,-1.4901161193847656e-08,-1.3671687434087654e-01,-1.3671687434087576e-01,-2.4231081384384202e-09,-2.2204460492503111e-16,-2.5950033091191307e-10,-2.5950011233675510e-10
polarized,h_in_plus_minus_h_in_minus,user_frame_independent,s,1.9364259599999997e+01,qOut,1.0812500000000000e+00,1.9364259599999997e+01,4.4004840188324739e+00,2.1002707339571525e+00,1.3159614119354948e+00,1.0812500000000000e+00,1.3000000000000000e+00,0.0000000000000000e+00,3.1415926535897931e+00,1.1530642742235631e+01,7.6741319948943465e-01,-5.6748040796810351e+00,2.3921741177262791e-02,1.1877469670113609e-02,4.3745393023888894e+00,8.1286519248271638e-01,1.1969260767678271e+00,-1.1102230246251565e-16,-1.6653345369377348e-16,True,1,1,-5.4060841758810446e-17,-2.5880072893529367e-16,-1.2042839254036861e-01,-1.4901161193847656e-08,-1.2042839498653696e-01,-1.2042839498653696e-01,-2.1670581694218943e-09,-2.2204460492503118e-16,-1.9136839643085909e-09,-1.9136839643085909e-09
polarized,h_in_plus_minus_h_in_minus,user_frame_independent,s,2.0655210239999995e+01,qOut,1.0812500000000000e+00,2.0655210239999995e+01,4.5448003520506806e+00,2.1756034047873034e+00,1.4058151221497455e+00,1.0812500000000000e+00,1.3000000000000000e+00,0.0000000000000000e+00,3.1415926535897931e+00,1.2250299940054999e+01,7.7021868018001627e-01,-6.2482820158363426e+00,2.0293000739459523e-02,9.4770944815560192e-03,4.5345074882428520e+00,8.0428161153984568e-01,8.4397150940833054e-01,1.1102230246251565e-16,0.0000000000000000e+00,True,1,1,-1.8657996264133720e-16,-2.3786133697310988e-17,-1.0753893058413176e-01,0.0000000000000000e+00,-1.0753893529987898e-01,-1.0753893529991185e-01,0.0000000000000000e+00,4.2509320980544553e-32,-1.1900362286310778e-09,-1.1900364506756828e-09
polarized,h_in_plus_minus_h_in_minus,user_frame_independent,s,2.1946160879999997e+01,qOut,1.0812500000000000e+00,2.1946160879999997e+01,4.6846729747123224e+00,2.2484298257012960e+00,1.4910742573534139e+00,1.0812500000000000e+00,1.3000000000000000e+00,0.0000000000000000e+00,3.1415926535897931e+00,1.2967572924401388e+01,7.7293850400411646e-01,-6.8235619955569948e+00,1.7401868972879736e-02,7.6737580046392579e-03,4.6892499131444296e+00,7.9638880080996044e-01,6.1001692166516142e-01,5.5511151231257827e-17,5.5511151231257827e-17,True,1,1,-2.3580939204022286e-16,-4.7926621169326073e-16,-9.7094090819267162e-02,0.0000000000000000e+00,-9.7094089612419041e-02,-9.7094089612401763e-02,0.0000000000000000e+00,3.6849545786524527e-31,-5.5090945134505642e-10,-5.5090878521801790e-10
polarized,h_in_plus_minus_h_in_minus,user_frame_independent,s,2.3237111519999996e+01,qOut,1.0812500000000000e+00,2.3237111519999996e+01,4.8204887221110670e+00,2.3189834899363619e+00,1.5724184600512077e+00,1.0812500000000000e+00,1.3000000000000000e+00,0.0000000000000000e+00,3.1415926535897931e+00,1.3682676576349337e+01,7.7557023107485701e-01,-7.4005274360616822e+00,1.5062935617906462e-02,6.2931533818837834e-03,4.8392532440239080e+00,7.8909848015153383e-01,4.5035305229331668e-01,-2.7755575615628914e-17,-1.1102230246251565e-16,True,1,1,-8.5077522702853754e-17,-1.0635897597249737e-16,-8.8463262897216760e-02,-2.1073424255447017e-08,-8.8463261085248185e-02,-8.8463261085248185e-02,-2.3444434844802092e-09,-4.4408920985006271e-16,-6.2925722769111622e-10,-6.2925722769111622e-10
polarized,h_in_plus_minus_h_in_minus,user_frame_independent,s,2.4528062159999998e+01,qOut,1.0812500000000000e+00,2.4528062159999998e+01,4.9525813632892497e+00,2.3874638724051245e+00,1.6503710307641957e+00,1.0812500000000000e+00,1.3000000000000000e+00,0.0000000000000000e+00,3.1415926535897931e+00,1.4395795460648310e+01,7.7811393231949200e-01,-7.9790717248264142e+00,1.3145592297328375e-02,5.2187681888310328e-03,4.9849323594571340e+00,7.8233732854337978e-01,3.3863446620098392e-01,0.0000000000000000e+00,-1.1102230246251565e-16,True,1,1,-1.3132925460715843e-16,4.5062674200625056e-17,-8.1215132151762764e-02,1.4901161193847656e-08,-8.1215133793120758e-02,-8.1215133793147584e-02,1.4245841115719325e-10,2.2204460492503131e-16,-6.7798261467043753e-10,-6.7798305874609485e-10
polarized,h_in_plus_minus_h_in_minus,user_frame_independent,s,2.5819012799999996e+01,qOut,1.0812500000000000e+00,2.5819012799999996e+01,5.0812412656751498e+00,2.4540429686412759e+00,1.7253455012265762e+00,1.0812500000000000e+00,1.3000000000000000e+00,0.0000000000000000e+00,3.1415926535897931e+00,1.5107089472449843e+01,7.8057122018688319e-01,-8.5590975825856859e+00,1.1555531263902028e-02,4.3706753471649401e-03,5.1266444504106561e+00,7.7604390419220792e-01,2.5875139414343895e-01,2.7755575615628914e-17,5.5511151231257827e-17,True,1,1,-7.2839088856810024e-17,-2.2080236494786593e-16,-7.5044936648570509e-02,0.0000000000000000e+00,-7.5044943096082811e-02,-7.5044943096108763e-02,0.0000000000000000e+00,7.1715237688002936e-32,-1.1982647697705590e-09,-1.1982652138597689e-09
polarized,h_in_plus_minus_h_in_minus,user_frame_independent,s,1.5491407679999998e+01,qOut,1.2375000000000000e+00,1.5491407679999998e+01,3.9359125600043505e+00,1.8561849961402406e+00,7.9328957693511026e-01,1.2375000000000000e+00,1.3000000000000000e+00,0.0000000000000000e+00,3.1415926535897931e+00,9.8835918411940042e+00,7.6474304165555951e-01,-3.3501012235674184e+00,5.5116965110516572e-02,3.7286012417998775e-02,3.9203211634711952e+00,8.8450964508031349e-01,5.7360423691532070e+00,-4.4408920985006262e-16,-1.1102230246251565e-16,True,1,1,-1.5516569412395212e-16,-8.6024153941630221e-17,-2.7896360060936198e-01,0.0000000000000000e+00,-2.7896360868521414e-01,-2.7896360868522668e-01,0.0000000000000000e+00,4.4293582612923700e-32,-6.2106603606151313e-09,-6.2106605826461837e-09
polarized,h_in_plus_minus_h_in_minus,user_frame_independent,s,1.6782358319999997e+01,qOut,1.2375000000000000e+00,1.6782358319999997e+01,4.0966276765163796e+00,1.9409274622587744e+00,9.2250253770573365e-01,1.2375000000000000e+00,1.3000000000000000e+00,0.0000000000000000e+00,3.1415926535897931e+00,1.0620410872921164e+01,7.6534845030729748e-01,-3.9124749074805116e+00,4.3620021576834866e-02,2.7059902277596651e-02,4.1360025101577822e+00,8.7260222527370468e-01,3.3845779561050446e+00,0.0000000000000000e+00,-5.5511151231257827e-17,True,1,1,-3.5571494554846340e-16,-3.9408709343346694e-16,-2.2887131613038414e-01,-1.4901161193847656e-08,-2.2887131799791652e-01,-2.2887131799791605e-01,-4.0099392836118023e-09,-2.2204460492503101e-16,-2.8587530563609271e-09,-2.8587528412552161e-09
polarized,h_in_plus_minus_h_in_minus,user_frame_independent,s,1.8073308959999999e+01,qOut,1.2375000000000000e+00,1.8073308959999999e+01,4.2512714521658115e+00,2.0221556249061430e+00,1.0376726523813047e+00,1.2375000000000000e+00,1.3000000000000000e+00,0.0000000000000000e+00,3.1415926535897931e+00,1.1353944679440483e+01,7.6633277490206508e-01,-4.4764339986016806e+00,3.5319409918058868e-02,2.0263924251533609e-02,4.3418448879293603e+00,8.6171958949744143e-01,2.1183816146896244e+00,4.4408920985006262e-16,1.1102230246251565e-16,True,1,1,-6.1690401321108562e-17,-4.6273821590873061e-16,-1.9570455600283901e-01,0.0000000000000000e+00,-1.9570456470455108e-01,-1.9570456470467520e-01,0.0000000000000000e+00,3.0159066086945604e-31,-3.4372066388427432e-09,-3.4372073049769815e-09
polarized,h_in_plus_minus_h_in_minus,user_frame_independent,s,1.9364259599999997e+01,qOut,1.2375000000000000e+00,1.9364259599999997e+01,4.4004840188324739e+00,2.1002707339571525e+00,1.1428475161499776e+00,1.2375000000000000e+00,1.3000000000000000e+00,0.0000000000000000e+00,3.1415926535897931e+00,1.2084509582505412e+01,7.6757347405014142e-01,-5.0420149830114287e+00,2.9131135970675331e-02,1.5561966930029113e-02,4.5391165973826801e+00,8.5173275263774595e-01,1.3887338307002932e+00,-3.3306690738754696e-16,-1.1102230246251565e-16,True,1,1,-4.7868054522167050e-17,-3.2454047632938165e-16,-1.6934110552583487e-01,0.0000000000000000e+00,-1.6934110648026046e-01,-1.6934110648033376e-01,0.0000000000000000e+00,2.2351008849320723e-31,-9.6122168221082977e-10,-9.6122123811992585e-10
polarized,h_in_plus_minus_h_in_minus,user_frame_independent,s,2.0655210239999995e+01,qOut,1.2375000000000000e+00,2.0655210239999995e+01,4.5448003520506806e+00,2.1756034047873034e+00,1.2404179726469606e+00,1.2375000000000000e+00,1.3000000000000000e+00,0.0000000000000000e+00,3.1415926535897931e+00,1.2812376778551149e+01,7.6898724675262897e-01,-5.6092088488892671e+00,2.4395722812683113e-02,1.2201492438501799e-02,4.7288316753546651e+00,8.4253127106210379e-01,9.4504050246421789e-01,1.6653345369377348e-16,2.2204460492503131e-16,True,1,1,-2.1010911133035122e-16,-5.2215588955837391e-16,-1.4867650486399711e-01,0.0000000000000000e+00,-1.4867650335567187e-01,-1.4867650335562280e-01,0.0000000000000000e+00,4.5367841686188307e-31,-4.4399475922882897e-10,-4.4399409656107301e-10
polarized,h_in_plus_minus_h_in_minus,user_frame_independent,s,2.1946160879999997e+01,qOut,1.2375000000000000e+00,2.1946160879999997e+01,4.6846729747123224e+00,2.2484298257012960e+00,1.3319372285381950e+00,1.2375000000000000e+00,1.3000000000000000e+00,0.0000000000000000e+00,3.1415926535897931e+00,1.3537780218369468e+01,7.7051627059149097e-01,-6.1779806838504623e+00,2.0693177099546149e-02,9.7345408945789386e-03,4.9118163424390406e+00,8.3402108972778877e-01,6.6319761927905829e-01,0.0000000000000000e+00,0.0000000000000000e+00,True,1,1,-9.0902951783604455e-17,-1.6968405038296563e-16,-1.3242860012982799e-01,0.0000000000000000e+00,-1.3242859547284233e-01,-1.3242859547287977e-01,0.0000000000000000e+00,7.2588632417853130e-32,-5.5827427693878407e-10,-5.5827472102799392e-10
polarized,h_in_plus_minus_h_in_minus,user_frame_independent,s,2.3237111519999996e+01,qOut,1.2375000000000000e+00,2.3237111519999996e+01,4.8204887221110670e+00,2.3189834899363619e+00,1.4184830518871481e+00,1.2375000000000000e+00,1.3000000000000000e+00,0.0000000000000000e+00,3.1415926535897931e+00,1.4260923009584898e+01,7.7211973226713815e-01,-6.7482812752842083e+00,1.7745013066339421e-02,7.8823891345507283e-03,5.0887546361778293e+00,8.2612213810298118e-01,4.7757026101412209e-01,5.5511151231257827e-17,5.5511151231257827e-17,True,1,1,-1.6687481220124771e-16,-1.8382622438798481e-16,-1.1934128616785472e-01,2.1073424255447017e-08,-1.1934128744825354e-01,-1.1934128744825265e-01,1.6926591298877388e-10,4.4408920985006281e-16,-1.5348847517339284e-09,-1.5348845262198765e-09
polarized,h_in_plus_minus_h_in_minus,user_frame_independent,s,2.4528062159999998e+01,qOut,1.2375000000000000e+00,2.4528062159999998e+01,4.9525813632892497e+00,2.3874638724051245e+00,1.5008404516571705e+00,1.2375000000000000e+00,1.3000000000000000e+00,0.0000000000000000e+00,3.1415926535897931e+00,1.4981982583852012e+01,7.7376844319789939e-01,-7.3200540907349474e+00,1.5360954350393499e-02,6.4649381576616979e-03,5.2602206795125390e+00,8.1876609613299289e-01,3.5153886256122024e-01,-2.7755575615628914e-17,-5.5511151231257827e-17,True,1,1,-1.0416639488871266e-16,-2.1561019871586876e-16,-1.0857504274027480e-01,0.0000000000000000e+00,-1.0857504803587900e-01,-1.0857504803593836e-01,0.0000000000000000e+00,7.2445911478220772e-32,-1.2318282624742606e-09,-1.2318295964766136e-09
polarized,h_in_plus_minus_h_in_minus,user_frame_independent,s,2.5819012799999996e+01,qOut,1.2375000000000000e+00,2.5819012799999996e+01,5.0812412656751498e+00,2.4540429686412759e+00,1.5796028702084461e+00,1.2375000000000000e+00,1.3000000000000000e+00,0.0000000000000000e+00,3.1415926535897931e+00,1.5701114867259808e+01,7.7544131993961052e-01,-7.8932395159698912e+00,1.3407124382167641e-02,5.3620828522840600e-03,5.4267020786267679e+00,8.1189445840258223e-01,2.6371948080734853e-01,0.0000000000000000e+00,-5.5511151231257827e-17,True,1,1,-1.5569509883805087e-16,-1.6171165091256617e-16,-9.9562803616090809e-02,2.1073424255447017e-08,-9.9562801442348345e-02,-9.9562801442295928e-02,2.0224152732880574e-10,4.4408920985006291e-16,-3.4974454118951760e-10,-3.4974387330742682e-10
polarized,h_in_plus_minus_h_in_minus,user_frame_independent,s,1.5491407679999998e+01,qOut,1.3937500000000000e+00,1.5491407679999998e+01,3.9359125600043505e+00,1.8561849961402406e+00,4.9813947415992171e-01,1.3937500000000000e+00,1.3000000000000000e+00,0.0000000000000000e+00,3.1415926535897931e+00,1.0480222766067119e+01,7.7973581771722689e-01,-2.6579332495374404e+00,7.6651860014282189e-02,5.8612681767733002e-02,3.8403565803599156e+00,9.1986974431931812e-01,1.0241369936429383e+01,2.6645352591003757e-15,2.2204460492503131e-16,True,1,1,-8.1826330329867552e-16,-7.8396133527833180e-16,-5.4393722509559073e-01,0.0000000000000000e+00,-5.4393722533106270e-01,-5.4393722533108368e-01,0.0000000000000000e+00,1.4403531900489314e-30,-1.4404767025456150e-09,-1.4404775907782448e-09
polarized,h_in_plus_minus_h_in_minus,user_frame_independent,s,1.6782358319999997e+01,qOut,1.3937500000000000e+00,1.6782358319999997e+01,4.0966276765163796e+00,1.9409274622587744e+00,6.7367752112574220e-01,1.3937500000000000e+00,1.3000000000000000e+00,0.0000000000000000e+00,3.1415926535897931e+00,1.1222380161568578e+01,7.7709065139300992e-01,-3.2193456273472560e+00,5.8430336067380219e-02,4.0392429879843719e-02,4.0989966781990557e+00,9.0812890019567949e-01,5.3867494141281416e+00,8.8817841970012523e-16,1.1102230246251565e-16,True,1,1,-7.4726340112545032e-16,-6.2250901849853068e-16,-3.6984984209998822e-01,0.0000000000000000e+00,-3.6984984376151908e-01,-3.6984984376153579e-01,0.0000000000000000e+00,1.0303225852425187e-30,-3.9244524214262621e-09,-3.9244526434708670e-09
polarized,h_in_plus_minus_h_in_minus,user_frame_independent,s,1.8073308959999999e+01,qOut,1.3937500000000000e+00,1.8073308959999999e+01,4.2512714521658115e+00,2.0221556249061430e+00,8.1531709575196998e-01,1.3937500000000000e+00,1.3000000000000000e+00,0.0000000000000000e+00,3.1415926535897931e+00,1.1961725692522926e+01,7.7542280670980712e-01,-3.7810635102307355e+00,4.5965222964607262e-02,2.9072863764960308e-02,4.3441872714242011e+00,8.9720536260930173e-01,3.0918472288164200e+00,-4.4408920985006262e-16,-1.1102230246251565e-16,True,1,1,-2.9177853209815125e-16,-7.3107968967625464e-17,-2.8909471338018794e-01,0.0000000000000000e+00,-2.8909471605358594e-01,-2.8909471605364567e-01,0.0000000000000000e+00,1.2775866759998116e-31,-1.5854971422874799e-09,-1.5854980304658996e-09
polarized,h_in_plus_minus_h_in_minus,user_frame_independent,s,1.9364259599999997e+01,qOut,1.3937500000000000e+00,1.9364259599999997e+01,4.4004840188324739e+00,2.1002707339571525e+00,9.3816336410222778e-01,1.3937500000000000e+00,1.3000000000000000e+00,0.0000000000000000e+00,3.1415926535897931e+00,1.2698427550993587e+01,7.7446160824276034e-01,-4.3434579828776476e+00,3.7053018119288121e-02,2.1638958327833874e-02,4.5778748606842905e+00,8.8704229370810517e-01,1.8949169403935087e+00,5.5511151231257827e-16,1.1102230246251565e-16,True,1,1,-8.6260643241016692e-17,-4.7162288699050909e-16,-2.4176750212330275e-01,1.4901161193847656e-08,-2.4176750362670116e-01,-2.4176750362657537e-01,6.0522774522252952e-11,2.2204460492503175e-16,-4.5641520473892791e-09,-4.5641513951332521e-09
polarized,h_in_plus_minus_h_in_minus,user_frame_independent,s,2.0655210239999995e+01,qOut,1.3937500000000000e+00,2.0655210239999995e+01,4.5448003520506806e+00,2.1756034047873034e+00,1.0485812405024570e+00,1.3937500000000000e+00,1.3000000000000000e+00,0.0000000000000000e+00,3.1415926535897931e+00,1.3432653729946704e+01,7.7402066227744659e-01,-4.9067566995857588e+00,3.0457528696517116e-02,1.6541445447680540e-02,4.8015767672083154e+00,8.7757598451208385e-01,1.2220765793767732e+00,-1.1102230246251565e-16,0.0000000000000000e+00,True,1,1,-3.2278073569258709e-16,-8.7880829009713455e-17,-2.0892946018701813e-01,-6.1722630615993611e-09,-2.0892946194294557e-01,-2.0892946194288889e-01,-5.0976880988858996e-09,-2.2204460492503121e-16,-7.4047773809098603e-10,-7.4047796707406134e-10
polarized,h_in_plus_minus_h_in_minus,user_frame_independent,s,2.1946160879999997e+01,qOut,1.3937500000000000e+00,2.1946160879999997e+01,4.6846729747123224e+00,2.2484298257012960e+00,1.1499655763005365e+00,1.3937500000000000e+00,1.3000000000000000e+00,0.0000000000000000e+00,3.1415926535897931e+00,1.4164564778824598e+01,7.7396820560346102e-01,-5.4710961567687253e+00,2.5439407323345164e-02,1.2923118226600343e-02,5.0165022898678941e+00,8.6874336757306492e-01,8.2090321306757175e-01,0.0000000000000000e+00,0.0000000000000000e+00,True,1,1,-2.1859232007875896e-16,-3.5981177871058308e-16,-1.8261910966599229e-01,0.0000000000000000e+00,-1.8261911125836333e-01,-1.8261911125829500e-01,0.0000000000000000e+00,2.8188797211232469e-31,-1.0122639332454269e-09,-1.0122637181397159e-09
polarized,h_in_plus_minus_h_in_minus,user_frame_independent,s,2.3237111519999996e+01,qOut,1.3937500000000000e+00,2.3237111519999996e+01,4.8204887221110670e+00,2.3189834899363619e+00,1.2443819376364686e+00,1.3937500000000000e+00,1.3000000000000000e+00,0.0000000000000000e+00,3.1415926535897931e+00,1.4894310717595781e+01,7.7420902254759039e-01,-6.0365537995327951e+00,2.1533430412087988e-02,1.0281177400375308e-02,5.2236334385932821e+00,8.6048530478867158e-01,5.7008440834632579e-01,0.0000000000000000e+00,5.5511151231257827e-17,True,1,1,-3.7919297764403477e-16,-6.7035489755462585e-17,-1.6187915110996767e-01,-2.1073424255447017e-08,-1.6187915430290656e-01,-1.6187915430293098e-01,-4.0560826031572077e-09,-4.4408920985006257e-16,-2.8292242012070885e-09,-2.8292248673409033e-09
polarized,h_in_plus_minus_h_in_minus,user_frame_independent,s,2.4528062159999998e+01,qOut,1.3937500000000000e+00,2.4528062159999998e+01,4.9525813632892497e+00,2.3874638724051245e+00,1.3331992732650106e+00,1.3937500000000000e+00,1.3000000000000000e+00,0.0000000000000000e+00,3.1415926535897931e+00,1.5622030059939441e+01,7.7467301263185817e-01,-6.6031683000384689e+00,1.8434566007490719e-02,8.3061385945185206e-03,5.4237804900833524e+00,8.5274782284158346e-01,4.0702496848915093e-01,0.0000000000000000e+00,-5.5511151231257827e-17,True,1,1,-3.0685945402920684e-16,-8.7616799289966135e-17,-1.4534490953642737e-01,0.0000000000000000e+00,-1.4534491072700226e-01,-1.4534491072700007e-01,0.0000000000000000e+00,1.2923522439160349e-31,-5.0732780905563034e-10,-5.0732714292181557e-10
polarized,h_in_plus_minus_h_in_minus,user_frame_independent,s,2.5819012799999996e+01,qOut,1.3937500000000000e+00,2.5819012799999996e+01,5.0812412656751498e+00,2.4540429686412759e+00,1.4173812745275152e+00,1.3937500000000000e+00,1.3000000000000000e+00,0.0000000000000000e+00,3.1415926535897931e+00,1.6347849895458815e+01,7.7530773695333377e-01,-7.1709526659885894e+00,1.5935999839769770e-02,6.7998592344263266e-03,5.6176212900761646e+00,8.4548235567237418e-01,2.9750071920943522e-01,-8.3266726846886741e-17,-1.6653345369377348e-16,True,1,1,-9.3665116825035023e-17,-1.2724048568666748e-16,-1.3186293605991384e-01,2.1073424255447017e-08,-1.3186294171852450e-01,-1.3186294171852050e-01,1.7380344751134366e-10,4.4408920985006271e-16,-1.5731637353883594e-09,-1.5731626251653348e-09
polarized,h_in_plus_minus_h_in_minus,user_frame_independent,s,1.6782358319999997e+01,qOut,1.5500000000000000e+00,1.6782358319999997e+01,4.0966276765163796e+00,1.9409274622587744e+00,2.6368625186633876e-01,1.5500000000000000e+00,1.3000000000000000e+00,0.0000000000000000e+00,3.1415926535897931e+00,1.1900930224384595e+01,7.9757242119092475e-01,-2.4411615502243360e+00,8.6022808962415459e-02,6.8669030556283123e-02,3.9003552750773327e+00,9.3830706259423369e-01,1.1785530207290655e+01,4.4408920985006262e-15,3.3306690738754696e-16,True,1,1,-5.0494105542807640e-15,-3.9519370584680730e-15,-9.3194423574976781e-01,-2.1073424255447017e-08,-9.3194423604279153e-01,-9.3194423604279164e-01,-2.3359507120873068e-08,-4.4408920985001642e-16,-2.8464133286715612e-09,-2.8464135507161661e-09
polarized,h_in_plus_minus_h_in_minus,user_frame_independent,s,1.8073308959999999e+01,qOut,1.5500000000000000e+00,1.8073308959999999e+01,4.2512714521658115e+00,2.0221556249061430e+00,5.1232703939945790e-01,1.5500000000000000e+00,1.3000000000000000e+00,0.0000000000000000e+00,3.1415926535897931e+00,1.2642482694428724e+01,7.9234662349761509e-01,-3.0052482085743333e+00,6.4531361695201461e-02,4.6284576329804067e-02,4.1931088528021352e+00,9.2801233400895933e-01,5.8373366629795047e+00,-4.4408920985006262e-16,-1.6653345369377348e-16,True,1,1,-1.5018125056078412e-15,-1.4135301184916777e-15,-5.4319932540503513e-01,0.0000000000000000e+00,-5.4319932492816803e-01,-5.4319932492816780e-01,0.0000000000000000e+00,4.5868837090601987e-30,-2.1810399544893409e-09,-2.1810396769335848e-09
polarized,h_in_plus_minus_h_in_minus,user_frame_independent,s,1.9364259599999997e+01,qOut,1.5500000000000000e+00,1.9364259599999997e+01,4.4004840188324739e+00,2.1002707339571525e+00,6.7932201214342680e-01,1.5500000000000000e+00,1.3000000000000000e+00,0.0000000000000000e+00,3.1415926535897931e+00,1.3382271800883668e+01,7.8846552981932050e-01,-3.5683178266527560e+00,5.0176188488291772e-02,3.2783190325164892e-02,4.4701236864974740e+00,9.1820871455525721e-01,3.2054365270066167e+00,0.0000000000000000e+00,1.1102230246251565e-16,True,1,1,-5.8110604760684708e-16,-7.7099269636119334e-16,-3.8431312384240957e-01,0.0000000000000000e+00,-3.8431312688883806e-01,-3.8431312688884728e-01,0.0000000000000000e+00,1.1416472038672676e-30,-3.1929407079997300e-09,-3.1929407079726250e-09
polarized,h_in_plus_minus_h_in_minus,user_frame_independent,s,2.0655210239999995e+01,qOut,1.5500000000000000e+00,2.0655210239999995e+01,4.5448003520506806e+00,2.1756034047873034e+00,8.1588073462222910e-01,1.5500000000000000e+00,1.3000000000000000e+00,0.0000000000000000e+00,3.1415926535897931e+00,1.4120240350710601e+01,7.8558776058564250e-01,-4.1310054081528831e+00,4.0093420404674139e-02,2.4108147057096182e-02,4.7337130475623566e+00,9.0891410961160335e-01,1.8994430160870313e+00,0.0000000000000000e+00,0.0000000000000000e+00,True,1,1,-2.7980473374433220e-16,-4.8198590127424733e-16,-3.0578384344403431e-01,0.0000000000000000e+00,-3.0578384986576190e-01,-3.0578384986572954e-01,0.0000000000000000e+00,3.6127489800054099e-31,-4.7725399830231947e-09,-4.7725397748631538e-09
polarized,h_in_plus_minus_h_in_minus,user_frame_independent,s,2.1946160879999997e+01,qOut,1.5500000000000000e+00,2.1946160879999997e+01,4.6846729747123224e+00,2.2484298257012960e+00,9.3507168021896492e-01,1.5500000000000000e+00,1.3000000000000000e+00,0.0000000000000000e+00,3.1415926535897931e+00,1.4856387007812813e+01,7.8347284538110784e-01,-4.6937413074200363e+00,3.2732604523561117e-02,1.8258008465202029e-02,4.9856802465057983e+00,9.0012047964212605e-01,1.1931406042598258e+00,-4.4408920985006262e-16,-1.6653345369377348e-16,True,1,1,-1.7442452913406655e-16,-5.7458303953096727e-16,-2.5827289399378633e-01,0.0000000000000000e+00,-2.5827289596401737e-01,-2.5827289596401698e-01,0.0000000000000000e+00,5.0920753877143161e-31,-1.0308101766252458e-09,-1.0308099823362165e-09
polarized,h_in_plus_minus_h_in_minus,user_frame_independent,s,2.3237111519999996e+01,qOut,1.5500000000000000e+00,2.3237111519999996e+01,4.8204887221110670e+00,2.3189834899363619e+00,1.0426130698098670e+00,1.5500000000000000e+00,1.3000000000000000e+00,0.0000000000000000e+00,3.1415926535897931e+00,1.5590742945056657e+01,7.8194710584195182e-01,-5.2568197183287255e+00,2.7191896962834472e-02,1.4159416652039110e-02,5.2274611161005691e+00,8.9180665943729942e-01,7.8477476902741028e-01,1.6653345369377348e-16,1.1102230246251565e-16,True,1,1,-4.0825040507041772e-16,-3.1498529356277843e-16,-2.2472243448655468e-01,0.0000000000000000e+00,-2.2472242771968665e-01,-2.2472242771974271e-01,0.0000000000000000e+00,3.6998256032426047e-31,-1.0789745335503326e-09,-1.0789754217279052e-09
polarized,h_in_plus_minus_h_in_minus,user_frame_independent,s,2.4528062159999998e+01,qOut,1.5500000000000000e+00,2.4528062159999998e+01,4.9525813632892497e+00,2.3874638724051245e+00,1.1416138143800101e+00,1.5500000000000000e+00,1.3000000000000000e+00,0.0000000000000000e+00,3.1415926535897931e+00,1.6323357855614756e+01,7.8088240975631906e-01,-5.8204422587585185e+00,2.2916080923056671e-02,1.1197836871844381e-02,5.4602197304812599e+00,8.8394539684405593e-01,5.3574635330454856e-01,-5.5511151231257827e-17,-5.5511151231257827e-17,True,1,1,-3.1673743389211015e-16,-2.0074973100500340e-16,-1.9788082982817209e-01,0.0000000000000000e+00,-1.9788082857936179e-01,-1.9788082857936179e-01,0.0000000000000000e+00,2.2189415989466371e-31,8.1444820454994052e-12,8.1444820454994052e-12
polarized,h_in_plus_minus_h_in_minus,user_frame_independent,s,2.5819012799999996e+01,qOut,1.5500000000000000e+00,2.5819012799999996e+01,5.0812412656751498e+00,2.4540429686412759e+00,1.2339881073211323e+00,1.5500000000000000e+00,1.3000000000000000e+00,0.0000000000000000e+00,3.1415926535897931e+00,1.7054291428334349e+01,7.8018248512466637e-01,-6.3847464676399941e+00,1.9547643817075216e-02,9.0025052653898274e-03,5.6849146484869735e+00,8.7650724256781665e-01,3.7714540802513158e-01,5.5511151231257827e-17,1.6653345369377348e-16,True,1,1,-5.7693221474740021e-16,-4.1841499766903176e-16,-1.7656280351697118e-01,0.0000000000000000e+00,-1.7656280402052843e-01,-1.7656280402052843e-01,0.0000000000000000e+00,6.1964551616829949e-31,-1.8264112496493173e-10,-1.8264112496493173e-10
