detail_id,selected_observable,selected_region,alpha_e,alpha_p,momentum,E,px,py,pz,p_abs,phi_xy,s,sqrt_s,pIn,pOut,theta_p_in,phi_p_in,theta_lepton_in,phi_lepton_in,theta_p_out,theta_gamma_out,phi_p_out,qOut,phi_gamma_out
max_c_e_gamma_mixing_angles_polarization_02_local_minimum_152,C_e_gamma,polarization_cluster_02_local_minimum_152,6.7960323754024032e-01,4.1850364771614379e-01,k,2.0853609443607130e-01,0.0000000000000000e+00,0.0000000000000000e+00,-2.0853546835663986e-01,2.0853546835663986e-01,0.0000000000000000e+00,1.3675834948297254e+00,1.1694372556190116e+00,2.0853546835663986e-01,1.6839237914632141e-01,0.0000000000000000e+00,0.0000000000000000e+00,3.1415926535897931e+00,0.0000000000000000e+00,1.7247222475201457e-01,3.1415906211209470e+00,1.2450374674230331e-04,1.8290410754068503e-01,5.8228545466567283e+00
max_c_e_gamma_mixing_angles_polarization_02_local_minimum_152,C_e_gamma,polarization_cluster_02_local_minimum_152,6.7960323754024032e-01,4.1850364771614379e-01,p,9.6090116118294022e-01,0.0000000000000000e+00,0.0000000000000000e+00,2.0853546835663986e-01,2.0853546835663986e-01,0.0000000000000000e+00,1.3675834948297254e+00,1.1694372556190116e+00,2.0853546835663986e-01,1.6839237914632141e-01,0.0000000000000000e+00,0.0000000000000000e+00,3.1415926535897931e+00,0.0000000000000000e+00,1.7247222475201457e-01,3.1415906211209470e+00,1.2450374674230331e-04,1.8290410754068503e-01,5.8228545466567283e+00
max_c_e_gamma_mixing_angles_polarization_02_local_minimum_152,C_e_gamma,polarization_cluster_02_local_minimum_152,6.7960323754024032e-01,4.1850364771614379e-01,kp,3.3537873507096388e-02,-2.8899566307594812e-02,-3.4329163355435112e-06,1.7010082154390455e-02,3.3533980369933665e-02,3.1417114414042140e+00,1.3675834948297254e+00,1.1694372556190116e+00,2.0853546835663986e-01,1.6839237914632141e-01,0.0000000000000000e+00,0.0000000000000000e+00,3.1415926535897931e+00,0.0000000000000000e+00,1.7247222475201457e-01,3.1415906211209470e+00,1.2450374674230331e-04,1.8290410754068503e-01,5.8228545466567283e+00
max_c_e_gamma_mixing_angles_polarization_02_local_minimum_152,C_e_gamma,polarization_cluster_02_local_minimum_152,6.7960323754024032e-01,4.1850364771614379e-01,pp,9.5299527457094890e-01,2.8899233257461965e-02,3.5980628371252038e-06,1.6589402538591680e-01,1.6839237914632141e-01,1.2450374674230331e-04,1.3675834948297254e+00,1.1694372556190116e+00,2.0853546835663986e-01,1.6839237914632141e-01,0.0000000000000000e+00,0.0000000000000000e+00,3.1415926535897931e+00,0.0000000000000000e+00,1.7247222475201457e-01,3.1415906211209470e+00,1.2450374674230331e-04,1.8290410754068503e-01,5.8228545466567283e+00
max_c_e_gamma_mixing_angles_polarization_02_local_minimum_152,C_e_gamma,polarization_cluster_02_local_minimum_152,6.7960323754024032e-01,4.1850364771614379e-01,qout,1.8290410754068503e-01,3.3305013284908286e-07,-1.6514650158169244e-07,-1.8290410754030725e-01,1.8290410754068503e-01,5.8228545466567283e+00,1.3675834948297254e+00,1.1694372556190116e+00,2.0853546835663986e-01,1.6839237914632141e-01,0.0000000000000000e+00,0.0000000000000000e+00,3.1415926535897931e+00,0.0000000000000000e+00,1.7247222475201457e-01,3.1415906211209470e+00,1.2450374674230331e-04,1.8290410754068503e-01,5.8228545466567283e+00
max_c_e_gamma_mixing_angles_polarization_02_local_minimum_386,C_e_gamma,polarization_cluster_02_local_minimum_386,6.6113583757256456e-01,4.3404026526236161e-01,k,4.7272870667727625e-02,0.0000000000000000e+00,0.0000000000000000e+00,-4.7270108750042047e-02,4.7270108750042047e-02,0.0000000000000000e+00,9.7310963284387042e-01,9.8646319386172254e-01,4.7270108750042047e-02,2.7949916713623679e-02,0.0000000000000000e+00,0.0000000000000000e+00,3.1415926535897931e+00,0.0000000000000000e+00,1.4533041039808232e+00,3.1415723091043972e+00,4.4132452926958280e-04,1.7053969224517143e-02,8.6492232274506597e-01
max_c_e_gamma_mixing_angles_polarization_02_local_minimum_386,C_e_gamma,polarization_cluster_02_local_minimum_386,6.6113583757256456e-01,4.3404026526236161e-01,p,9.3919032319399487e-01,0.0000000000000000e+00,0.0000000000000000e+00,4.7270108750042047e-02,4.7270108750042047e-02,0.0000000000000000e+00,9.7310963284387042e-01,9.8646319386172254e-01,4.7270108750042047e-02,2.7949916713623679e-02,0.0000000000000000e+00,0.0000000000000000e+00,3.1415926535897931e+00,0.0000000000000000e+00,1.4533041039808232e+00,3.1415723091043972e+00,4.4132452926958280e-04,1.7053969224517143e-02,8.6492232274506597e-01
max_c_e_gamma_mixing_angles_polarization_02_local_minimum_386,C_e_gamma,polarization_cluster_02_local_minimum_386,6.6113583757256456e-01,4.3404026526236161e-01,kp,3.0992900266746885e-02,-2.7757444673647044e-02,-1.2513990408716213e-05,1.3777621551163520e-02,3.0988687403915933e-02,3.1420434872204828e+00,9.7310963284387042e-01,9.8646319386172254e-01,4.7270108750042047e-02,2.7949916713623679e-02,0.0000000000000000e+00,0.0000000000000000e+00,3.1415926535897931e+00,0.0000000000000000e+00,1.4533041039808232e+00,3.1415723091043972e+00,4.4132452926958280e-04,1.7053969224517143e-02,8.6492232274506597e-01
max_c_e_gamma_mixing_angles_polarization_02_local_minimum_386,C_e_gamma,polarization_cluster_02_local_minimum_386,6.6113583757256456e-01,4.3404026526236161e-01,pp,9.3841632437010514e-01,2.7757219604705397e-02,1.2249942671175305e-05,3.2763476698243221e-03,2.7949916713623683e-02,4.4132452926958280e-04,9.7310963284387042e-01,9.8646319386172254e-01,4.7270108750042047e-02,2.7949916713623679e-02,0.0000000000000000e+00,0.0000000000000000e+00,3.1415926535897931e+00,0.0000000000000000e+00,1.4533041039808232e+00,3.1415723091043972e+00,4.4132452926958280e-04,1.7053969224517143e-02,8.6492232274506597e-01
max_c_e_gamma_mixing_angles_polarization_02_local_minimum_386,C_e_gamma,polarization_cluster_02_local_minimum_386,6.6113583757256456e-01,4.3404026526236161e-01,qout,1.7053969224517143e-02,2.2506894164599554e-07,2.6404773754090839e-07,-1.7053969220987841e-02,1.7053969224517143e-02,8.6492232274506609e-01,9.7310963284387042e-01,9.8646319386172254e-01,4.7270108750042047e-02,2.7949916713623679e-02,0.0000000000000000e+00,0.0000000000000000e+00,3.1415926535897931e+00,0.0000000000000000e+00,1.4533041039808232e+00,3.1415723091043972e+00,4.4132452926958280e-04,1.7053969224517143e-02,8.6492232274506597e-01
max_c_e_gamma_mixing_angles_polarization_02_local_minimum_436,C_e_gamma,polarization_cluster_02_local_minimum_436,2.5540473402737125e+00,1.0464089089749444e+00,k,4.9637673771150831e-02,0.0000000000000000e+00,0.0000000000000000e+00,-4.9635043441950306e-02,4.9635043441950306e-02,0.0000000000000000e+00,9.7802209337397605e-01,9.8894999538600326e-01,4.9635043441950306e-02,1.3852667834726162e-02,0.0000000000000000e+00,0.0000000000000000e+00,3.1415926535897931e+00,0.0000000000000000e+00,1.3254400178889516e+00,3.1365956661802845e+00,3.1386516887335727e+00,2.5237726231128205e-02,6.2831485177655360e+00
max_c_e_gamma_mixing_angles_polarization_02_local_minimum_436,C_e_gamma,polarization_cluster_02_local_minimum_436,2.5540473402737125e+00,1.0464089089749444e+00,p,9.3931232161485245e-01,0.0000000000000000e+00,0.0000000000000000e+00,4.9635043441950306e-02,4.9635043441950306e-02,0.0000000000000000e+00,9.7802209337397605e-01,9.8894999538600326e-01,4.9635043441950306e-02,1.3852667834726162e-02,0.0000000000000000e+00,0.0000000000000000e+00,3.1415926535897931e+00,0.0000000000000000e+00,1.3254400178889516e+00,3.1365956661802845e+00,3.1386516887335727e+00,2.5237726231128205e-02,6.2831485177655360e+00
max_c_e_gamma_mixing_angles_polarization_02_local_minimum_436,C_e_gamma,polarization_cluster_02_local_minimum_436,2.5540473402737125e+00,1.0464089089749444e+00,kp,2.5609984536112722e-02,1.3311621858504367e-02,-3.9515377597094411e-05,2.1872570723263277e-02,2.5604886018356570e-02,6.2802168288116604e+00,9.7802209337397605e-01,9.8894999538600326e-01,4.9635043441950306e-02,1.3852667834726162e-02,0.0000000000000000e+00,0.0000000000000000e+00,3.1415926535897931e+00,0.0000000000000000e+00,1.3254400178889516e+00,3.1365956661802845e+00,3.1386516887335727e+00,2.5237726231128205e-02,6.2831485177655360e+00
max_c_e_gamma_mixing_angles_polarization_02_local_minimum_436,C_e_gamma,polarization_cluster_02_local_minimum_436,2.5540473402737125e+00,1.0464089089749444e+00,pp,9.3810228461833478e-01,-1.3437733933805105e-02,3.9520017186451516e-05,3.3648404169828359e-03,1.3852667834726164e-02,3.1386516887335727e+00,9.7802209337397605e-01,9.8894999538600326e-01,4.9635043441950306e-02,1.3852667834726162e-02,0.0000000000000000e+00,0.0000000000000000e+00,3.1415926535897931e+00,0.0000000000000000e+00,1.3254400178889516e+00,3.1365956661802845e+00,3.1386516887335727e+00,2.5237726231128205e-02,6.2831485177655360e+00
max_c_e_gamma_mixing_angles_polarization_02_local_minimum_436,C_e_gamma,polarization_cluster_02_local_minimum_436,2.5540473402737125e+00,1.0464089089749444e+00,qout,2.5237726231128205e-02,1.2611207530073809e-04,-4.6395893571024427e-09,-2.5237411140246111e-02,2.5237726231128205e-02,6.2831485177655360e+00,9.7802209337397605e-01,9.8894999538600326e-01,4.9635043441950306e-02,1.3852667834726162e-02,0.0000000000000000e+00,0.0000000000000000e+00,3.1415926535897931e+00,0.0000000000000000e+00,1.3254400178889516e+00,3.1365956661802845e+00,3.1386516887335727e+00,2.5237726231128205e-02,6.2831485177655360e+00
max_c_e_gamma_mixing_angles_polarization_02_local_minimum_448,C_e_gamma,polarization_cluster_02_local_minimum_448,7.9665556163605822e-01,6.2032625420527154e-01,k,4.6294940615416731e-02,0.0000000000000000e+00,0.0000000000000000e+00,-4.6292120351719264e-02,4.6292120351719264e-02,0.0000000000000000e+00,9.7108519190301490e-01,9.8543654889749999e-01,4.6292120351719264e-02,4.3097433053844725e-02,0.0000000000000000e+00,0.0000000000000000e+00,3.1415926535897931e+00,0.0000000000000000e+00,2.6796225257859192e-02,2.7398972391994376e+00,5.7005771885159522e+00,2.3622686299200689e-02,2.5586167937675763e+00
max_c_e_gamma_mixing_angles_polarization_02_local_minimum_448,C_e_gamma,polarization_cluster_02_local_minimum_448,7.9665556163605822e-01,6.2032625420527154e-01,p,9.3914160828208326e-01,0.0000000000000000e+00,0.0000000000000000e+00,4.6292120351719264e-02,4.6292120351719264e-02,0.0000000000000000e+00,9.7108519190301490e-01,9.8543654889749999e-01,4.6292120351719264e-02,4.3097433053844725e-02,0.0000000000000000e+00,0.0000000000000000e+00,3.1415926535897931e+00,0.0000000000000000e+00,2.6796225257859192e-02,2.7398972391994376e+00,5.7005771885159522e+00,2.3622686299200689e-02,2.5586167937675763e+00
max_c_e_gamma_mixing_angles_polarization_02_local_minimum_448,C_e_gamma,polarization_cluster_02_local_minimum_448,7.9665556163605822e-01,6.2032625420527154e-01,kp,2.2824305289261951e-02,6.7462397089968866e-03,-4.4491815333589048e-03,-2.1339653827616364e-02,2.2818584355970246e-02,5.7001569018579934e+00,9.7108519190301490e-01,9.8543654889749999e-01,4.6292120351719264e-02,4.3097433053844725e-02,0.0000000000000000e+00,0.0000000000000000e+00,3.1415926535897931e+00,0.0000000000000000e+00,2.6796225257859192e-02,2.7398972391994376e+00,5.7005771885159522e+00,2.3622686299200689e-02,2.5586167937675763e+00
max_c_e_gamma_mixing_angles_polarization_02_local_minimum_448,C_e_gamma,polarization_cluster_02_local_minimum_448,7.9665556163605822e-01,6.2032625420527154e-01,pp,9.3898955730925493e-01,9.6421833442542060e-04,-6.3532585196477526e-04,4.3081961189063933e-02,4.3097433053844725e-02,5.7005771885159522e+00,9.7108519190301490e-01,9.8543654889749999e-01,4.6292120351719264e-02,4.3097433053844725e-02,0.0000000000000000e+00,0.0000000000000000e+00,3.1415926535897931e+00,0.0000000000000000e+00,2.6796225257859192e-02,2.7398972391994376e+00,5.7005771885159522e+00,2.3622686299200689e-02,2.5586167937675763e+00
max_c_e_gamma_mixing_angles_polarization_02_local_minimum_448,C_e_gamma,polarization_cluster_02_local_minimum_448,7.9665556163605822e-01,6.2032625420527154e-01,qout,2.3622686299200689e-02,-7.7104580434223073e-03,5.0845073853236803e-03,-2.1742307361447569e-02,2.3622686299200689e-02,2.5586167937675763e+00,9.7108519190301490e-01,9.8543654889749999e-01,4.6292120351719264e-02,4.3097433053844725e-02,0.0000000000000000e+00,0.0000000000000000e+00,3.1415926535897931e+00,0.0000000000000000e+00,2.6796225257859192e-02,2.7398972391994376e+00,5.7005771885159522e+00,2.3622686299200689e-02,2.5586167937675763e+00
max_c_e_gamma_mixing_angles_polarization_02_local_minimum_479,C_e_gamma,polarization_cluster_02_local_minimum_479,7.3132652767215001e-01,1.1337550437394011e+00,k,4.6294940615416731e-02,0.0000000000000000e+00,0.0000000000000000e+00,-4.6292120351719264e-02,4.6292120351719264e-02,0.0000000000000000e+00,9.7108519190301490e-01,9.8543654889749999e-01,4.6292120351719264e-02,3.2081283890037011e-02,0.0000000000000000e+00,0.0000000000000000e+00,3.1415926535897931e+00,0.0000000000000000e+00,4.2683958481090556e-01,2.9295956361218725e+00,3.4582875937363888e+00,3.7602795552986658e-02,3.1424369375051431e-01
max_c_e_gamma_mixing_angles_polarization_02_local_minimum_479,C_e_gamma,polarization_cluster_02_local_minimum_479,7.3132652767215001e-01,1.1337550437394011e+00,p,9.3914160828208326e-01,0.0000000000000000e+00,0.0000000000000000e+00,4.6292120351719264e-02,4.6292120351719264e-02,0.0000000000000000e+00,9.7108519190301490e-01,9.8543654889749999e-01,4.6292120351719264e-02,3.2081283890037011e-02,0.0000000000000000e+00,0.0000000000000000e+00,3.1415926535897931e+00,0.0000000000000000e+00,4.2683958481090556e-01,2.9295956361218725e+00,3.4582875937363888e+00,3.7602795552986658e-02,3.1424369375051431e-01
max_c_e_gamma_mixing_angles_polarization_02_local_minimum_479,C_e_gamma,polarization_cluster_02_local_minimum_479,7.3132652767215001e-01,1.1337550437394011e+00,kp,9.2852949379272944e-03,5.0963814448526518e-03,1.6906230401184321e-03,7.5580600726760198e-03,9.2712233366151371e-03,3.2030693582824332e-01,9.7108519190301490e-01,9.8543654889749999e-01,4.6292120351719264e-02,3.2081283890037011e-02,0.0000000000000000e+00,0.0000000000000000e+00,3.1415926535897931e+00,0.0000000000000000e+00,4.2683958481090556e-01,2.9295956361218725e+00,3.4582875937363888e+00,3.7602795552986658e-02,3.1424369375051431e-01
max_c_e_gamma_mixing_angles_polarization_02_local_minimum_479,C_e_gamma,polarization_cluster_02_local_minimum_479,7.3132652767215001e-01,1.1337550437394011e+00,pp,9.3854845840586887e-01,-1.2621032128369909e-02,-4.1362326376778082e-03,2.9202909163554436e-02,3.2081283890037011e-02,3.4582875937363884e+00,9.7108519190301490e-01,9.8543654889749999e-01,4.6292120351719264e-02,3.2081283890037011e-02,0.0000000000000000e+00,0.0000000000000000e+00,3.1415926535897931e+00,0.0000000000000000e+00,4.2683958481090556e-01,2.9295956361218725e+00,3.4582875937363888e+00,3.7602795552986658e-02,3.1424369375051431e-01
max_c_e_gamma_mixing_angles_polarization_02_local_minimum_479,C_e_gamma,polarization_cluster_02_local_minimum_479,7.3132652767215001e-01,1.1337550437394011e+00,qout,3.7602795552986658e-02,7.5246506835172575e-03,2.4456095975593762e-03,-3.6760969236230456e-02,3.7602795552986658e-02,3.1424369375051431e-01,9.7108519190301490e-01,9.8543654889749999e-01,4.6292120351719264e-02,3.2081283890037011e-02,0.0000000000000000e+00,0.0000000000000000e+00,3.1415926535897931e+00,0.0000000000000000e+00,4.2683958481090556e-01,2.9295956361218725e+00,3.4582875937363888e+00,3.7602795552986658e-02,3.1424369375051431e-01
max_c_e_gamma_mixing_angles_polarization_02_local_minimum_572,C_e_gamma,polarization_cluster_02_local_minimum_572,8.6183742665795415e-01,7.5807022866234031e-01,k,9.2920958384029528e-02,0.0000000000000000e+00,0.0000000000000000e+00,-9.2919553308653216e-02,9.2919553308653216e-02,0.0000000000000000e+00,1.0722852907179528e+00,1.0355120910534810e+00,9.2919553308653216e-02,9.2542337587400117e-02,0.0000000000000000e+00,0.0000000000000000e+00,3.1415926535897931e+00,0.0000000000000000e+00,0.0000000000000000e+00,3.0136795045123472e+00,4.9463037339007476e+00,3.2795134719203950e-02,2.8800940247497068e-03
max_c_e_gamma_mixing_angles_polarization_02_local_minimum_572,C_e_gamma,polarization_cluster_02_local_minimum_572,8.6183742665795415e-01,7.5807022866234031e-01,p,9.4259113266945149e-01,0.0000000000000000e+00,0.0000000000000000e+00,9.2919553308653216e-02,9.2919553308653216e-02,0.0000000000000000e+00,1.0722852907179528e+00,1.0355120910534810e+00,9.2919553308653216e-02,9.2542337587400117e-02,0.0000000000000000e+00,0.0000000000000000e+00,3.1415926535897931e+00,0.0000000000000000e+00,0.0000000000000000e+00,3.0136795045123472e+00,4.9463037339007476e+00,3.2795134719203950e-02,2.8800940247497068e-03
max_c_e_gamma_mixing_angles_polarization_02_local_minimum_572,C_e_gamma,polarization_cluster_02_local_minimum_572,8.6183742665795415e-01,7.5807022866234031e-01,kp,6.0162934410199820e-02,-4.1834815471843596e-03,-1.2048853521560157e-05,-6.0015130541294343e-02,6.0160764264752357e-02,3.1444727476145427e+00,1.0722852907179528e+00,1.0355120910534810e+00,9.2919553308653216e-02,9.2542337587400117e-02,0.0000000000000000e+00,0.0000000000000000e+00,3.1415926535897931e+00,0.0000000000000000e+00,0.0000000000000000e+00,3.0136795045123472e+00,4.9463037339007476e+00,3.2795134719203950e-02,2.8800940247497068e-03
max_c_e_gamma_mixing_angles_polarization_02_local_minimum_572,C_e_gamma,polarization_cluster_02_local_minimum_572,8.6183742665795415e-01,7.5807022866234031e-01,pp,9.4255402192454740e-01,0.0000000000000000e+00,-0.0000000000000000e+00,9.2542337587400117e-02,9.2542337587400117e-02,0.0000000000000000e+00,1.0722852907179528e+00,1.0355120910534810e+00,9.2919553308653216e-02,9.2542337587400117e-02,0.0000000000000000e+00,0.0000000000000000e+00,3.1415926535897931e+00,0.0000000000000000e+00,0.0000000000000000e+00,3.0136795045123472e+00,4.9463037339007476e+00,3.2795134719203950e-02,2.8800940247497068e-03
max_c_e_gamma_mixing_angles_polarization_02_local_minimum_572,C_e_gamma,polarization_cluster_02_local_minimum_572,8.6183742665795415e-01,7.5807022866234031e-01,qout,3.2795134719203950e-02,4.1834815471843596e-03,1.2048853521560157e-05,-3.2527207046105774e-02,3.2795134719203950e-02,2.8800940247497068e-03,1.0722852907179528e+00,1.0355120910534810e+00,9.2919553308653216e-02,9.2542337587400117e-02,0.0000000000000000e+00,0.0000000000000000e+00,3.1415926535897931e+00,0.0000000000000000e+00,0.0000000000000000e+00,3.0136795045123472e+00,4.9463037339007476e+00,3.2795134719203950e-02,2.8800940247497068e-03
max_c_e_gamma_mixing_angles_polarization_02_local_minimum_574,C_e_gamma,polarization_cluster_02_local_minimum_574,8.6179719300045121e-01,7.5892463609855454e-01,k,5.3960258691359966e-02,0.0000000000000000e+00,0.0000000000000000e+00,-5.3957839079336635e-02,5.3957839079336635e-02,0.0000000000000000e+00,9.8706395157751015e-01,9.9351092172029509e-01,5.3957839079336635e-02,5.3281913762475597e-02,0.0000000000000000e+00,0.0000000000000000e+00,3.1415926535897931e+00,0.0000000000000000e+00,0.0000000000000000e+00,2.9213405368191312e+00,2.3081759707860840e-02,1.9123615550973194e-02,6.2830468957578702e+00
max_c_e_gamma_mixing_angles_polarization_02_local_minimum_574,C_e_gamma,polarization_cluster_02_local_minimum_574,8.6179719300045121e-01,7.5892463609855454e-01,p,9.3955066302893508e-01,0.0000000000000000e+00,0.0000000000000000e+00,5.3957839079336635e-02,5.3957839079336635e-02,0.0000000000000000e+00,9.8706395157751015e-01,9.9351092172029509e-01,5.3957839079336635e-02,5.3281913762475597e-02,0.0000000000000000e+00,0.0000000000000000e+00,3.1415926535897931e+00,0.0000000000000000e+00,0.0000000000000000e+00,2.9213405368191312e+00,2.3081759707860840e-02,1.9123615550973194e-02,6.2830468957578702e+00
max_c_e_gamma_mixing_angles_polarization_02_local_minimum_574,C_e_gamma,polarization_cluster_02_local_minimum_574,8.6179719300045121e-01,7.5892463609855454e-01,kp,3.4875218788976613e-02,-4.1780444174660840e-03,5.7828907150800302e-07,-3.4620278886273406e-02,3.4871474956647393e-02,3.1414542421680771e+00,9.8706395157751015e-01,9.9351092172029509e-01,5.3957839079336635e-02,5.3281913762475597e-02,0.0000000000000000e+00,0.0000000000000000e+00,3.1415926535897931e+00,0.0000000000000000e+00,0.0000000000000000e+00,2.9213405368191312e+00,2.3081759707860840e-02,1.9123615550973194e-02,6.2830468957578702e+00
max_c_e_gamma_mixing_angles_polarization_02_local_minimum_574,C_e_gamma,polarization_cluster_02_local_minimum_574,8.6179719300045121e-01,7.5892463609855454e-01,pp,9.3951208738056780e-01,0.0000000000000000e+00,0.0000000000000000e+00,5.3281913762475597e-02,5.3281913762475597e-02,0.0000000000000000e+00,9.8706395157751015e-01,9.9351092172029509e-01,5.3957839079336635e-02,5.3281913762475597e-02,0.0000000000000000e+00,0.0000000000000000e+00,3.1415926535897931e+00,0.0000000000000000e+00,0.0000000000000000e+00,2.9213405368191312e+00,2.3081759707860840e-02,1.9123615550973194e-02,6.2830468957578702e+00
max_c_e_gamma_mixing_angles_polarization_02_local_minimum_574,C_e_gamma,polarization_cluster_02_local_minimum_574,8.6179719300045121e-01,7.5892463609855454e-01,qout,1.9123615550973194e-02,4.1780444174660840e-03,-5.7828907150800302e-07,-1.8661634876202191e-02,1.9123615550973191e-02,6.2830468957578702e+00,9.8706395157751015e-01,9.9351092172029509e-01,5.3957839079336635e-02,5.3281913762475597e-02,0.0000000000000000e+00,0.0000000000000000e+00,3.1415926535897931e+00,0.0000000000000000e+00,0.0000000000000000e+00,2.9213405368191312e+00,2.3081759707860840e-02,1.9123615550973194e-02,6.2830468957578702e+00
max_c_e_gamma_mixing_angles_polarization_02_local_minimum_577,C_e_gamma,polarization_cluster_02_local_minimum_577,8.6453469960861618e-01,7.4634167720767519e-01,k,6.0616391204336054e-02,0.0000000000000000e+00,0.0000000000000000e+00,-6.0614237293809187e-02,6.0614237293809187e-02,0.0000000000000000e+00,1.0011459657046731e+00,1.0005728187916525e+00,6.0614237293809187e-02,6.0002733651384726e-02,0.0000000000000000e+00,0.0000000000000000e+00,3.1415926535897931e+00,0.0000000000000000e+00,0.0000000000000000e+00,2.9510016756996134e+00,1.5799590206408726e-01,2.2569877392901741e-02,6.2699792687460274e+00
max_c_e_gamma_mixing_angles_polarization_02_local_minimum_577,C_e_gamma,polarization_cluster_02_local_minimum_577,8.6453469960861618e-01,7.4634167720767519e-01,p,9.3995642758731646e-01,0.0000000000000000e+00,0.0000000000000000e+00,6.0614237293809187e-02,6.0614237293809187e-02,0.0000000000000000e+00,1.0011459657046731e+00,1.0005728187916525e+00,6.0614237293809187e-02,6.0002733651384726e-02,0.0000000000000000e+00,0.0000000000000000e+00,3.1415926535897931e+00,0.0000000000000000e+00,0.0000000000000000e+00,2.9510016756996134e+00,1.5799590206408726e-01,2.2569877392901741e-02,6.2699792687460274e+00
max_c_e_gamma_mixing_angles_polarization_02_local_minimum_577,C_e_gamma,polarization_cluster_02_local_minimum_577,8.6453469960861618e-01,7.4634167720767519e-01,kp,3.8085749277489429e-02,-4.2752467972625354e-03,5.6462355890387699e-05,-3.7841541392043605e-02,3.8082321070293045e-02,3.1283866151562343e+00,1.0011459657046731e+00,1.0005728187916525e+00,6.0614237293809187e-02,6.0002733651384726e-02,0.0000000000000000e+00,0.0000000000000000e+00,3.1415926535897931e+00,0.0000000000000000e+00,0.0000000000000000e+00,2.9510016756996134e+00,1.5799590206408726e-01,2.2569877392901741e-02,6.2699792687460274e+00
max_c_e_gamma_mixing_angles_polarization_02_local_minimum_577,C_e_gamma,polarization_cluster_02_local_minimum_577,8.6453469960861618e-01,7.4634167720767519e-01,pp,9.3991719212153946e-01,0.0000000000000000e+00,0.0000000000000000e+00,6.0002733651384726e-02,6.0002733651384726e-02,0.0000000000000000e+00,1.0011459657046731e+00,1.0005728187916525e+00,6.0614237293809187e-02,6.0002733651384726e-02,0.0000000000000000e+00,0.0000000000000000e+00,3.1415926535897931e+00,0.0000000000000000e+00,0.0000000000000000e+00,2.9510016756996134e+00,1.5799590206408726e-01,2.2569877392901741e-02,6.2699792687460274e+00
max_c_e_gamma_mixing_angles_polarization_02_local_minimum_577,C_e_gamma,polarization_cluster_02_local_minimum_577,8.6453469960861618e-01,7.4634167720767519e-01,qout,2.2569877392901741e-02,4.2752467972625354e-03,-5.6462355890387699e-05,-2.2161192259341121e-02,2.2569877392901741e-02,6.2699792687460274e+00,1.0011459657046731e+00,1.0005728187916525e+00,6.0614237293809187e-02,6.0002733651384726e-02,0.0000000000000000e+00,0.0000000000000000e+00,3.1415926535897931e+00,0.0000000000000000e+00,0.0000000000000000e+00,2.9510016756996134e+00,1.5799590206408726e-01,2.2569877392901741e-02,6.2699792687460274e+00
max_c_e_gamma_mixing_angles_polarization_02_local_minimum_578,C_e_gamma,polarization_cluster_02_local_minimum_578,8.6186238667165593e-01,7.5880970502489908e-01,k,4.7803298233947134e-02,0.0000000000000000e+00,0.0000000000000000e+00,-4.7800566964386441e-02,4.7800566964386441e-02,0.0000000000000000e+00,9.7420940658262933e-01,9.8702046918117625e-01,4.7800566964386441e-02,4.7034155973960878e-02,0.0000000000000000e+00,0.0000000000000000e+00,3.1415926535897931e+00,0.0000000000000000e+00,0.0000000000000000e+00,2.8930742396979996e+00,5.4526331388713913e+00,1.6952781737703475e-02,1.2419229960377233e-03
max_c_e_gamma_mixing_angles_polarization_02_local_minimum_578,C_e_gamma,polarization_cluster_02_local_minimum_578,8.6186238667165593e-01,7.5880970502489908e-01,p,9.3921717094722912e-01,0.0000000000000000e+00,0.0000000000000000e+00,4.7800566964386441e-02,4.7800566964386441e-02,0.0000000000000000e+00,9.7420940658262933e-01,9.8702046918117625e-01,4.7800566964386441e-02,4.7034155973960878e-02,0.0000000000000000e+00,0.0000000000000000e+00,3.1415926535897931e+00,0.0000000000000000e+00,0.0000000000000000e+00,2.8930742396979996e+00,5.4526331388713913e+00,1.6952781737703475e-02,1.2419229960377233e-03
max_c_e_gamma_mixing_angles_polarization_02_local_minimum_578,C_e_gamma,polarization_cluster_02_local_minimum_578,8.6186238667165593e-01,7.5880970502489908e-01,kp,3.0889210353567606e-02,-4.1698413331101849e-03,-5.1786245038748109e-06,-3.0602199149384366e-02,3.0884983346928439e-02,3.1428345765858308e+00,9.7420940658262933e-01,9.8702046918117625e-01,4.7800566964386441e-02,4.7034155973960878e-02,0.0000000000000000e+00,0.0000000000000000e+00,3.1415926535897931e+00,0.0000000000000000e+00,0.0000000000000000e+00,2.8930742396979996e+00,5.4526331388713913e+00,1.6952781737703475e-02,1.2419229960377233e-03
max_c_e_gamma_mixing_angles_polarization_02_local_minimum_578,C_e_gamma,polarization_cluster_02_local_minimum_578,8.6186238667165593e-01,7.5880970502489908e-01,pp,9.3917847708951607e-01,0.0000000000000000e+00,-0.0000000000000000e+00,4.7034155973960878e-02,4.7034155973960878e-02,0.0000000000000000e+00,9.7420940658262933e-01,9.8702046918117625e-01,4.7800566964386441e-02,4.7034155973960878e-02,0.0000000000000000e+00,0.0000000000000000e+00,3.1415926535897931e+00,0.0000000000000000e+00,0.0000000000000000e+00,2.8930742396979996e+00,5.4526331388713913e+00,1.6952781737703475e-02,1.2419229960377233e-03
max_c_e_gamma_mixing_angles_polarization_02_local_minimum_578,C_e_gamma,polarization_cluster_02_local_minimum_578,8.6186238667165593e-01,7.5880970502489908e-01,qout,1.6952781737703475e-02,4.1698413331101849e-03,5.1786245038748109e-06,-1.6431956824576512e-02,1.6952781737703478e-02,1.2419229960377236e-03,9.7420940658262933e-01,9.8702046918117625e-01,4.7800566964386441e-02,4.7034155973960878e-02,0.0000000000000000e+00,0.0000000000000000e+00,3.1415926535897931e+00,0.0000000000000000e+00,0.0000000000000000e+00,2.8930742396979996e+00,5.4526331388713913e+00,1.6952781737703475e-02,1.2419229960377233e-03
max_c_e_gamma_mixing_angles_polarization_02_local_minimum_582,C_e_gamma,polarization_cluster_02_local_minimum_582,8.6102322980871948e-01,7.6003073456407233e-01,k,4.6517612112103111e-02,0.0000000000000000e+00,0.0000000000000000e+00,-4.6514805349320565e-02,4.6514805349320565e-02,0.0000000000000000e+00,9.7154578911668654e-01,9.8567022330832665e-01,4.6514805349320565e-02,4.5733530010693357e-02,0.0000000000000000e+00,0.0000000000000000e+00,3.1415926535897931e+00,0.0000000000000000e+00,0.0000000000000000e+00,2.8839617950263974e+00,5.5990921716870066e+00,1.6219614046377479e-02,2.2890953971331073e-03
max_c_e_gamma_mixing_angles_polarization_02_local_minimum_582,C_e_gamma,polarization_cluster_02_local_minimum_582,8.6102322980871948e-01,7.6003073456407233e-01,p,9.3915261119622351e-01,0.0000000000000000e+00,0.0000000000000000e+00,4.6514805349320565e-02,4.6514805349320565e-02,0.0000000000000000e+00,9.7154578911668654e-01,9.8567022330832665e-01,4.6514805349320565e-02,4.5733530010693357e-02,0.0000000000000000e+00,0.0000000000000000e+00,3.1415926535897931e+00,0.0000000000000000e+00,0.0000000000000000e+00,2.8839617950263974e+00,5.5990921716870066e+00,1.6219614046377479e-02,2.2890953971331073e-03
max_c_e_gamma_mixing_angles_polarization_02_local_minimum_582,C_e_gamma,polarization_cluster_02_local_minimum_582,8.6102322980871948e-01,7.6003073456407233e-01,kp,3.0336369264586768e-02,-4.1325897936888125e-03,-9.4599087981521896e-06,-3.0049222824187788e-02,3.0332065215386568e-02,3.1438817489869262e+00,9.7154578911668654e-01,9.8567022330832665e-01,4.6514805349320565e-02,4.5733530010693357e-02,0.0000000000000000e+00,0.0000000000000000e+00,3.1415926535897931e+00,0.0000000000000000e+00,0.0000000000000000e+00,2.8839617950263974e+00,5.5990921716870066e+00,1.6219614046377479e-02,2.2890953971331073e-03
max_c_e_gamma_mixing_angles_polarization_02_local_minimum_582,C_e_gamma,polarization_cluster_02_local_minimum_582,8.6102322980871948e-01,7.6003073456407233e-01,pp,9.3911423999811594e-01,0.0000000000000000e+00,-0.0000000000000000e+00,4.5733530010693357e-02,4.5733530010693357e-02,0.0000000000000000e+00,9.7154578911668654e-01,9.8567022330832665e-01,4.6514805349320565e-02,4.5733530010693357e-02,0.0000000000000000e+00,0.0000000000000000e+00,3.1415926535897931e+00,0.0000000000000000e+00,0.0000000000000000e+00,2.8839617950263974e+00,5.5990921716870066e+00,1.6219614046377479e-02,2.2890953971331073e-03
max_c_e_gamma_mixing_angles_polarization_02_local_minimum_582,C_e_gamma,polarization_cluster_02_local_minimum_582,8.6102322980871948e-01,7.6003073456407233e-01,qout,1.6219614046377479e-02,4.1325897936888125e-03,9.4599087981521896e-06,-1.5684307186505569e-02,1.6219614046377482e-02,2.2890953971331073e-03,9.7154578911668654e-01,9.8567022330832665e-01,4.6514805349320565e-02,4.5733530010693357e-02,0.0000000000000000e+00,0.0000000000000000e+00,3.1415926535897931e+00,0.0000000000000000e+00,0.0000000000000000e+00,2.8839617950263974e+00,5.5990921716870066e+00,1.6219614046377479e-02,2.2890953971331073e-03
max_c_e_gamma_mixing_angles_polarization_02_local_minimum_584,C_e_gamma,polarization_cluster_02_local_minimum_584,8.6075035985737636e-01,7.5994006546344972e-01,k,4.6306437581829105e-02,0.0000000000000000e+00,0.0000000000000000e+00,-4.6303618018389600e-02,4.6303618018389600e-02,0.0000000000000000e+00,9.7110896822608395e-01,9.8544861267652306e-01,4.6303618018389600e-02,4.5520353414758574e-02,0.0000000000000000e+00,0.0000000000000000e+00,3.1415926535897931e+00,0.0000000000000000e+00,0.0000000000000000e+00,2.8820134482973048e+00,4.8413598355365215e+00,1.6061637149100059e-02,8.8146741541924017e-04
max_c_e_gamma_mixing_angles_polarization_02_local_minimum_584,C_e_gamma,polarization_cluster_02_local_minimum_584,8.6075035985737636e-01,7.5994006546344972e-01,p,9.3914217509469400e-01,0.0000000000000000e+00,0.0000000000000000e+00,4.6303618018389600e-02,4.6303618018389600e-02,0.0000000000000000e+00,9.7110896822608395e-01,9.8544861267652306e-01,4.6303618018389600e-02,4.5520353414758574e-02,0.0000000000000000e+00,0.0000000000000000e+00,3.1415926535897931e+00,0.0000000000000000e+00,0.0000000000000000e+00,2.8820134482973048e+00,4.8413598355365215e+00,1.6061637149100059e-02,8.8146741541924017e-04
max_c_e_gamma_mixing_angles_polarization_02_local_minimum_584,C_e_gamma,polarization_cluster_02_local_minimum_584,8.6075035985737636e-01,7.5994006546344972e-01,kp,3.0283092788577354e-02,-4.1226010821380854e-03,-3.6339394618487833e-06,-2.9996812097733361e-02,3.0278781166266991e-02,3.1424741210052121e+00,9.7110896822608395e-01,9.8544861267652306e-01,4.6303618018389600e-02,4.5520353414758574e-02,0.0000000000000000e+00,0.0000000000000000e+00,3.1415926535897931e+00,0.0000000000000000e+00,0.0000000000000000e+00,2.8820134482973048e+00,4.8413598355365215e+00,1.6061637149100059e-02,8.8146741541924017e-04
max_c_e_gamma_mixing_angles_polarization_02_local_minimum_584,C_e_gamma,polarization_cluster_02_local_minimum_584,8.6075035985737636e-01,7.5994006546344972e-01,pp,9.3910388273875456e-01,0.0000000000000000e+00,-0.0000000000000000e+00,4.5520353414758574e-02,4.5520353414758574e-02,0.0000000000000000e+00,9.7110896822608395e-01,9.8544861267652306e-01,4.6303618018389600e-02,4.5520353414758574e-02,0.0000000000000000e+00,0.0000000000000000e+00,3.1415926535897931e+00,0.0000000000000000e+00,0.0000000000000000e+00,2.8820134482973048e+00,4.8413598355365215e+00,1.6061637149100059e-02,8.8146741541924017e-04
max_c_e_gamma_mixing_angles_polarization_02_local_minimum_584,C_e_gamma,polarization_cluster_02_local_minimum_584,8.6075035985737636e-01,7.5994006546344972e-01,qout,1.6061637149100059e-02,4.1226010821380854e-03,3.6339394618487833e-06,-1.5523541317025215e-02,1.6061637149100059e-02,8.8146741541924006e-04,9.7110896822608395e-01,9.8544861267652306e-01,4.6303618018389600e-02,4.5520353414758574e-02,0.0000000000000000e+00,0.0000000000000000e+00,3.1415926535897931e+00,0.0000000000000000e+00,0.0000000000000000e+00,2.8820134482973048e+00,4.8413598355365215e+00,1.6061637149100059e-02,8.8146741541924017e-04
max_c_e_gamma_mixing_angles_polarization_02_local_minimum_585,C_e_gamma,polarization_cluster_02_local_minimum_585,8.5823312927783657e-01,7.6607241188522901e-01,k,5.2657367502986885e-02,0.0000000000000000e+00,0.0000000000000000e+00,-5.2654888020180216e-02,5.2654888020180216e-02,0.0000000000000000e+00,9.8433007906671022e-01,9.9213410336844599e-01,5.2654888020180216e-02,5.1981685614009621e-02,0.0000000000000000e+00,0.0000000000000000e+00,3.1415926535897931e+00,0.0000000000000000e+00,0.0000000000000000e+00,2.9071350902824142e+00,5.6253395714053411e+00,1.7418870965786332e-02,1.9968929672239663e-02
max_c_e_gamma_mixing_angles_polarization_02_local_minimum_585,C_e_gamma,polarization_cluster_02_local_minimum_585,8.5823312927783657e-01,7.6607241188522901e-01,p,9.3947673586545910e-01,0.0000000000000000e+00,0.0000000000000000e+00,5.2654888020180216e-02,5.2654888020180216e-02,0.0000000000000000e+00,9.8433007906671022e-01,9.9213410336844599e-01,5.2654888020180216e-02,5.1981685614009621e-02,0.0000000000000000e+00,0.0000000000000000e+00,3.1415926535897931e+00,0.0000000000000000e+00,0.0000000000000000e+00,2.9071350902824142e+00,5.6253395714053411e+00,1.7418870965786332e-02,1.9968929672239663e-02
max_c_e_gamma_mixing_angles_polarization_02_local_minimum_585,C_e_gamma,polarization_cluster_02_local_minimum_585,8.5823312927783657e-01,7.6607241188522901e-01,kp,3.5275987087789222e-02,-4.0458655958878348e-03,-8.0802346031212232e-05,-3.5039386233949039e-02,3.5272285793395509e-02,3.1615615832620327e+00,9.8433007906671022e-01,9.9213410336844599e-01,5.2654888020180216e-02,5.1981685614009621e-02,0.0000000000000000e+00,0.0000000000000000e+00,3.1415926535897931e+00,0.0000000000000000e+00,0.0000000000000000e+00,2.9071350902824142e+00,5.6253395714053411e+00,1.7418870965786332e-02,1.9968929672239663e-02
max_c_e_gamma_mixing_angles_polarization_02_local_minimum_585,C_e_gamma,polarization_cluster_02_local_minimum_585,8.5823312927783657e-01,7.6607241188522901e-01,pp,9.3943924531566891e-01,0.0000000000000000e+00,-0.0000000000000000e+00,5.1981685614009621e-02,5.1981685614009621e-02,0.0000000000000000e+00,9.8433007906671022e-01,9.9213410336844599e-01,5.2654888020180216e-02,5.1981685614009621e-02,0.0000000000000000e+00,0.0000000000000000e+00,3.1415926535897931e+00,0.0000000000000000e+00,0.0000000000000000e+00,2.9071350902824142e+00,5.6253395714053411e+00,1.7418870965786332e-02,1.9968929672239663e-02
max_c_e_gamma_mixing_angles_polarization_02_local_minimum_585,C_e_gamma,polarization_cluster_02_local_minimum_585,8.5823312927783657e-01,7.6607241188522901e-01,qout,1.7418870965786332e-02,4.0458655958878348e-03,8.0802346031212232e-05,-1.6942299380060581e-02,1.7418870965786336e-02,1.9968929672239667e-02,9.8433007906671022e-01,9.9213410336844599e-01,5.2654888020180216e-02,5.1981685614009621e-02,0.0000000000000000e+00,0.0000000000000000e+00,3.1415926535897931e+00,0.0000000000000000e+00,0.0000000000000000e+00,2.9071350902824142e+00,5.6253395714053411e+00,1.7418870965786332e-02,1.9968929672239663e-02
max_c_e_gamma_mixing_angles_polarization_02_local_minimum_591,C_e_gamma,polarization_cluster_02_local_minimum_591,8.5925772573423975e-01,7.6764988127096312e-01,k,4.6313457293758659e-02,0.0000000000000000e+00,0.0000000000000000e+00,-4.6310638157705253e-02,4.6310638157705253e-02,0.0000000000000000e+00,9.7112348563375139e-01,9.8545597853671341e-01,4.6310638157705253e-02,4.5539664459283813e-02,0.0000000000000000e+00,0.0000000000000000e+00,3.1415926535897931e+00,0.0000000000000000e+00,0.0000000000000000e+00,2.8779941145821759e+00,6.2670767325172427e+00,1.5581438594475907e-02,6.1205638973563688e-03
max_c_e_gamma_mixing_angles_polarization_02_local_minimum_591,C_e_gamma,polarization_cluster_02_local_minimum_591,8.5925772573423975e-01,7.6764988127096312e-01,p,9.3914252124295472e-01,0.0000000000000000e+00,0.0000000000000000e+00,4.6310638157705253e-02,4.6310638157705253e-02,0.0000000000000000e+00,9.7112348563375139e-01,9.8545597853671341e-01,4.6310638157705253e-02,4.5539664459283813e-02,0.0000000000000000e+00,0.0000000000000000e+00,3.1415926535897931e+00,0.0000000000000000e+00,0.0000000000000000e+00,2.8779941145821759e+00,6.2670767325172427e+00,1.5581438594475907e-02,6.1205638973563688e-03
max_c_e_gamma_mixing_angles_polarization_02_local_minimum_591,C_e_gamma,polarization_cluster_02_local_minimum_591,8.5925772573423975e-01,7.6764988127096312e-01,kp,3.0769720958094309e-02,-4.0597686238693503e-03,-2.4848383555920162e-05,-3.0496430433586283e-02,3.0765477534276744e-02,3.1477132174871492e+00,9.7112348563375139e-01,9.8545597853671341e-01,4.6310638157705253e-02,4.5539664459283813e-02,0.0000000000000000e+00,0.0000000000000000e+00,3.1415926535897931e+00,0.0000000000000000e+00,0.0000000000000000e+00,2.8779941145821759e+00,6.2670767325172427e+00,1.5581438594475907e-02,6.1205638973563688e-03
max_c_e_gamma_mixing_angles_polarization_02_local_minimum_591,C_e_gamma,polarization_cluster_02_local_minimum_591,8.5925772573423975e-01,7.6764988127096312e-01,pp,9.3910481898404929e-01,0.0000000000000000e+00,-0.0000000000000000e+00,4.5539664459283813e-02,4.5539664459283813e-02,0.0000000000000000e+00,9.7112348563375139e-01,9.8545597853671341e-01,4.6310638157705253e-02,4.5539664459283813e-02,0.0000000000000000e+00,0.0000000000000000e+00,3.1415926535897931e+00,0.0000000000000000e+00,0.0000000000000000e+00,2.8779941145821759e+00,6.2670767325172427e+00,1.5581438594475907e-02,6.1205638973563688e-03
max_c_e_gamma_mixing_angles_polarization_02_local_minimum_591,C_e_gamma,polarization_cluster_02_local_minimum_591,8.5925772573423975e-01,7.6764988127096312e-01,qout,1.5581438594475907e-02,4.0597686238693503e-03,2.4848383555920162e-05,-1.5043234025697532e-02,1.5581438594475907e-02,6.1205638973563679e-03,9.7112348563375139e-01,9.8545597853671341e-01,4.6310638157705253e-02,4.5539664459283813e-02,0.0000000000000000e+00,0.0000000000000000e+00,3.1415926535897931e+00,0.0000000000000000e+00,0.0000000000000000e+00,2.8779941145821759e+00,6.2670767325172427e+00,1.5581438594475907e-02,6.1205638973563688e-03
max_c_e_gamma_mixing_angles_polarization_02_local_minimum_592,C_e_gamma,polarization_cluster_02_local_minimum_592,7.1174941070766562e-01,8.0800980409964296e-01,k,4.6294940615416731e-02,0.0000000000000000e+00,0.0000000000000000e+00,-4.6292120351719264e-02,4.6292120351719264e-02,0.0000000000000000e+00,9.7108519190301490e-01,9.8543654889749999e-01,4.6292120351719264e-02,4.5519239134591771e-02,0.0000000000000000e+00,0.0000000000000000e+00,3.1415926535897931e+00,0.0000000000000000e+00,0.0000000000000000e+00,2.8771983275689434e+00,2.3950523079201824e+00,1.5543115420593414e-02,3.1391790600966551e+00
max_c_e_gamma_mixing_angles_polarization_02_local_minimum_592,C_e_gamma,polarization_cluster_02_local_minimum_592,7.1174941070766562e-01,8.0800980409964296e-01,p,9.3914160828208326e-01,0.0000000000000000e+00,0.0000000000000000e+00,4.6292120351719264e-02,4.6292120351719264e-02,0.0000000000000000e+00,9.7108519190301490e-01,9.8543654889749999e-01,4.6292120351719264e-02,4.5519239134591771e-02,0.0000000000000000e+00,0.0000000000000000e+00,3.1415926535897931e+00,0.0000000000000000e+00,0.0000000000000000e+00,2.8771983275689434e+00,2.3950523079201824e+00,1.5543115420593414e-02,3.1391790600966551e+00
max_c_e_gamma_mixing_angles_polarization_02_local_minimum_592,C_e_gamma,polarization_cluster_02_local_minimum_592,7.1174941070766562e-01,8.0800980409964296e-01,kp,3.0789604748396027e-02,4.0617879683218687e-03,-9.8035240474482641e-06,-3.0516232123688897e-02,3.0785364065340371e-02,6.2807717136864483e+00,9.7108519190301490e-01,9.8543654889749999e-01,4.6292120351719264e-02,4.5519239134591771e-02,0.0000000000000000e+00,0.0000000000000000e+00,3.1415926535897931e+00,0.0000000000000000e+00,0.0000000000000000e+00,2.8771983275689434e+00,2.3950523079201824e+00,1.5543115420593414e-02,3.1391790600966551e+00
max_c_e_gamma_mixing_angles_polarization_02_local_minimum_592,C_e_gamma,polarization_cluster_02_local_minimum_592,7.1174941070766562e-01,8.0800980409964296e-01,pp,9.3910382872789522e-01,-0.0000000000000000e+00,0.0000000000000000e+00,4.5519239134591771e-02,4.5519239134591771e-02,3.1415926535897931e+00,9.7108519190301490e-01,9.8543654889749999e-01,4.6292120351719264e-02,4.5519239134591771e-02,0.0000000000000000e+00,0.0000000000000000e+00,3.1415926535897931e+00,0.0000000000000000e+00,0.0000000000000000e+00,2.8771983275689434e+00,2.3950523079201824e+00,1.5543115420593414e-02,3.1391790600966551e+00
max_c_e_gamma_mixing_angles_polarization_02_local_minimum_592,C_e_gamma,polarization_cluster_02_local_minimum_592,7.1174941070766562e-01,8.0800980409964296e-01,qout,1.5543115420593414e-02,-4.0617879683218687e-03,9.8035240474482641e-06,-1.5003007010902873e-02,1.5543115420593414e-02,3.1391790600966551e+00,9.7108519190301490e-01,9.8543654889749999e-01,4.6292120351719264e-02,4.5519239134591771e-02,0.0000000000000000e+00,0.0000000000000000e+00,3.1415926535897931e+00,0.0000000000000000e+00,0.0000000000000000e+00,2.8771983275689434e+00,2.3950523079201824e+00,1.5543115420593414e-02,3.1391790600966551e+00
max_c_e_gamma_mixing_angles_polarization_02_local_minimum_593,C_e_gamma,polarization_cluster_02_local_minimum_593,8.5893020883538984e-01,7.6334189437062416e-01,k,4.6414478526182086e-02,0.0000000000000000e+00,0.0000000000000000e+00,-4.6411665526357886e-02,4.6411665526357886e-02,0.0000000000000000e+00,9.7133243024494209e-01,9.8556198701296416e-01,4.6411665526357886e-02,4.5641732282092562e-02,0.0000000000000000e+00,0.0000000000000000e+00,3.1415926535897931e+00,0.0000000000000000e+00,0.0000000000000000e+00,2.8776441512087199e+00,4.8126292771413786e+00,1.5552870265500153e-02,5.5075664534978671e-03
max_c_e_gamma_mixing_angles_polarization_02_local_minimum_593,C_e_gamma,polarization_cluster_02_local_minimum_593,8.5893020883538984e-01,7.6334189437062416e-01,p,9.3914750848678208e-01,0.0000000000000000e+00,0.0000000000000000e+00,4.6411665526357886e-02,4.6411665526357886e-02,0.0000000000000000e+00,9.7133243024494209e-01,9.8556198701296416e-01,4.6411665526357886e-02,4.5641732282092562e-02,0.0000000000000000e+00,0.0000000000000000e+00,3.1415926535897931e+00,0.0000000000000000e+00,0.0000000000000000e+00,2.8776441512087199e+00,4.8126292771413786e+00,1.5552870265500153e-02,5.5075664534978671e-03
max_c_e_gamma_mixing_angles_polarization_02_local_minimum_593,C_e_gamma,polarization_cluster_02_local_minimum_593,8.5893020883538984e-01,7.6334189437062416e-01,kp,3.0899342693243872e-02,-4.0575941434304371e-03,-2.2347695346418639e-05,-3.0627498906951808e-02,3.0895117072890700e-02,3.1471002200432907e+00,9.7133243024494209e-01,9.8556198701296416e-01,4.6411665526357886e-02,4.5641732282092562e-02,0.0000000000000000e+00,0.0000000000000000e+00,3.1415926535897931e+00,0.0000000000000000e+00,0.0000000000000000e+00,2.8776441512087199e+00,4.8126292771413786e+00,1.5552870265500153e-02,5.5075664534978671e-03
max_c_e_gamma_mixing_angles_polarization_02_local_minimum_593,C_e_gamma,polarization_cluster_02_local_minimum_593,8.5893020883538984e-01,7.6334189437062416e-01,pp,9.3910977405504092e-01,0.0000000000000000e+00,-0.0000000000000000e+00,4.5641732282092562e-02,4.5641732282092562e-02,0.0000000000000000e+00,9.7133243024494209e-01,9.8556198701296416e-01,4.6411665526357886e-02,4.5641732282092562e-02,0.0000000000000000e+00,0.0000000000000000e+00,3.1415926535897931e+00,0.0000000000000000e+00,0.0000000000000000e+00,2.8776441512087199e+00,4.8126292771413786e+00,1.5552870265500153e-02,5.5075664534978671e-03
max_c_e_gamma_mixing_angles_polarization_02_local_minimum_593,C_e_gamma,polarization_cluster_02_local_minimum_593,8.5893020883538984e-01,7.6334189437062416e-01,qout,1.5552870265500153e-02,4.0575941434304371e-03,2.2347695346418639e-05,-1.5014233375140754e-02,1.5552870265500153e-02,5.5075664534978662e-03,9.7133243024494209e-01,9.8556198701296416e-01,4.6411665526357886e-02,4.5641732282092562e-02,0.0000000000000000e+00,0.0000000000000000e+00,3.1415926535897931e+00,0.0000000000000000e+00,0.0000000000000000e+00,2.8776441512087199e+00,4.8126292771413786e+00,1.5552870265500153e-02,5.5075664534978671e-03
max_c_e_gamma_mixing_angles_polarization_02_local_minimum_594,C_e_gamma,polarization_cluster_02_local_minimum_594,7.1222247009861217e-01,8.0700224748955474e-01,k,4.6298097701612369e-02,0.0000000000000000e+00,0.0000000000000000e+00,-4.6295277630241549e-02,4.6295277630241549e-02,0.0000000000000000e+00,9.7109172086452467e-01,9.8543986161740216e-01,4.6295277630241549e-02,4.5519128947489662e-02,0.0000000000000000e+00,0.0000000000000000e+00,3.1415926535897931e+00,0.0000000000000000e+00,0.0000000000000000e+00,2.8758795647618780e+00,3.2190079888940044e+00,1.5485589484361935e-02,3.1432544272535776e+00
max_c_e_gamma_mixing_angles_polarization_02_local_minimum_594,C_e_gamma,polarization_cluster_02_local_minimum_594,7.1222247009861217e-01,8.0700224748955474e-01,p,9.3914176391578974e-01,0.0000000000000000e+00,0.0000000000000000e+00,4.6295277630241549e-02,4.6295277630241549e-02,0.0000000000000000e+00,9.7109172086452467e-01,9.8543986161740216e-01,4.6295277630241549e-02,4.5519128947489662e-02,0.0000000000000000e+00,0.0000000000000000e+00,3.1415926535897931e+00,0.0000000000000000e+00,0.0000000000000000e+00,2.8758795647618780e+00,3.2190079888940044e+00,1.5485589484361935e-02,3.1432544272535776e+00
max_c_e_gamma_mixing_angles_polarization_02_local_minimum_594,C_e_gamma,polarization_cluster_02_local_minimum_594,7.1222247009861217e-01,8.0700224748955474e-01,kp,3.0850448745508064e-02,4.0664698931342060e-03,6.7575587932978568e-06,-3.0576998623408923e-02,3.0846216427178212e-02,1.6617736637843828e-03,9.7109172086452467e-01,9.8543986161740216e-01,4.6295277630241549e-02,4.5519128947489662e-02,0.0000000000000000e+00,0.0000000000000000e+00,3.1415926535897931e+00,0.0000000000000000e+00,0.0000000000000000e+00,2.8758795647618780e+00,3.2190079888940044e+00,1.5485589484361935e-02,3.1432544272535776e+00
max_c_e_gamma_mixing_angles_polarization_02_local_minimum_594,C_e_gamma,polarization_cluster_02_local_minimum_594,7.1222247009861217e-01,8.0700224748955474e-01,pp,9.3910382338703002e-01,-0.0000000000000000e+00,-0.0000000000000000e+00,4.5519128947489662e-02,4.5519128947489662e-02,3.1415926535897931e+00,9.7109172086452467e-01,9.8543986161740216e-01,4.6295277630241549e-02,4.5519128947489662e-02,0.0000000000000000e+00,0.0000000000000000e+00,3.1415926535897931e+00,0.0000000000000000e+00,0.0000000000000000e+00,2.8758795647618780e+00,3.2190079888940044e+00,1.5485589484361935e-02,3.1432544272535776e+00
max_c_e_gamma_mixing_angles_polarization_02_local_minimum_594,C_e_gamma,polarization_cluster_02_local_minimum_594,7.1222247009861217e-01,8.0700224748955474e-01,qout,1.5485589484361935e-02,-4.0664698931342060e-03,-6.7575587932978568e-06,-1.4942130324080739e-02,1.5485589484361935e-02,3.1432544272535772e+00,9.7109172086452467e-01,9.8543986161740216e-01,4.6295277630241549e-02,4.5519128947489662e-02,0.0000000000000000e+00,0.0000000000000000e+00,3.1415926535897931e+00,0.0000000000000000e+00,0.0000000000000000e+00,2.8758795647618780e+00,3.2190079888940044e+00,1.5485589484361935e-02,3.1432544272535776e+00
max_c_e_gamma_mixing_angles_polarization_02_local_minimum_596,C_e_gamma,polarization_cluster_02_local_minimum_596,8.5856772099334600e-01,7.6474951684374970e-01,k,4.6294940615416731e-02,0.0000000000000000e+00,0.0000000000000000e+00,-4.6292120351719264e-02,4.6292120351719264e-02,0.0000000000000000e+00,9.7108519190301490e-01,9.8543654889749999e-01,4.6292120351719264e-02,4.5524129944169545e-02,0.0000000000000000e+00,0.0000000000000000e+00,3.1415926535897931e+00,0.0000000000000000e+00,0.0000000000000000e+00,2.8758864566049924e+00,4.5568632084429106e-01,1.5376972566743028e-02,1.1535828863165013e-03
max_c_e_gamma_mixing_angles_polarization_02_local_minimum_596,C_e_gamma,polarization_cluster_02_local_minimum_596,8.5856772099334600e-01,7.6474951684374970e-01,p,9.3914160828208326e-01,0.0000000000000000e+00,0.0000000000000000e+00,4.6292120351719264e-02,4.6292120351719264e-02,0.0000000000000000e+00,9.7108519190301490e-01,9.8543654889749999e-01,4.6292120351719264e-02,4.5524129944169545e-02,0.0000000000000000e+00,0.0000000000000000e+00,3.1415926535897931e+00,0.0000000000000000e+00,0.0000000000000000e+00,2.8758864566049924e+00,4.5568632084429106e-01,1.5376972566743028e-02,1.1535828863165013e-03
max_c_e_gamma_mixing_angles_polarization_02_local_minimum_596,C_e_gamma,polarization_cluster_02_local_minimum_596,8.5856772099334600e-01,7.6474951684374970e-01,kp,3.0955510527252060e-02,-4.0378480446313821e-03,-4.6579944680476024e-06,-3.0686776851723382e-02,3.0951292575204545e-02,3.1427462364761096e+00,9.7108519190301490e-01,9.8543654889749999e-01,4.6292120351719264e-02,4.5524129944169545e-02,0.0000000000000000e+00,0.0000000000000000e+00,3.1415926535897931e+00,0.0000000000000000e+00,0.0000000000000000e+00,2.8758864566049924e+00,4.5568632084429106e-01,1.5376972566743028e-02,1.1535828863165013e-03
max_c_e_gamma_mixing_angles_polarization_02_local_minimum_596,C_e_gamma,polarization_cluster_02_local_minimum_596,8.5856772099334600e-01,7.6474951684374970e-01,pp,9.3910406580270622e-01,0.0000000000000000e+00,0.0000000000000000e+00,4.5524129944169545e-02,4.5524129944169545e-02,0.0000000000000000e+00,9.7108519190301490e-01,9.8543654889749999e-01,4.6292120351719264e-02,4.5524129944169545e-02,0.0000000000000000e+00,0.0000000000000000e+00,3.1415926535897931e+00,0.0000000000000000e+00,0.0000000000000000e+00,2.8758864566049924e+00,4.5568632084429106e-01,1.5376972566743028e-02,1.1535828863165013e-03
max_c_e_gamma_mixing_angles_polarization_02_local_minimum_596,C_e_gamma,polarization_cluster_02_local_minimum_596,8.5856772099334600e-01,7.6474951684374970e-01,qout,1.5376972566743028e-02,4.0378480446313821e-03,4.6579944680476024e-06,-1.4837353092446163e-02,1.5376972566743027e-02,1.1535828863165011e-03,9.7108519190301490e-01,9.8543654889749999e-01,4.6292120351719264e-02,4.5524129944169545e-02,0.0000000000000000e+00,0.0000000000000000e+00,3.1415926535897931e+00,0.0000000000000000e+00,0.0000000000000000e+00,2.8758864566049924e+00,4.5568632084429106e-01,1.5376972566743028e-02,1.1535828863165013e-03
max_c_e_gamma_mixing_angles_polarization_02_local_minimum_597,C_e_gamma,polarization_cluster_02_local_minimum_597,7.1261417778622316e-01,8.0642211110533890e-01,k,4.6408853243999924e-02,0.0000000000000000e+00,0.0000000000000000e+00,-4.6406039903187403e-02,4.6406039903187403e-02,0.0000000000000000e+00,9.7132079418767947e-01,9.8555608373530901e-01,4.6406039903187403e-02,4.5639639638466178e-02,0.0000000000000000e+00,0.0000000000000000e+00,3.1415926535897931e+00,0.0000000000000000e+00,0.0000000000000000e+00,2.8753976280527995e+00,3.4324550746420894e+00,1.5332131187744064e-02,3.1431073071655544e+00
max_c_e_gamma_mixing_angles_polarization_02_local_minimum_597,C_e_gamma,polarization_cluster_02_local_minimum_597,7.1261417778622316e-01,8.0642211110533890e-01,p,9.3914723049130910e-01,0.0000000000000000e+00,0.0000000000000000e+00,4.6406039903187403e-02,4.6406039903187403e-02,0.0000000000000000e+00,9.7132079418767947e-01,9.8555608373530901e-01,4.6406039903187403e-02,4.5639639638466178e-02,0.0000000000000000e+00,0.0000000000000000e+00,3.1415926535897931e+00,0.0000000000000000e+00,0.0000000000000000e+00,2.8753976280527995e+00,3.4324550746420894e+00,1.5332131187744064e-02,3.1431073071655544e+00
max_c_e_gamma_mixing_angles_polarization_02_local_minimum_597,C_e_gamma,polarization_cluster_02_local_minimum_597,7.1261417778622316e-01,8.0642211110533890e-01,kp,3.1114280195552516e-02,4.0333024635023718e-03,6.1090606702233130e-06,-3.0847524148264055e-02,3.1110083769743380e-02,1.5146535757611819e-03,9.7132079418767947e-01,9.8555608373530901e-01,4.6406039903187403e-02,4.5639639638466178e-02,0.0000000000000000e+00,0.0000000000000000e+00,3.1415926535897931e+00,0.0000000000000000e+00,0.0000000000000000e+00,2.8753976280527995e+00,3.4324550746420894e+00,1.5332131187744064e-02,3.1431073071655544e+00
max_c_e_gamma_mixing_angles_polarization_02_local_minimum_597,C_e_gamma,polarization_cluster_02_local_minimum_597,7.1261417778622316e-01,8.0642211110533890e-01,pp,9.3910967235266452e-01,-0.0000000000000000e+00,-0.0000000000000000e+00,4.5639639638466178e-02,4.5639639638466178e-02,3.1415926535897931e+00,9.7132079418767947e-01,9.8555608373530901e-01,4.6406039903187403e-02,4.5639639638466178e-02,0.0000000000000000e+00,0.0000000000000000e+00,3.1415926535897931e+00,0.0000000000000000e+00,0.0000000000000000e+00,2.8753976280527995e+00,3.4324550746420894e+00,1.5332131187744064e-02,3.1431073071655544e+00
max_c_e_gamma_mixing_angles_polarization_02_local_minimum_597,C_e_gamma,polarization_cluster_02_local_minimum_597,7.1261417778622316e-01,8.0642211110533890e-01,qout,1.5332131187744064e-02,-4.0333024635023718e-03,-6.1090606702233130e-06,-1.4792115490202123e-02,1.5332131187744064e-02,3.1431073071655540e+00,9.7132079418767947e-01,9.8555608373530901e-01,4.6406039903187403e-02,4.5639639638466178e-02,0.0000000000000000e+00,0.0000000000000000e+00,3.1415926535897931e+00,0.0000000000000000e+00,0.0000000000000000e+00,2.8753976280527995e+00,3.4324550746420894e+00,1.5332131187744064e-02,3.1431073071655544e+00
max_c_e_gamma_mixing_angles_polarization_02_local_minimum_600,C_e_gamma,polarization_cluster_02_local_minimum_600,7.0451811610250370e-01,8.1742271923102450e-01,k,4.6294940615416731e-02,0.0000000000000000e+00,0.0000000000000000e+00,-4.6292120351719264e-02,4.6292120351719264e-02,0.0000000000000000e+00,9.7108519190301490e-01,9.8543654889749999e-01,4.6292120351719264e-02,4.5471619036106858e-02,0.0000000000000000e+00,0.0000000000000000e+00,3.1415926535897931e+00,0.0000000000000000e+00,0.0000000000000000e+00,2.8964362993366777e+00,3.7458261426547668e+00,1.7769715885447710e-02,3.1506696327408821e+00
max_c_e_gamma_mixing_angles_polarization_02_local_minimum_600,C_e_gamma,polarization_cluster_02_local_minimum_600,7.0451811610250370e-01,8.1742271923102450e-01,p,9.3914160828208326e-01,0.0000000000000000e+00,0.0000000000000000e+00,4.6292120351719264e-02,4.6292120351719264e-02,0.0000000000000000e+00,9.7108519190301490e-01,9.8543654889749999e-01,4.6292120351719264e-02,4.5471619036106858e-02,0.0000000000000000e+00,0.0000000000000000e+00,3.1415926535897931e+00,0.0000000000000000e+00,0.0000000000000000e+00,2.8964362993366777e+00,3.7458261426547668e+00,1.7769715885447710e-02,3.1506696327408821e+00
max_c_e_gamma_mixing_angles_polarization_02_local_minimum_600,C_e_gamma,polarization_cluster_02_local_minimum_600,7.0451811610250370e-01,8.1742271923102450e-01,kp,2.8565311270445953e-02,4.3126746560159740e-03,3.9147133074989060e-05,-2.8233228523565898e-02,2.8560740327424384e-02,9.0769791510888365e-03,9.7108519190301490e-01,9.8543654889749999e-01,4.6292120351719264e-02,4.5471619036106858e-02,0.0000000000000000e+00,0.0000000000000000e+00,3.1415926535897931e+00,0.0000000000000000e+00,0.0000000000000000e+00,2.8964362993366777e+00,3.7458261426547668e+00,1.7769715885447710e-02,3.1506696327408821e+00
max_c_e_gamma_mixing_angles_polarization_02_local_minimum_600,C_e_gamma,polarization_cluster_02_local_minimum_600,7.0451811610250370e-01,8.1742271923102450e-01,pp,9.3910152174180006e-01,-0.0000000000000000e+00,-0.0000000000000000e+00,4.5471619036106858e-02,4.5471619036106858e-02,3.1415926535897931e+00,9.7108519190301490e-01,9.8543654889749999e-01,4.6292120351719264e-02,4.5471619036106858e-02,0.0000000000000000e+00,0.0000000000000000e+00,3.1415926535897931e+00,0.0000000000000000e+00,0.0000000000000000e+00,2.8964362993366777e+00,3.7458261426547668e+00,1.7769715885447710e-02,3.1506696327408821e+00
max_c_e_gamma_mixing_angles_polarization_02_local_minimum_600,C_e_gamma,polarization_cluster_02_local_minimum_600,7.0451811610250370e-01,8.1742271923102450e-01,qout,1.7769715885447710e-02,-4.3126746560159740e-03,-3.9147133074989060e-05,-1.7238390512540960e-02,1.7769715885447710e-02,3.1506696327408816e+00,9.7108519190301490e-01,9.8543654889749999e-01,4.6292120351719264e-02,4.5471619036106858e-02,0.0000000000000000e+00,0.0000000000000000e+00,3.1415926535897931e+00,0.0000000000000000e+00,0.0000000000000000e+00,2.8964362993366777e+00,3.7458261426547668e+00,1.7769715885447710e-02,3.1506696327408821e+00
max_c_e_gamma_mixing_angles_polarization_02_local_minimum_608,C_e_gamma,polarization_cluster_02_local_minimum_608,2.3725405615964599e+00,9.1567106854697489e-01,k,6.0760047941218219e-02,0.0000000000000000e+00,0.0000000000000000e+00,-6.0757899123424566e-02,6.0757899123424566e-02,0.0000000000000000e+00,1.0014520280534809e+00,1.0007257506697231e+00,6.0757899123424566e-02,6.0167119657761073e-02,0.0000000000000000e+00,0.0000000000000000e+00,3.1415926535897931e+00,0.0000000000000000e+00,0.0000000000000000e+00,2.9427326740601911e+00,5.1432607672116095e+00,2.0933670349618121e-02,4.8888418391598352e+00
max_c_e_gamma_mixing_angles_polarization_02_local_minimum_608,C_e_gamma,polarization_cluster_02_local_minimum_608,2.3725405615964599e+00,9.1567106854697489e-01,p,9.3996570272850488e-01,0.0000000000000000e+00,0.0000000000000000e+00,6.0757899123424566e-02,6.0757899123424566e-02,0.0000000000000000e+00,1.0014520280534809e+00,1.0007257506697231e+00,6.0757899123424566e-02,6.0167119657761073e-02,0.0000000000000000e+00,0.0000000000000000e+00,3.1415926535897931e+00,0.0000000000000000e+00,0.0000000000000000e+00,2.9427326740601911e+00,5.1432607672116095e+00,2.0933670349618121e-02,4.8888418391598352e+00
max_c_e_gamma_mixing_angles_polarization_02_local_minimum_608,C_e_gamma,polarization_cluster_02_local_minimum_608,2.3725405615964599e+00,9.1567106854697489e-01,kp,3.9864379756733535e-02,-7.2593759711920387e-04,4.0712728972115437e-03,-3.9646001123236685e-02,3.9861104518843490e-02,1.7472491855700421e+00,1.0014520280534809e+00,1.0007257506697231e+00,6.0757899123424566e-02,6.0167119657761073e-02,0.0000000000000000e+00,0.0000000000000000e+00,3.1415926535897931e+00,0.0000000000000000e+00,0.0000000000000000e+00,2.9427326740601911e+00,5.1432607672116095e+00,2.0933670349618121e-02,4.8888418391598352e+00
max_c_e_gamma_mixing_angles_polarization_02_local_minimum_608,C_e_gamma,polarization_cluster_02_local_minimum_608,2.3725405615964599e+00,9.1567106854697489e-01,pp,9.3992770056420361e-01,0.0000000000000000e+00,-0.0000000000000000e+00,6.0167119657761073e-02,6.0167119657761073e-02,0.0000000000000000e+00,1.0014520280534809e+00,1.0007257506697231e+00,6.0757899123424566e-02,6.0167119657761073e-02,0.0000000000000000e+00,0.0000000000000000e+00,3.1415926535897931e+00,0.0000000000000000e+00,0.0000000000000000e+00,2.9427326740601911e+00,5.1432607672116095e+00,2.0933670349618121e-02,4.8888418391598352e+00
max_c_e_gamma_mixing_angles_polarization_02_local_minimum_608,C_e_gamma,polarization_cluster_02_local_minimum_608,2.3725405615964599e+00,9.1567106854697489e-01,qout,2.0933670349618121e-02,7.2593759711920387e-04,-4.0712728972115437e-03,-2.0521118534524388e-02,2.0933670349618121e-02,4.8888418391598352e+00,1.0014520280534809e+00,1.0007257506697231e+00,6.0757899123424566e-02,6.0167119657761073e-02,0.0000000000000000e+00,0.0000000000000000e+00,3.1415926535897931e+00,0.0000000000000000e+00,0.0000000000000000e+00,2.9427326740601911e+00,5.1432607672116095e+00,2.0933670349618121e-02,4.8888418391598352e+00
max_c_e_gamma_mixing_angles_polarization_02_local_minimum_612,C_e_gamma,polarization_cluster_02_local_minimum_612,2.3486477618267325e+00,7.2270792920211069e-01,k,4.6357893003546431e-02,0.0000000000000000e+00,0.0000000000000000e+00,-4.6355076569900712e-02,4.6355076569900712e-02,0.0000000000000000e+00,9.7121538766538218e-01,9.8550260662536160e-01,4.6355076569900712e-02,4.5572416658615111e-02,0.0000000000000000e+00,0.0000000000000000e+00,3.1415926535897931e+00,0.0000000000000000e+00,0.0000000000000000e+00,2.8814154103622860e+00,1.1831247770781610e+00,1.6012599420913372e-02,1.6516904736572493e+00
max_c_e_gamma_mixing_angles_polarization_02_local_minimum_612,C_e_gamma,polarization_cluster_02_local_minimum_612,2.3486477618267325e+00,7.2270792920211069e-01,p,9.3914471362181517e-01,0.0000000000000000e+00,0.0000000000000000e+00,4.6355076569900712e-02,4.6355076569900712e-02,0.0000000000000000e+00,9.7121538766538218e-01,9.8550260662536160e-01,4.6355076569900712e-02,4.5572416658615111e-02,0.0000000000000000e+00,0.0000000000000000e+00,3.1415926535897931e+00,0.0000000000000000e+00,0.0000000000000000e+00,2.8814154103622860e+00,1.1831247770781610e+00,1.6012599420913372e-02,1.6516904736572493e+00
max_c_e_gamma_mixing_angles_polarization_02_local_minimum_612,C_e_gamma,polarization_cluster_02_local_minimum_612,2.3486477618267325e+00,7.2270792920211069e-01,kp,3.0383599411091311e-02,3.3286156745127282e-04,-4.1057999441585450e-03,-3.0098730924114206e-02,3.0379302053318593e-02,4.7932831272470420e+00,9.7121538766538218e-01,9.8550260662536160e-01,4.6355076569900712e-02,4.5572416658615111e-02,0.0000000000000000e+00,0.0000000000000000e+00,3.1415926535897931e+00,0.0000000000000000e+00,0.0000000000000000e+00,2.8814154103622860e+00,1.1831247770781610e+00,1.6012599420913372e-02,1.6516904736572493e+00
max_c_e_gamma_mixing_angles_polarization_02_local_minimum_612,C_e_gamma,polarization_cluster_02_local_minimum_612,2.3486477618267325e+00,7.2270792920211069e-01,pp,9.3910640779418930e-01,0.0000000000000000e+00,0.0000000000000000e+00,4.5572416658615111e-02,4.5572416658615111e-02,0.0000000000000000e+00,9.7121538766538218e-01,9.8550260662536160e-01,4.6355076569900712e-02,4.5572416658615111e-02,0.0000000000000000e+00,0.0000000000000000e+00,3.1415926535897931e+00,0.0000000000000000e+00,0.0000000000000000e+00,2.8814154103622860e+00,1.1831247770781610e+00,1.6012599420913372e-02,1.6516904736572493e+00
max_c_e_gamma_mixing_angles_polarization_02_local_minimum_612,C_e_gamma,polarization_cluster_02_local_minimum_612,2.3486477618267325e+00,7.2270792920211069e-01,qout,1.6012599420913372e-02,-3.3286156745127282e-04,4.1057999441585450e-03,-1.5473685734500905e-02,1.6012599420913372e-02,1.6516904736572493e+00,9.7121538766538218e-01,9.8550260662536160e-01,4.6355076569900712e-02,4.5572416658615111e-02,0.0000000000000000e+00,0.0000000000000000e+00,3.1415926535897931e+00,0.0000000000000000e+00,0.0000000000000000e+00,2.8814154103622860e+00,1.1831247770781610e+00,1.6012599420913372e-02,1.6516904736572493e+00
max_c_e_gamma_mixing_angles_polarization_02_local_minimum_616,C_e_gamma,polarization_cluster_02_local_minimum_616,2.3729170874115257e+00,9.1490469406714070e-01,k,5.0357550834585291e-02,0.0000000000000000e+00,0.0000000000000000e+00,-5.0354958108719948e-02,5.0354958108719948e-02,0.0000000000000000e+00,9.7952229977862371e-01,9.8970818920458759e-01,5.0354958108719948e-02,4.9627742349912296e-02,0.0000000000000000e+00,0.0000000000000000e+00,3.1415926535897931e+00,0.0000000000000000e+00,0.0000000000000000e+00,2.9039103508475135e+00,4.3994164642980248e-02,1.7702852248323742e-02,4.8918804343151026e+00
max_c_e_gamma_mixing_angles_polarization_02_local_minimum_616,C_e_gamma,polarization_cluster_02_local_minimum_616,2.3729170874115257e+00,9.1490469406714070e-01,p,9.3935063837000232e-01,0.0000000000000000e+00,0.0000000000000000e+00,5.0354958108719948e-02,5.0354958108719948e-02,0.0000000000000000e+00,9.7952229977862371e-01,9.8970818920458759e-01,5.0354958108719948e-02,4.9627742349912296e-02,0.0000000000000000e+00,0.0000000000000000e+00,3.1415926535897931e+00,0.0000000000000000e+00,0.0000000000000000e+00,2.9039103508475135e+00,4.3994164642980248e-02,1.7702852248323742e-02,4.8918804343151026e+00
max_c_e_gamma_mixing_angles_polarization_02_local_minimum_616,C_e_gamma,polarization_cluster_02_local_minimum_616,2.3729170874115257e+00,9.1490469406714070e-01,kp,3.2693401116414979e-02,-7.4413645504299109e-04,4.1011864112630624e-03,-3.2422582987606807e-02,3.2689407407169420e-02,1.7502877807253092e+00,9.7952229977862371e-01,9.8970818920458759e-01,5.0354958108719948e-02,4.9627742349912296e-02,0.0000000000000000e+00,0.0000000000000000e+00,3.1415926535897931e+00,0.0000000000000000e+00,0.0000000000000000e+00,2.9039103508475135e+00,4.3994164642980248e-02,1.7702852248323742e-02,4.8918804343151026e+00
max_c_e_gamma_mixing_angles_polarization_02_local_minimum_616,C_e_gamma,polarization_cluster_02_local_minimum_616,2.3729170874115257e+00,9.1490469406714070e-01,pp,9.3931193583960659e-01,0.0000000000000000e+00,0.0000000000000000e+00,4.9627742349912296e-02,4.9627742349912296e-02,0.0000000000000000e+00,9.7952229977862371e-01,9.8970818920458759e-01,5.0354958108719948e-02,4.9627742349912296e-02,0.0000000000000000e+00,0.0000000000000000e+00,3.1415926535897931e+00,0.0000000000000000e+00,0.0000000000000000e+00,2.9039103508475135e+00,4.3994164642980248e-02,1.7702852248323742e-02,4.8918804343151026e+00
max_c_e_gamma_mixing_angles_polarization_02_local_minimum_616,C_e_gamma,polarization_cluster_02_local_minimum_616,2.3729170874115257e+00,9.1490469406714070e-01,qout,1.7702852248323742e-02,7.4413645504299109e-04,-4.1011864112630624e-03,-1.7205159362305489e-02,1.7702852248323742e-02,4.8918804343151026e+00,9.7952229977862371e-01,9.8970818920458759e-01,5.0354958108719948e-02,4.9627742349912296e-02,0.0000000000000000e+00,0.0000000000000000e+00,3.1415926535897931e+00,0.0000000000000000e+00,0.0000000000000000e+00,2.9039103508475135e+00,4.3994164642980248e-02,1.7702852248323742e-02,4.8918804343151026e+00
max_c_e_gamma_mixing_angles_polarization_02_local_minimum_620,C_e_gamma,polarization_cluster_02_local_minimum_620,2.3371666035207341e+00,6.6784126357937190e-01,k,4.6690326451109994e-02,0.0000000000000000e+00,0.0000000000000000e+00,-4.6687530071576076e-02,4.6687530071576076e-02,0.0000000000000000e+00,9.7190319638839218e-01,9.8585150828529566e-01,4.6687530071576076e-02,4.5906633426056942e-02,0.0000000000000000e+00,0.0000000000000000e+00,3.1415926535897931e+00,0.0000000000000000e+00,0.0000000000000000e+00,2.8830830967969896e+00,5.0552447785486683e+00,1.6166224812631302e-02,4.5063914703916241e+00
max_c_e_gamma_mixing_angles_polarization_02_local_minimum_620,C_e_gamma,polarization_cluster_02_local_minimum_620,2.3371666035207341e+00,6.6784126357937190e-01,p,9.3916118183418562e-01,0.0000000000000000e+00,0.0000000000000000e+00,4.6687530071576076e-02,4.6687530071576076e-02,0.0000000000000000e+00,9.7190319638839218e-01,9.8585150828529566e-01,4.6687530071576076e-02,4.5906633426056942e-02,0.0000000000000000e+00,0.0000000000000000e+00,3.1415926535897931e+00,0.0000000000000000e+00,0.0000000000000000e+00,2.8830830967969896e+00,5.0552447785486683e+00,1.6166224812631302e-02,4.5063914703916241e+00
max_c_e_gamma_mixing_angles_polarization_02_local_minimum_620,C_e_gamma,polarization_cluster_02_local_minimum_620,2.3371666035207341e+00,6.6784126357937190e-01,kp,3.0562597667852437e-02,8.4532429547794230e-04,4.0453558235648782e-03,-3.0277578822890425e-02,3.0558325482266176e-02,1.3647988168018308e+00,9.7190319638839218e-01,9.8585150828529566e-01,4.6687530071576076e-02,4.5906633426056942e-02,0.0000000000000000e+00,0.0000000000000000e+00,3.1415926535897931e+00,0.0000000000000000e+00,0.0000000000000000e+00,2.8830830967969896e+00,5.0552447785486683e+00,1.6166224812631302e-02,4.5063914703916241e+00
max_c_e_gamma_mixing_angles_polarization_02_local_minimum_620,C_e_gamma,polarization_cluster_02_local_minimum_620,2.3371666035207341e+00,6.6784126357937190e-01,pp,9.3912268580442360e-01,0.0000000000000000e+00,-0.0000000000000000e+00,4.5906633426056942e-02,4.5906633426056942e-02,0.0000000000000000e+00,9.7190319638839218e-01,9.8585150828529566e-01,4.6687530071576076e-02,4.5906633426056942e-02,0.0000000000000000e+00,0.0000000000000000e+00,3.1415926535897931e+00,0.0000000000000000e+00,0.0000000000000000e+00,2.8830830967969896e+00,5.0552447785486683e+00,1.6166224812631302e-02,4.5063914703916241e+00
max_c_e_gamma_mixing_angles_polarization_02_local_minimum_620,C_e_gamma,polarization_cluster_02_local_minimum_620,2.3371666035207341e+00,6.6784126357937190e-01,qout,1.6166224812631302e-02,-8.4532429547794230e-04,-4.0453558235648782e-03,-1.5629054603166517e-02,1.6166224812631302e-02,4.5063914703916241e+00,9.7190319638839218e-01,9.8585150828529566e-01,4.6687530071576076e-02,4.5906633426056942e-02,0.0000000000000000e+00,0.0000000000000000e+00,3.1415926535897931e+00,0.0000000000000000e+00,0.0000000000000000e+00,2.8830830967969896e+00,5.0552447785486683e+00,1.6166224812631302e-02,4.5063914703916241e+00
max_c_e_gamma_mixing_angles_polarization_02_local_minimum_623,C_e_gamma,polarization_cluster_02_local_minimum_623,2.3783098084175052e+00,9.1802752603210691e-01,k,4.7275450499367690e-02,0.0000000000000000e+00,0.0000000000000000e+00,-4.7272688732409369e-02,4.7272688732409369e-02,0.0000000000000000e+00,9.7311497886518350e-01,9.8646590354922226e-01,4.7272688732409369e-02,4.6492382336509763e-02,0.0000000000000000e+00,0.0000000000000000e+00,3.1415926535897931e+00,0.0000000000000000e+00,0.0000000000000000e+00,2.8889650318144144e+00,5.0295626350358029e+00,1.6722980020830749e-02,4.9502924211975747e+00
max_c_e_gamma_mixing_angles_polarization_02_local_minimum_623,C_e_gamma,polarization_cluster_02_local_minimum_623,2.3783098084175052e+00,9.1802752603210691e-01,p,9.3919045304985460e-01,0.0000000000000000e+00,0.0000000000000000e+00,4.7272688732409369e-02,4.7272688732409369e-02,0.0000000000000000e+00,9.7311497886518350e-01,9.8646590354922226e-01,4.7272688732409369e-02,4.6492382336509763e-02,0.0000000000000000e+00,0.0000000000000000e+00,3.1415926535897931e+00,0.0000000000000000e+00,0.0000000000000000e+00,2.8889650318144144e+00,5.0295626350358029e+00,1.6722980020830749e-02,4.9502924211975747e+00
max_c_e_gamma_mixing_angles_polarization_02_local_minimum_623,C_e_gamma,polarization_cluster_02_local_minimum_623,2.3783098084175052e+00,9.1802752603210691e-01,kp,3.0591422643180145e-02,-9.8505709436701237e-04,4.0621627275286452e-03,-3.0300206532343769e-02,3.0587154483651693e-02,1.8086997676077814e+00,9.7311497886518350e-01,9.8646590354922226e-01,4.7272688732409369e-02,4.6492382336509763e-02,0.0000000000000000e+00,0.0000000000000000e+00,3.1415926535897931e+00,0.0000000000000000e+00,0.0000000000000000e+00,2.8889650318144144e+00,5.0295626350358029e+00,1.6722980020830749e-02,4.9502924211975747e+00
max_c_e_gamma_mixing_angles_polarization_02_local_minimum_623,C_e_gamma,polarization_cluster_02_local_minimum_623,2.3783098084175052e+00,9.1802752603210691e-01,pp,9.3915150088541310e-01,0.0000000000000000e+00,-0.0000000000000000e+00,4.6492382336509763e-02,4.6492382336509763e-02,0.0000000000000000e+00,9.7311497886518350e-01,9.8646590354922226e-01,4.7272688732409369e-02,4.6492382336509763e-02,0.0000000000000000e+00,0.0000000000000000e+00,3.1415926535897931e+00,0.0000000000000000e+00,0.0000000000000000e+00,2.8889650318144144e+00,5.0295626350358029e+00,1.6722980020830749e-02,4.9502924211975747e+00
max_c_e_gamma_mixing_angles_polarization_02_local_minimum_623,C_e_gamma,polarization_cluster_02_local_minimum_623,2.3783098084175052e+00,9.1802752603210691e-01,qout,1.6722980020830749e-02,9.8505709436701237e-04,-4.0621627275286452e-03,-1.6192175804165994e-02,1.6722980020830749e-02,4.9502924211975747e+00,9.7311497886518350e-01,9.8646590354922226e-01,4.7272688732409369e-02,4.6492382336509763e-02,0.0000000000000000e+00,0.0000000000000000e+00,3.1415926535897931e+00,0.0000000000000000e+00,0.0000000000000000e+00,2.8889650318144144e+00,5.0295626350358029e+00,1.6722980020830749e-02,4.9502924211975747e+00
max_c_e_gamma_mixing_angles_polarization_02_local_minimum_624,C_e_gamma,polarization_cluster_02_local_minimum_624,2.3800602081393838e+00,9.0545056410939195e-01,k,5.1080929946403307e-02,0.0000000000000000e+00,0.0000000000000000e+00,-5.1078373939099322e-02,5.1078373939099322e-02,0.0000000000000000e+00,9.8103206015969635e-01,9.9047062559153987e-01,5.1078373939099322e-02,5.0357972038909793e-02,0.0000000000000000e+00,0.0000000000000000e+00,3.1415926535897931e+00,0.0000000000000000e+00,0.0000000000000000e+00,2.9077708204777410e+00,9.8632244555876802e-01,1.8068259568471152e-02,1.3138012615505890e+00
max_c_e_gamma_mixing_angles_polarization_02_local_minimum_624,C_e_gamma,polarization_cluster_02_local_minimum_624,2.3800602081393838e+00,9.0545056410939195e-01,p,9.3938969564513652e-01,0.0000000000000000e+00,0.0000000000000000e+00,5.1078373939099322e-02,5.1078373939099322e-02,0.0000000000000000e+00,9.8103206015969635e-01,9.9047062559153987e-01,5.1078373939099322e-02,5.0357972038909793e-02,0.0000000000000000e+00,0.0000000000000000e+00,3.1415926535897931e+00,0.0000000000000000e+00,0.0000000000000000e+00,2.9077708204777410e+00,9.8632244555876802e-01,1.8068259568471152e-02,1.3138012615505890e+00
max_c_e_gamma_mixing_angles_polarization_02_local_minimum_624,C_e_gamma,polarization_cluster_02_local_minimum_624,2.3800602081393838e+00,9.0545056410939195e-01,kp,3.3051566083232682e-02,-1.0640705394956229e-03,-4.0488742701762139e-03,-3.2781386054568810e-02,3.3047615657220961e-02,4.4553939151403821e+00,9.8103206015969635e-01,9.9047062559153987e-01,5.1078373939099322e-02,5.0357972038909793e-02,0.0000000000000000e+00,0.0000000000000000e+00,3.1415926535897931e+00,0.0000000000000000e+00,0.0000000000000000e+00,2.9077708204777410e+00,9.8632244555876802e-01,1.8068259568471152e-02,1.3138012615505890e+00
max_c_e_gamma_mixing_angles_polarization_02_local_minimum_624,C_e_gamma,polarization_cluster_02_local_minimum_624,2.3800602081393838e+00,9.0545056410939195e-01,pp,9.3935079993997528e-01,0.0000000000000000e+00,0.0000000000000000e+00,5.0357972038909793e-02,5.0357972038909793e-02,0.0000000000000000e+00,9.8103206015969635e-01,9.9047062559153987e-01,5.1078373939099322e-02,5.0357972038909793e-02,0.0000000000000000e+00,0.0000000000000000e+00,3.1415926535897931e+00,0.0000000000000000e+00,0.0000000000000000e+00,2.9077708204777410e+00,9.8632244555876802e-01,1.8068259568471152e-02,1.3138012615505890e+00
max_c_e_gamma_mixing_angles_polarization_02_local_minimum_624,C_e_gamma,polarization_cluster_02_local_minimum_624,2.3800602081393838e+00,9.0545056410939195e-01,qout,1.8068259568471152e-02,1.0640705394956229e-03,4.0488742701762139e-03,-1.7576585984340982e-02,1.8068259568471152e-02,1.3138012615505890e+00,9.8103206015969635e-01,9.9047062559153987e-01,5.1078373939099322e-02,5.0357972038909793e-02,0.0000000000000000e+00,0.0000000000000000e+00,3.1415926535897931e+00,0.0000000000000000e+00,0.0000000000000000e+00,2.9077708204777410e+00,9.8632244555876802e-01,1.8068259568471152e-02,1.3138012615505890e+00
max_c_e_gamma_mixing_angles_polarization_02_local_minimum_628,C_e_gamma,polarization_cluster_02_local_minimum_628,2.3843313990720185e+00,8.9259048070092573e-01,k,4.6441358317398325e-02,0.0000000000000000e+00,0.0000000000000000e+00,-4.6438546945808734e-02,4.6438546945808734e-02,0.0000000000000000e+00,9.7138803373964011e-01,9.8559019563895833e-01,4.6438546945808734e-02,4.5645791760762222e-02,0.0000000000000000e+00,0.0000000000000000e+00,3.1415926535897931e+00,0.0000000000000000e+00,0.0000000000000000e+00,2.8830734755335823e+00,5.8645324649043209e+00,1.6291652723442813e-02,5.0181739076643934e+00
max_c_e_gamma_mixing_angles_polarization_02_local_minimum_628,C_e_gamma,polarization_cluster_02_local_minimum_628,2.3843313990720185e+00,8.9259048070092573e-01,p,9.3914883732155996e-01,0.0000000000000000e+00,0.0000000000000000e+00,4.6438546945808734e-02,4.6438546945808734e-02,0.0000000000000000e+00,9.7138803373964011e-01,9.8559019563895833e-01,4.6438546945808734e-02,4.5645791760762222e-02,0.0000000000000000e+00,0.0000000000000000e+00,3.1415926535897931e+00,0.0000000000000000e+00,0.0000000000000000e+00,2.8830734755335823e+00,5.8645324649043209e+00,1.6291652723442813e-02,5.0181739076643934e+00
max_c_e_gamma_mixing_angles_polarization_02_local_minimum_628,C_e_gamma,polarization_cluster_02_local_minimum_628,2.3843313990720185e+00,8.9259048070092573e-01,kp,3.0188571556382070e-02,-1.2538234616197355e-03,3.9717403030968016e-03,-2.9895517028138981e-02,3.0184246432334524e-02,1.8765812540746001e+00,9.7138803373964011e-01,9.8559019563895833e-01,4.6438546945808734e-02,4.5645791760762222e-02,0.0000000000000000e+00,0.0000000000000000e+00,3.1415926535897931e+00,0.0000000000000000e+00,0.0000000000000000e+00,2.8830734755335823e+00,5.8645324649043209e+00,1.6291652723442813e-02,5.0181739076643934e+00
max_c_e_gamma_mixing_angles_polarization_02_local_minimum_628,C_e_gamma,polarization_cluster_02_local_minimum_628,2.3843313990720185e+00,8.9259048070092573e-01,pp,9.3910997135876828e-01,0.0000000000000000e+00,-0.0000000000000000e+00,4.5645791760762222e-02,4.5645791760762222e-02,0.0000000000000000e+00,9.7138803373964011e-01,9.8559019563895833e-01,4.6438546945808734e-02,4.5645791760762222e-02,0.0000000000000000e+00,0.0000000000000000e+00,3.1415926535897931e+00,0.0000000000000000e+00,0.0000000000000000e+00,2.8830734755335823e+00,5.8645324649043209e+00,1.6291652723442813e-02,5.0181739076643934e+00
max_c_e_gamma_mixing_angles_polarization_02_local_minimum_628,C_e_gamma,polarization_cluster_02_local_minimum_628,2.3843313990720185e+00,8.9259048070092573e-01,qout,1.6291652723442813e-02,1.2538234616197355e-03,-3.9717403030968016e-03,-1.5750274732623241e-02,1.6291652723442816e-02,5.0181739076643934e+00,9.7138803373964011e-01,9.8559019563895833e-01,4.6438546945808734e-02,4.5645791760762222e-02,0.0000000000000000e+00,0.0000000000000000e+00,3.1415926535897931e+00,0.0000000000000000e+00,0.0000000000000000e+00,2.8830734755335823e+00,5.8645324649043209e+00,1.6291652723442813e-02,5.0181739076643934e+00
max_c_e_gamma_mixing_angles_polarization_02_local_minimum_667,C_e_gamma,polarization_cluster_02_local_minimum_667,7.9203577170035722e-01,4.0290432348442795e-01,k,4.6593647902960569e-02,0.0000000000000000e+00,0.0000000000000000e+00,-4.6590845720786832e-02,4.6590845720786832e-02,0.0000000000000000e+00,9.7170311836116063e-01,9.8575002833434433e-01,4.6590845720786832e-02,4.5773860996632720e-02,0.0000000000000000e+00,0.0000000000000000e+00,3.1415926535897931e+00,0.0000000000000000e+00,0.0000000000000000e+00,2.8717471473314697e+00,4.3841049862572934e-01,1.5737820516010949e-02,1.4826806914912629e+00
max_c_e_gamma_mixing_angles_polarization_02_local_minimum_667,C_e_gamma,polarization_cluster_02_local_minimum_667,7.9203577170035722e-01,4.0290432348442795e-01,p,9.3915638043138372e-01,0.0000000000000000e+00,0.0000000000000000e+00,4.6590845720786832e-02,4.6590845720786832e-02,0.0000000000000000e+00,9.7170311836116063e-01,9.8575002833434433e-01,4.6590845720786832e-02,4.5773860996632720e-02,0.0000000000000000e+00,0.0000000000000000e+00,3.1415926535897931e+00,0.0000000000000000e+00,0.0000000000000000e+00,2.8717471473314697e+00,4.3841049862572934e-01,1.5737820516010949e-02,1.4826806914912629e+00
max_c_e_gamma_mixing_angles_polarization_02_local_minimum_667,C_e_gamma,polarization_cluster_02_local_minimum_667,7.9203577170035722e-01,4.0290432348442795e-01,kp,3.0896002893722116e-02,-3.6920460769857114e-04,-4.1791512366915464e-03,-3.0605559262664978e-02,3.0891776816524885e-02,4.6242733450810558e+00,9.7170311836116063e-01,9.8575002833434433e-01,4.6590845720786832e-02,4.5773860996632720e-02,0.0000000000000000e+00,0.0000000000000000e+00,3.1415926535897931e+00,0.0000000000000000e+00,0.0000000000000000e+00,2.8717471473314697e+00,4.3841049862572934e-01,1.5737820516010949e-02,1.4826806914912629e+00
max_c_e_gamma_mixing_angles_polarization_02_local_minimum_667,C_e_gamma,polarization_cluster_02_local_minimum_667,7.9203577170035722e-01,4.0290432348442795e-01,pp,9.3911620492383097e-01,0.0000000000000000e+00,0.0000000000000000e+00,4.5773860996632720e-02,4.5773860996632720e-02,0.0000000000000000e+00,9.7170311836116063e-01,9.8575002833434433e-01,4.6590845720786832e-02,4.5773860996632720e-02,0.0000000000000000e+00,0.0000000000000000e+00,3.1415926535897931e+00,0.0000000000000000e+00,0.0000000000000000e+00,2.8717471473314697e+00,4.3841049862572934e-01,1.5737820516010949e-02,1.4826806914912629e+00
max_c_e_gamma_mixing_angles_polarization_02_local_minimum_667,C_e_gamma,polarization_cluster_02_local_minimum_667,7.9203577170035722e-01,4.0290432348442795e-01,qout,1.5737820516010949e-02,3.6920460769857114e-04,4.1791512366915464e-03,-1.5168301733967743e-02,1.5737820516010949e-02,1.4826806914912629e+00,9.7170311836116063e-01,9.8575002833434433e-01,4.6590845720786832e-02,4.5773860996632720e-02,0.0000000000000000e+00,0.0000000000000000e+00,3.1415926535897931e+00,0.0000000000000000e+00,0.0000000000000000e+00,2.8717471473314697e+00,4.3841049862572934e-01,1.5737820516010949e-02,1.4826806914912629e+00
max_c_e_gamma_mixing_angles_polarization_02_local_minimum_754,C_e_gamma,polarization_cluster_02_local_minimum_754,7.5556202454740951e-01,1.0043402513880264e+00,k,6.6240348902222496e-02,0.0000000000000000e+00,0.0000000000000000e+00,-6.6238377869338463e-02,6.6238377869338463e-02,0.0000000000000000e+00,1.0131956569427913e+00,1.0065762052337575e+00,6.6238377869338463e-02,5.5107688104365268e-02,0.0000000000000000e+00,0.0000000000000000e+00,3.1415926535897931e+00,0.0000000000000000e+00,1.0791645054552383e-01,2.4461276761959607e+00,3.7929522096232620e+00,3.4286096981121290e-02,6.5160916455029738e-01
max_c_e_gamma_mixing_angles_polarization_02_local_minimum_754,C_e_gamma,polarization_cluster_02_local_minimum_754,7.5556202454740951e-01,1.0043402513880264e+00,p,9.4033585633153494e-01,0.0000000000000000e+00,0.0000000000000000e+00,6.6238377869338463e-02,6.6238377869338463e-02,0.0000000000000000e+00,1.0131956569427913e+00,1.0065762052337575e+00,6.6238377869338463e-02,5.5107688104365268e-02,0.0000000000000000e+00,0.0000000000000000e+00,3.1415926535897931e+00,0.0000000000000000e+00,1.0791645054552383e-01,2.4461276761959607e+00,3.7929522096232620e+00,3.4286096981121290e-02,6.5160916455029738e-01
max_c_e_gamma_mixing_angles_polarization_02_local_minimum_754,C_e_gamma,polarization_cluster_02_local_minimum_754,7.5556202454740951e-01,1.0043402513880264e+00,kp,3.2672708834681978e-02,-1.2747138465551346e-02,-9.7247002249832327e-03,-2.8463756764406153e-02,3.2668712595830963e-02,3.7932942239464973e+00,1.0131956569427913e+00,1.0065762052337575e+00,6.6238377869338463e-02,5.5107688104365268e-02,0.0000000000000000e+00,0.0000000000000000e+00,3.1415926535897931e+00,0.0000000000000000e+00,1.0791645054552383e-01,2.4461276761959607e+00,3.7929522096232620e+00,3.4286096981121290e-02,6.5160916455029738e-01
max_c_e_gamma_mixing_angles_polarization_02_local_minimum_754,C_e_gamma,polarization_cluster_02_local_minimum_754,7.5556202454740951e-01,1.0043402513880264e+00,pp,9.3961739941755440e-01,-4.7202591738812610e-03,-3.5984984459226455e-03,5.4787108433226185e-02,5.5107688104365275e-02,3.7929522096232620e+00,1.0131956569427913e+00,1.0065762052337575e+00,6.6238377869338463e-02,5.5107688104365268e-02,0.0000000000000000e+00,0.0000000000000000e+00,3.1415926535897931e+00,0.0000000000000000e+00,1.0791645054552383e-01,2.4461276761959607e+00,3.7929522096232620e+00,3.4286096981121290e-02,6.5160916455029738e-01
max_c_e_gamma_mixing_angles_polarization_02_local_minimum_754,C_e_gamma,polarization_cluster_02_local_minimum_754,7.5556202454740951e-01,1.0043402513880264e+00,qout,3.4286096981121290e-02,1.7467397639432607e-02,1.3323198670905877e-02,-2.6323351668820032e-02,3.4286096981121290e-02,6.5160916455029727e-01,1.0131956569427913e+00,1.0065762052337575e+00,6.6238377869338463e-02,5.5107688104365268e-02,0.0000000000000000e+00,0.0000000000000000e+00,3.1415926535897931e+00,0.0000000000000000e+00,1.0791645054552383e-01,2.4461276761959607e+00,3.7929522096232620e+00,3.4286096981121290e-02,6.5160916455029738e-01
max_c_e_gamma_mixing_angles_polarization_02_local_minimum_784,C_e_gamma,polarization_cluster_02_local_minimum_784,2.2495265199751220e+00,4.0122198202460996e-01,k,4.6294940615416731e-02,0.0000000000000000e+00,0.0000000000000000e+00,-4.6292120351719264e-02,4.6292120351719264e-02,0.0000000000000000e+00,9.7108519190301490e-01,9.8543654889749999e-01,4.6292120351719264e-02,3.4902502806104373e-02,0.0000000000000000e+00,0.0000000000000000e+00,3.1415926535897931e+00,0.0000000000000000e+00,1.5573376286501184e+00,1.4453224395068127e+00,6.0131566414813387e+00,3.9710295568516907e-02,2.8715132489932884e+00
max_c_e_gamma_mixing_angles_polarization_02_local_minimum_784,C_e_gamma,polarization_cluster_02_local_minimum_784,2.2495265199751220e+00,4.0122198202460996e-01,p,9.3914160828208326e-01,0.0000000000000000e+00,0.0000000000000000e+00,4.6292120351719264e-02,4.6292120351719264e-02,0.0000000000000000e+00,9.7108519190301490e-01,9.8543654889749999e-01,4.6292120351719264e-02,3.4902502806104373e-02,0.0000000000000000e+00,0.0000000000000000e+00,3.1415926535897931e+00,0.0000000000000000e+00,1.5573376286501184e+00,1.4453224395068127e+00,6.0131566414813387e+00,3.9710295568516907e-02,2.8715132489932884e+00
max_c_e_gamma_mixing_angles_polarization_02_local_minimum_784,C_e_gamma,polarization_cluster_02_local_minimum_784,2.2495265199751220e+00,4.0122198202460996e-01,kp,7.0771257524078392e-03,4.3352161371448678e-03,-1.2020143066902890e-03,-5.4392694030764568e-03,7.0586534826759355e-03,6.0127122941207283e+00,9.7108519190301490e-01,9.8543654889749999e-01,4.6292120351719264e-02,3.4902502806104373e-02,0.0000000000000000e+00,0.0000000000000000e+00,3.1415926535897931e+00,0.0000000000000000e+00,1.5573376286501184e+00,1.4453224395068127e+00,6.0131566414813387e+00,3.9710295568516907e-02,2.8715132489932884e+00
max_c_e_gamma_mixing_angles_polarization_02_local_minimum_784,C_e_gamma,polarization_cluster_02_local_minimum_784,2.2495265199751220e+00,4.0122198202460996e-01,pp,9.3864912757756824e-01,3.3634703067937671e-02,-9.3097157423476483e-03,4.6972806864420196e-04,3.4902502806104373e-02,6.0131566414813387e+00,9.7108519190301490e-01,9.8543654889749999e-01,4.6292120351719264e-02,3.4902502806104373e-02,0.0000000000000000e+00,0.0000000000000000e+00,3.1415926535897931e+00,0.0000000000000000e+00,1.5573376286501184e+00,1.4453224395068127e+00,6.0131566414813387e+00,3.9710295568516907e-02,2.8715132489932884e+00
max_c_e_gamma_mixing_angles_polarization_02_local_minimum_784,C_e_gamma,polarization_cluster_02_local_minimum_784,2.2495265199751220e+00,4.0122198202460996e-01,qout,3.9710295568516907e-02,-3.7969919205082539e-02,1.0511730049037937e-02,4.9695413344322545e-03,3.9710295568516907e-02,2.8715132489932884e+00,9.7108519190301490e-01,9.8543654889749999e-01,4.6292120351719264e-02,3.4902502806104373e-02,0.0000000000000000e+00,0.0000000000000000e+00,3.1415926535897931e+00,0.0000000000000000e+00,1.5573376286501184e+00,1.4453224395068127e+00,6.0131566414813387e+00,3.9710295568516907e-02,2.8715132489932884e+00
max_c_e_gamma_mixing_angles_polarization_02_local_minimum_1213,C_e_gamma,polarization_cluster_02_local_minimum_1213,2.1710125005087768e+00,5.4113428809379138e-01,k,8.1651890999002552e-01,0.0000000000000000e+00,0.0000000000000000e+00,-8.1651875009173702e-01,8.1651875009173702e-01,0.0000000000000000e+00,4.2440997124235205e+00,2.0601212858527336e+00,8.1651875009173702e-01,7.6038824044449704e-01,0.0000000000000000e+00,0.0000000000000000e+00,3.1415926535897931e+00,0.0000000000000000e+00,1.8063384424423460e-02,2.7962801426516375e+00,3.8088004557731975e-01,5.6105852986386562e-01,3.5221315091147192e+00
max_c_e_gamma_mixing_angles_polarization_02_local_minimum_1213,C_e_gamma,polarization_cluster_02_local_minimum_1213,2.1710125005087768e+00,5.4113428809379138e-01,p,1.2436023758627082e+00,0.0000000000000000e+00,0.0000000000000000e+00,8.1651875009173702e-01,8.1651875009173702e-01,0.0000000000000000e+00,4.2440997124235205e+00,2.0601212858527336e+00,8.1651875009173702e-01,7.6038824044449704e-01,0.0000000000000000e+00,0.0000000000000000e+00,3.1415926535897931e+00,0.0000000000000000e+00,1.8063384424423460e-02,2.7962801426516375e+00,3.8088004557731975e-01,5.6105852986386562e-01,3.5221315091147192e+00
max_c_e_gamma_mixing_angles_polarization_02_local_minimum_1213,C_e_gamma,polarization_cluster_02_local_minimum_1213,2.1710125005087768e+00,5.4113428809379138e-01,kp,2.9157185490272330e-01,1.6357742164012204e-01,6.5432084408950611e-02,-2.3232510607112078e-01,2.9157140712265978e-01,3.8051225722514476e-01,4.2440997124235205e+00,2.0601212858527336e+00,8.1651875009173702e-01,7.6038824044449704e-01,0.0000000000000000e+00,0.0000000000000000e+00,3.1415926535897931e+00,0.0000000000000000e+00,1.8063384424423460e-02,2.7962801426516375e+00,3.8088004557731975e-01,5.6105852986386562e-01,3.5221315091147192e+00
max_c_e_gamma_mixing_angles_polarization_02_local_minimum_1213,C_e_gamma,polarization_cluster_02_local_minimum_1213,2.1710125005087768e+00,5.4113428809379138e-01,pp,1.2074909010863304e+00,1.2750198796884946e-02,5.1056069879538840e-03,7.6026419185320226e-01,7.6038824044449704e-01,3.8088004557731975e-01,4.2440997124235205e+00,2.0601212858527336e+00,8.1651875009173702e-01,7.6038824044449704e-01,0.0000000000000000e+00,0.0000000000000000e+00,3.1415926535897931e+00,0.0000000000000000e+00,1.8063384424423460e-02,2.7962801426516375e+00,3.8088004557731975e-01,5.6105852986386562e-01,3.5221315091147192e+00
max_c_e_gamma_mixing_angles_polarization_02_local_minimum_1213,C_e_gamma,polarization_cluster_02_local_minimum_1213,2.1710125005087768e+00,5.4113428809379138e-01,qout,5.6105852986386562e-01,-1.7632762043700698e-01,-7.0537691396904495e-02,-5.2793908578208149e-01,5.6105852986386551e-01,3.5221315091147187e+00,4.2440997124235205e+00,2.0601212858527336e+00,8.1651875009173702e-01,7.6038824044449704e-01,0.0000000000000000e+00,0.0000000000000000e+00,3.1415926535897931e+00,0.0000000000000000e+00,1.8063384424423460e-02,2.7962801426516375e+00,3.8088004557731975e-01,5.6105852986386562e-01,3.5221315091147192e+00
max_c_e_gamma_mixing_angles_polarization_02_local_minimum_1223,C_e_gamma,polarization_cluster_02_local_minimum_1223,6.2151325672925539e-01,1.1563894787334459e+00,k,4.6294940615416731e-02,0.0000000000000000e+00,0.0000000000000000e+00,-4.6292120351719264e-02,4.6292120351719264e-02,0.0000000000000000e+00,9.7108519190301490e-01,9.8543654889749999e-01,4.6292120351719264e-02,2.7824020329717314e-02,0.0000000000000000e+00,0.0000000000000000e+00,3.1415926535897931e+00,0.0000000000000000e+00,1.6927290910161192e+00,2.3745063844496301e+00,3.1152617129797004e+00,2.3715471877553695e-02,6.2560991032808122e+00
max_c_e_gamma_mixing_angles_polarization_02_local_minimum_1223,C_e_gamma,polarization_cluster_02_local_minimum_1223,6.2151325672925539e-01,1.1563894787334459e+00,p,9.3914160828208326e-01,0.0000000000000000e+00,0.0000000000000000e+00,4.6292120351719264e-02,4.6292120351719264e-02,0.0000000000000000e+00,9.7108519190301490e-01,9.8543654889749999e-01,4.6292120351719264e-02,2.7824020329717314e-02,0.0000000000000000e+00,0.0000000000000000e+00,3.1415926535897931e+00,0.0000000000000000e+00,1.6927290910161192e+00,2.3745063844496301e+00,3.1152617129797004e+00,2.3715471877553695e-02,6.2560991032808122e+00
max_c_e_gamma_mixing_angles_polarization_02_local_minimum_1223,C_e_gamma,polarization_cluster_02_local_minimum_1223,6.2151325672925539e-01,1.1563894787334459e+00,kp,2.3308493927457596e-02,1.1154404805161031e-02,-2.8133830273209092e-04,2.0457880423969704e-02,2.3302891864303593e-02,6.2579684828058468e+00,9.7108519190301490e-01,9.8543654889749999e-01,4.6292120351719264e-02,2.7824020329717314e-02,0.0000000000000000e+00,0.0000000000000000e+00,3.1415926535897931e+00,0.0000000000000000e+00,1.6927290910161192e+00,2.3745063844496301e+00,3.1152617129797004e+00,2.3715471877553695e-02,6.2560991032808122e+00
max_c_e_gamma_mixing_angles_polarization_02_local_minimum_1223,C_e_gamma,polarization_cluster_02_local_minimum_1223,6.2151325672925539e-01,1.1563894787334459e+00,pp,9.3841258309301689e-01,-2.7607864993676737e-02,7.2710910066832663e-04,-3.3842591737581326e-03,2.7824020329717310e-02,3.1152617129797004e+00,9.7108519190301490e-01,9.8543654889749999e-01,4.6292120351719264e-02,2.7824020329717314e-02,0.0000000000000000e+00,0.0000000000000000e+00,3.1415926535897931e+00,0.0000000000000000e+00,1.6927290910161192e+00,2.3745063844496301e+00,3.1152617129797004e+00,2.3715471877553695e-02,6.2560991032808122e+00
max_c_e_gamma_mixing_angles_polarization_02_local_minimum_1223,C_e_gamma,polarization_cluster_02_local_minimum_1223,6.2151325672925539e-01,1.1563894787334459e+00,qout,2.3715471877553695e-02,1.6453460188515706e-02,-4.4577079793623570e-04,-1.7073621250211571e-02,2.3715471877553691e-02,6.2560991032808122e+00,9.7108519190301490e-01,9.8543654889749999e-01,4.6292120351719264e-02,2.7824020329717314e-02,0.0000000000000000e+00,0.0000000000000000e+00,3.1415926535897931e+00,0.0000000000000000e+00,1.6927290910161192e+00,2.3745063844496301e+00,3.1152617129797004e+00,2.3715471877553695e-02,6.2560991032808122e+00
max_c_e_gamma_mixing_angles_polarization_02_local_minimum_1263,C_e_gamma,polarization_cluster_02_local_minimum_1263,5.2190341295428311e-01,1.0756962607612259e+00,k,4.6294940615416731e-02,0.0000000000000000e+00,0.0000000000000000e+00,-4.6292120351719264e-02,4.6292120351719264e-02,0.0000000000000000e+00,9.7108519190301490e-01,9.8543654889749999e-01,4.6292120351719264e-02,2.4474051519251274e-02,0.0000000000000000e+00,0.0000000000000000e+00,3.1415926535897931e+00,0.0000000000000000e+00,2.2497763520224816e+00,7.1322072318116814e-01,3.4661857554581976e+00,3.5185021644990419e-02,3.2475126098750695e-01
max_c_e_gamma_mixing_angles_polarization_02_local_minimum_1263,C_e_gamma,polarization_cluster_02_local_minimum_1263,5.2190341295428311e-01,1.0756962607612259e+00,p,9.3914160828208326e-01,0.0000000000000000e+00,0.0000000000000000e+00,4.6292120351719264e-02,4.6292120351719264e-02,0.0000000000000000e+00,9.7108519190301490e-01,9.8543654889749999e-01,4.6292120351719264e-02,2.4474051519251274e-02,0.0000000000000000e+00,0.0000000000000000e+00,3.1415926535897931e+00,0.0000000000000000e+00,2.2497763520224816e+00,7.1322072318116814e-01,3.4661857554581976e+00,3.5185021644990419e-02,3.2475126098750695e-01
max_c_e_gamma_mixing_angles_polarization_02_local_minimum_1263,C_e_gamma,polarization_cluster_02_local_minimum_1263,5.2190341295428311e-01,1.0756962607612259e+00,kp,1.1932296287543142e-02,-3.7658524849614912e-03,-1.2710310108211024e-03,-1.1239279781100531e-02,1.1921349536307321e-02,3.4671018102489990e+00,9.7108519190301490e-01,9.8543654889749999e-01,4.6292120351719264e-02,2.4474051519251274e-02,0.0000000000000000e+00,0.0000000000000000e+00,3.1415926535897931e+00,0.0000000000000000e+00,2.2497763520224816e+00,7.1322072318116814e-01,3.4661857554581976e+00,3.5185021644990419e-02,3.2475126098750695e-01
max_c_e_gamma_mixing_angles_polarization_02_local_minimum_1263,C_e_gamma,polarization_cluster_02_local_minimum_1263,5.2190341295428311e-01,1.0756962607612259e+00,pp,9.3831923096447667e-01,-1.8051468037211974e-02,-6.0742237440542454e-03,-1.5369694381335229e-02,2.4474051519251274e-02,3.4661857554581972e+00,9.7108519190301490e-01,9.8543654889749999e-01,4.6292120351719264e-02,2.4474051519251274e-02,0.0000000000000000e+00,0.0000000000000000e+00,3.1415926535897931e+00,0.0000000000000000e+00,2.2497763520224816e+00,7.1322072318116814e-01,3.4661857554581976e+00,3.5185021644990419e-02,3.2475126098750695e-01
max_c_e_gamma_mixing_angles_polarization_02_local_minimum_1263,C_e_gamma,polarization_cluster_02_local_minimum_1263,5.2190341295428311e-01,1.0756962607612259e+00,qout,3.5185021644990419e-02,2.1817320522173465e-02,7.3452547548753478e-03,2.6608974162435760e-02,3.5185021644990419e-02,3.2475126098750695e-01,9.7108519190301490e-01,9.8543654889749999e-01,4.6292120351719264e-02,2.4474051519251274e-02,0.0000000000000000e+00,0.0000000000000000e+00,3.1415926535897931e+00,0.0000000000000000e+00,2.2497763520224816e+00,7.1322072318116814e-01,3.4661857554581976e+00,3.5185021644990419e-02,3.2475126098750695e-01
