lepton,kinematic_point,s_regime,theta_p_gamma_regime,qOut_regime,lepton_mass,s,sqrt_s,pIn,pOut,theta_p_in,phi_p_in,theta_lepton_in,phi_lepton_in,qOut,theta_p_out,phi_p_out,theta_gamma_out,phi_gamma_out,theta_lepton_out,phi_lepton_out,cos_p_gamma_out,Q2,xB,t,F1,F2,W2,y,theta_lepton_gamma_rad,theta_lepton_gamma_deg,k_dot_qout,kp_dot_qout,abs_k_dot_qout,abs_kp_dot_qout,aligned,reference_name,search_stage,sample_id,alpha_e,alpha_p,lepton_electron_alpha_e_mix_proton_alpha_p_mix_trace,lepton_electron_alpha_e_mix_proton_alpha_p_mix_spin_signal_M2,lepton_electron_alpha_e_mix_proton_alpha_p_mix_cross_section_ratio,lepton_electron_alpha_e_mix_proton_alpha_p_mix_purity,lepton_electron_alpha_e_mix_proton_alpha_p_mix_M2_magic,lepton_electron_alpha_e_mix_proton_alpha_p_mix_h_out_mean,lepton_electron_alpha_e_mix_proton_alpha_p_mix_lambda_mean,lepton_electron_alpha_e_mix_proton_alpha_p_mix_h_lambda,lepton_electron_alpha_e_mix_proton_alpha_p_mix_h_lambda_connected,lepton_electron_alpha_e_mix_proton_alpha_p_mix_C_e_p,lepton_electron_alpha_e_mix_proton_alpha_p_mix_C_e_gamma,lepton_electron_alpha_e_mix_proton_alpha_p_mix_C_p_gamma,lepton_electron_alpha_e_mix_proton_alpha_p_mix_C_e_rest,lepton_electron_alpha_e_mix_proton_alpha_p_mix_C_p_rest,lepton_electron_alpha_e_mix_proton_alpha_p_mix_C_gamma_rest,lepton_electron_alpha_e_mix_proton_alpha_p_mix_D_W,lepton_electron_alpha_e_mix_proton_alpha_p_mix_dGHZ,lepton_electron_alpha_e_mix_proton_alpha_p_mix_F3,lepton_electron_alpha_e_mix_proton_alpha_p_mix_M_e,lepton_electron_alpha_e_mix_proton_alpha_p_mix_M_p,lepton_electron_alpha_e_mix_proton_alpha_p_mix_M_gamma,lepton_electron_alpha_e_mix_proton_alpha_p_mix_GHZ_plus_fidelity,lepton_electron_alpha_e_mix_proton_alpha_p_mix_GHZ_minus_fidelity,lepton_electron_alpha_e_mix_proton_alpha_p_mix_GHZ_phase_fidelity,lepton_electron_alpha_e_mix_proton_alpha_p_mix_GHZ_subspace_population,lepton_electron_alpha_e_mix_proton_alpha_p_mix_GHZ_coherence_abs,lepton_electron_alpha_e_mix_proton_alpha_p_mix_GHZ_coherence_phase_rad,lepton_electron_alpha_e_mix_proton_alpha_p_mix_GHZ_coherence_visibility,lepton_electron_alpha_e_mix_proton_alpha_p_mix_GHZ_purity,lepton_electron_alpha_e_mix_proton_alpha_p_mix_W_fidelity,lepton_electron_alpha_e_mix_proton_alpha_p_mix_W_subspace_population,lepton_electron_alpha_e_mix_proton_alpha_p_mix_W_subspace_max_fidelity,lepton_electron_alpha_e_mix_proton_alpha_p_mix_Wbar_fidelity,lepton_electron_alpha_e_mix_proton_alpha_p_mix_Wbar_subspace_population,lepton_electron_alpha_e_mix_proton_alpha_p_mix_Wbar_subspace_max_fidelity,lepton_electron_alpha_e_mix_proton_alpha_p_mix_W_purity,lepton_electron_alpha_e_mix_proton_alpha_p_mix_one_minus_C_e_gamma,optimization_run,start_source,screening_one_minus_C_e_gamma,success,lbfgs_success,lbfgs_status,lbfgs_message,lbfgs_iterations,function_evaluations,lbfgs_function_evaluations,lbfgs_gradient_norm,initial_one_minus_C_e_gamma,lbfgs_one_minus_C_e_gamma,final_one_minus_C_e_gamma,local_search_polls,local_search_moves,local_search_poll_limit_reached,smallest_tested_step,best_neighbor_one_minus_C_e_gamma,local_minimum_verified,initial_C_e_gamma,lbfgs_C_e_gamma,final_C_e_gamma,initial_u0,initial_u1,initial_u2,initial_u3,initial_u4,initial_u5,initial_u6,initial_u7,final_u0,final_u1,final_u2,final_u3,final_u4,final_u5,final_u6,final_u7,local_minimum_id,one_minus_C_e_gamma_above_global_minimum,within_polarization_cluster_cut,polarization_cluster_id,polarization_cluster_size,polarization_cluster_distance,polarization_cluster_representative,polarization_configuration,polarization_alpha_e_region,polarization_clustering_scheme,selected_observable,selected_observable_label,selected_spin_case,selected_spin_label,selected_concurrence_key,selected_concurrence,selected_purity,pair_delta_xy,scan_phi_p_out,scan_phi_gamma_out,cluster_id,energy_band_cluster_id,selected_region,detail_id,detail_source
electron,gradient_local_minimum_0152,gradient,gradient,gradient_local_minimum,0.00051099895,1.3675834948297254,1.1694372556190116,0.20853546835663986,0.1683923791463214,0.0,0.0,3.141592653589793,0.0,0.18290410754068503,0.17247222475201457,0.0001245037467423033,3.141590621120947,5.822854546656728,1.0388065606468502,3.141711441404214,-0.9851631861680137,0.021081602971569396,0.04898364094554062,-0.0025909553113190155,0.9928366401008547,1.7777680387754062,1.2891428784427796,0.8823987320864625,2.1027879137356726,120.48087266817348,1.1451257844047324e-07,0.009245438342701405,1.1451257844047324e-07,0.009245438342701405,False,,gradient,1626001035,0.6796032375402403,0.4185036477161438,1.0,41560871291.614235,0.9564544328454803,1.0000000000000002,0.528189823614459,4.0833144396124066e-05,-4.0641750880532346e-05,-0.9999625683847027,-0.9999625667251721,0.0,0.9999999808854139,8.770055700659863e-08,0.999999982438331,7.861687703314783e-05,0.9999999824383307,0.9999999351614351,1.4141493599031576,9.077894857150335e-05,3.1058342564449504e-09,6.180605663057388e-09,3.105825898923436e-09,6.318343472053083e-06,3.0690747813795087e-06,8.419339801029154e-06,9.387418253432592e-06,3.725630674312859e-06,-1.1195698122863569,0.7937497986628111,6.318343472053083e-06,0.02625719923734745,0.1974812443944124,0.1974812443944124,0.10536523811000345,0.8025093681873342,0.8025093681873341,0.02625719923734745,1.9114586136126377e-08,1626,sobol_screened,0.5266101930156304,True,True,0,CONVERGENCE: RELATIVE REDUCTION OF F <= FACTR*EPSMCH,6,1065,279,24.19317378682237,0.5266101930156304,0.011325141996906707,1.9114586136126377e-08,36,22,False,1e-05,1.9025916619952454e-08,True,0.4733898069843696,0.9886748580030933,0.9999999808854139,0.1903584934771061,0.3340230332687497,0.9592276699841022,0.4280905397608876,0.9489306081086397,0.9107885109260678,0.3702415693551302,0.06098059006035328,0.04583330391028705,0.05489961423067893,0.9999993530450729,0.8724370304655805,1.9815386727499033e-05,0.9267360840055356,0.21632442919156958,0.13321384847202697,152,1.9071331958109283e-08,True,1,32,0.11678615152797304,True,alpha_p~pi/4,all alpha_e,CEGAMMA nearest fixed alpha_p quarter-pi center,C_e_gamma,C_{e\gamma},mixing_angles,"alpha_e=0.67960324, alpha_p=0.41850365",lepton_electron_alpha_e_mix_proton_alpha_p_mix_C_e_gamma,0.9999999808854139,1.0000000000000002,nan,0.0001245037467423033,5.822854546656728,0,0,polarization_cluster_02_local_minimum_152,max_c_e_gamma_mixing_angles_polarization_02_local_minimum_152,polarization_cluster_member
electron,gradient_local_minimum_0386,gradient,gradient,gradient_local_minimum,0.00051099895,0.9731096328438704,0.9864631938617225,0.04727010875004205,0.02794991671362368,0.0,0.0,3.141592653589793,0.0,0.017053969224517143,1.4533041039808232,0.0004413245292695828,3.141572309104397,0.864922322745066,1.1100668369262567,3.1420434872204828,-0.11720897734579415,0.004232263830082456,0.11642628220850817,-0.0027053153300488344,0.9925242873152514,1.777107394404092,0.9119631831954512,0.3897635998613795,2.031539021035115,116.39861182145106,4.710182604096124e-08,0.0007635213518425784,4.710182604096124e-08,0.0007635213518425784,False,,gradient,23010841,0.6611358375725646,0.4340402652623616,1.0,6368913459.516417,0.9461219000799612,1.0000000000000002,0.11064093952158112,4.855148861626635e-05,4.105171928725504e-05,-0.9997108684503418,-0.999710870443464,8.473815116442454e-06,0.9999924500266819,8.819921657044586e-06,0.9999924718254025,0.0002235501732270115,0.9999924718285078,0.9999859541890352,1.4140257083132817,0.00025813156049357867,4.352530702522728e-08,4.98250833891628e-08,4.3525532045265095e-08,5.441268058571007e-05,3.9187891150402335e-05,5.696845162372842e-05,9.36005717361124e-05,1.016816575567222e-05,-0.7247732831209543,0.21726717192154074,5.441268058571007e-05,0.008175137013073992,0.022985075071642637,0.02298507507164264,0.3783870461714043,0.9769213243566213,0.9769213243566214,0.008175137013073992,7.5499733180883766e-06,23,latin_hypercube,nan,True,True,0,CONVERGENCE: RELATIVE REDUCTION OF F <= FACTR*EPSMCH,31,10879,657,6.80806170587457,0.997807912492797,0.00039452918182969476,7.5499733180883766e-06,495,481,False,1e-05,7.550802240463561e-06,True,0.0021920875072030306,0.9996054708181703,0.9999924500266819,0.1203064981559363,0.5231932015444454,0.23635945820143398,0.09051688969538074,0.08438074323744503,0.2562897878790672,0.4665052312849895,0.3158997799384933,0.0002557301626259236,0.46260106392857175,0.9999935241491692,0.33105776968784245,7.023898034095795e-05,0.13765666305540092,0.21044607320974815,0.13815930743484464,386,7.5499300639103595e-06,True,1,32,0.11184069256515536,False,alpha_p~pi/4,all alpha_e,CEGAMMA nearest fixed alpha_p quarter-pi center,C_e_gamma,C_{e\gamma},mixing_angles,"alpha_e=0.66113584, alpha_p=0.43404027",lepton_electron_alpha_e_mix_proton_alpha_p_mix_C_e_gamma,0.9999924500266819,1.0000000000000002,nan,0.0004413245292695828,0.864922322745066,1,1,polarization_cluster_02_local_minimum_386,max_c_e_gamma_mixing_angles_polarization_02_local_minimum_386,polarization_cluster_member
electron,gradient_local_minimum_0436,gradient,gradient,gradient_local_minimum,0.00051099895,0.978022093373976,0.9889499953860033,0.049635043441950306,0.013852667834726162,0.0,0.0,3.141592653589793,0.0,0.025237726231128205,1.3254400178889516,3.1386516887335727,3.1365956661802845,6.283148517765536,0.5467201780220173,6.28021682881166,-0.2477462365540521,0.004713209871594367,0.0902264273259049,-0.002320041753546263,0.9935778709146971,1.779334586529254,0.9273683663162541,0.5320709878038112,2.5898755094576025,148.38893615621456,8.202307788139282e-08,0.0011966660821014154,8.202307788139282e-08,0.0011966660821014154,False,,gradient,1668010911,2.5540473402737125,1.0464089089749444,1.0,2747013202.3098736,0.8117831567377041,1.0000000000000002,0.06786254918314868,0.00014383672496853794,0.0003256886916796903,-0.16459249106895796,-0.16459253791495274,0.01176180147022347,0.9999277824734885,0.011758841499284023,0.999999912490555,0.016808381475381443,0.9999998776803486,0.9843107300198705,1.4006044873725723,0.01940795966997186,5.9148449446100315e-06,5.911360591710969e-06,5.914844958837664e-06,0.08281868862285907,0.1253070966342065,0.12530832264162506,0.20812578525706557,0.021245430013092273,-3.1308495225642545,0.20415951811882493,0.08281868862285907,0.34754939050516115,0.579565070508907,0.579565070508907,0.10443679301414058,0.21230914423402744,0.21230914423402727,0.34754939050516115,7.221752651154212e-05,1668,sobol_screened,0.5399609680080193,True,True,0,CONVERGENCE: RELATIVE REDUCTION OF F <= FACTR*EPSMCH,13,10945,450,16.031434359229326,0.5399609680080193,0.05106395933733843,7.221752651154212e-05,472,458,False,1e-05,7.222341816015554e-05,True,0.46003903199198065,0.9489360406626616,0.9999277824734885,0.03331668768078089,0.47246668487787247,0.9921260857954621,0.4641437605023384,0.37354985531419516,0.1666057351976633,0.8280320856720209,0.3591803088784218,0.0008751752292116471,0.42190066123767367,0.9984094095064174,0.48784804495868744,0.499531930905673,0.9999941447829004,0.8129785181905387,0.33308230071751915,436,7.22174832573641e-05,True,1,32,0.08308230071751915,False,alpha_p~pi/4,all alpha_e,CEGAMMA nearest fixed alpha_p quarter-pi center,C_e_gamma,C_{e\gamma},mixing_angles,"alpha_e=2.5540473, alpha_p=1.0464089",lepton_electron_alpha_e_mix_proton_alpha_p_mix_C_e_gamma,0.9999277824734885,1.0000000000000002,nan,3.1386516887335727,6.283148517765536,2,2,polarization_cluster_02_local_minimum_436,max_c_e_gamma_mixing_angles_polarization_02_local_minimum_436,polarization_cluster_member
electron,gradient_local_minimum_0448,gradient,gradient,gradient_local_minimum,0.00051099895,0.9710851919030149,0.9854365488975,0.046292120351719264,0.043097433053844725,0.0,0.0,3.141592653589793,0.0,0.02362268629920069,0.026796225257859192,5.700577188515952,2.7398972391994376,2.5586167937675763,2.7795843265427362,5.700156901857993,-0.9305445407270351,0.00013706182955115943,0.0029542558322486153,-1.1615358285858833e-05,0.99996749754529,1.792775468675199,0.9261016437524753,0.5084856673845554,0.7637037411610177,43.757001166877764,8.711335029791176e-05,0.00014983658593059525,8.711335029791176e-05,0.00014983658593059525,False,,gradient,34010088,0.7966555616360582,0.6203262542052715,0.9999999999999999,12556337568.038414,0.9990557084737213,0.9999999999999998,0.2502630937352631,2.9571887474821867e-05,2.7137382761110995e-05,0.994611728985745,0.9946117281832414,0.014701249692818033,0.9998917553403871,0.014701597472911143,0.9999999232404756,0.02079568867885918,0.9999999279802275,0.9803857996219201,1.3974152396008268,0.024011493018401702,1.973407459665566e-07,1.969568419422365e-07,1.9659452421739608e-07,0.34418175920795957,0.1555239732286582,0.48648292992303865,0.49970573243661776,0.2366300637047298,-1.160768945006588,0.9470776432797627,0.34418175920795957,0.11217217317874659,0.3299682387596134,0.3299682387596135,0.05463711123249659,0.17032602880376885,0.17032602880376888,0.11217217317874659,0.00010824465961289942,34,latin_hypercube,nan,True,True,0,CONVERGENCE: RELATIVE REDUCTION OF F <= FACTR*EPSMCH,39,10124,873,1.3667201948339482,0.9148609573066225,0.00035629172359163963,0.00010824465961289942,439,425,False,1e-05,0.0001082536097120057,True,0.08513904269337744,0.9996437082764084,0.9998917553403871,0.15148817478387178,0.7898656778946274,0.8201539121347032,0.37622262004068074,0.7932231706100704,0.3619025646688784,0.9255314421294397,0.6286961610848426,0.0,0.008529503411984376,0.8721363783648552,0.49019631061664215,0.9072750380292132,0.4072165102060463,0.25358334115205755,0.1974559793728972,448,0.0001082446163587214,True,1,32,0.05254402062710281,False,alpha_p~pi/4,all alpha_e,CEGAMMA nearest fixed alpha_p quarter-pi center,C_e_gamma,C_{e\gamma},mixing_angles,"alpha_e=0.79665556, alpha_p=0.62032625",lepton_electron_alpha_e_mix_proton_alpha_p_mix_C_e_gamma,0.9998917553403871,0.9999999999999998,nan,5.700577188515952,2.5586167937675763,3,3,polarization_cluster_02_local_minimum_448,max_c_e_gamma_mixing_angles_polarization_02_local_minimum_448,polarization_cluster_member
electron,gradient_local_minimum_0479,gradient,gradient,gradient_local_minimum,0.00051099895,0.9710851919030149,0.9854365488975,0.046292120351719264,0.03208128389003701,0.0,0.0,3.141592653589793,0.0,0.03760279555298666,0.42683958481090556,3.458287593736389,2.9295956361218725,0.3142436937505143,0.6176923241106886,0.3203069358282433,-0.97700970824723,0.00155895936866183,0.020925552037979727,-0.00046808818467638136,0.9986932669246952,1.7901043602148774,0.9527853150246888,0.816522516308653,2.3119063483727977,132.4624763912631,3.9075974969744005e-05,0.0005845115669620431,3.9075974969744005e-05,0.0005845115669620431,False,,gradient,1270005636,0.73132652767215,1.133755043739401,1.0,584859718.9391849,0.9934974270915423,0.9999999999999998,0.5113767457024025,0.00010258858389888825,0.0001938883461432006,0.9913302621424195,0.9913302422516886,0.019686592360868425,0.9998049518937878,0.019686367034658203,0.999999261543083,0.027859087462239716,0.9999992563408839,0.9737288337852208,1.3917931513036712,0.032165758397307745,1.0193365891364436e-06,1.0137884224419827e-06,1.0178039582627767e-06,0.3726685453608446,0.12726353923248346,0.3871701348502567,0.49993208459332805,0.13720409255359267,0.46391755174176535,0.5488909265153563,0.3726685453608446,0.012773205092414412,0.042792532619713615,0.0427925326197136,0.1583966982731974,0.45727538278695823,0.4572753827869582,0.012773205092414412,0.00019504810621218116,1270,sobol_screened,0.39577210062621815,True,False,2,ABNORMAL: ,3,5674,729,23.981550064457135,0.39577210062621815,0.1320656188139162,0.00019504810621218116,225,211,False,1e-05,0.00019504821130822414,True,0.6042278993737819,0.8679343811860838,0.9998049518937878,0.02036523912101984,0.06505060009658337,0.9549577375873923,0.4945625923573971,0.49924145080149174,0.08874318934977055,0.2885922733694315,0.5986288422718644,0.0,0.13586725965989582,0.9325192534984831,0.8114465647372252,0.5504035651765227,0.050013437195850094,0.23278846378650891,0.36088543893298736,479,0.00019504806295800314,True,1,32,0.11088543893298738,False,alpha_p~pi/4,all alpha_e,CEGAMMA nearest fixed alpha_p quarter-pi center,C_e_gamma,C_{e\gamma},mixing_angles,"alpha_e=0.73132653, alpha_p=1.133755",lepton_electron_alpha_e_mix_proton_alpha_p_mix_C_e_gamma,0.9998049518937878,0.9999999999999998,nan,3.458287593736389,0.3142436937505143,4,4,polarization_cluster_02_local_minimum_479,max_c_e_gamma_mixing_angles_polarization_02_local_minimum_479,polarization_cluster_member
electron,gradient_local_minimum_0572,gradient,gradient,gradient_local_minimum,0.00051099895,1.0722852907179528,1.035512091053481,0.09291955330865322,0.09254233758740012,0.0,0.0,3.141592653589793,0.0,0.03279513471920395,0.0,4.946303733900748,3.0136795045123472,0.0028800940247497068,3.0719978280251037,3.1444727476145427,-0.9918302615497022,2.7114566013586435e-05,0.00039950871008098985,-1.4091449297315933e-07,0.9999996043854155,1.7928427289517601,0.9476866598078408,0.3526782958687241,0.19750797464213543,11.316373367171247,2.4941799339566004e-05,3.8428625099890326e-05,2.4941799339566004e-05,3.8428625099890326e-05,False,,gradient,389007346,0.8618374266579542,0.7580702286623403,1.0,932884781733.9175,1.0011471593457502,1.0000000000000002,0.003150069998854294,-0.00010448002556284752,0.0005665270267972145,-0.9991378024240283,-0.99913774323327,0.0008350883904338532,0.9994630179300847,0.000785865416083463,0.9998226889062076,0.026827273923702655,0.9998226489950937,0.9987403784358485,1.3921021355615155,0.030969186935757186,0.0007183876691064794,0.0007183876691053431,0.0007183876492011177,5.309882605745933e-05,4.886220236354185e-08,5.309926411706676e-05,5.314768825982287e-05,2.6525419987155325e-05,0.005747130593709356,0.9981777516824671,5.309882605745933e-05,0.31526800840652724,0.4812594568604659,0.4812594568604659,0.3575621982086935,0.5186873954512744,0.5186873954512745,0.31526800840652724,0.0005369820699152594,389,latin_hypercube,nan,True,True,0,CONVERGENCE: RELATIVE REDUCTION OF F <= FACTR*EPSMCH,13,7393,477,6.699942931762326,0.9925024922285969,0.042333437913469774,0.0005369820699152594,317,303,False,1e-05,0.0005369820277550952,True,0.007497507771403177,0.9576665620865302,0.9994630179300847,0.30780117943057983,0.07310745661560611,0.08889966526067908,0.12780405943277512,0.6636005202537495,0.07902892936113705,0.12607510297899444,0.012464274134042077,0.012473471341505149,0.0,0.959283980075748,0.32074109022035324,0.787228689284203,0.00045838120060834737,0.27433137318842443,0.24130124820482973,572,0.0005369820266610814,True,1,32,0.008698751795170278,False,alpha_p~pi/4,all alpha_e,CEGAMMA nearest fixed alpha_p quarter-pi center,C_e_gamma,C_{e\gamma},mixing_angles,"alpha_e=0.86183743, alpha_p=0.75807023",lepton_electron_alpha_e_mix_proton_alpha_p_mix_C_e_gamma,0.9994630179300847,1.0000000000000002,nan,4.946303733900748,0.0028800940247497068,5,5,polarization_cluster_02_local_minimum_572,max_c_e_gamma_mixing_angles_polarization_02_local_minimum_572,polarization_cluster_member
electron,gradient_local_minimum_0574,gradient,gradient,gradient_local_minimum,0.00051099895,0.9870639515775101,0.9935109217202951,0.053957839079336635,0.0532819137624756,0.0,0.0,3.141592653589793,0.0,0.019123615550973194,0.0,0.02308175970786084,2.921340536819131,6.28304689575787,3.0214914644100657,3.141454242168077,-0.9758423989679351,2.7158541633516575e-05,0.0007156485871537883,-4.553869533267382e-07,0.999998721511167,1.7928408743411326,0.9177663911689709,0.3539419816327256,0.34035330595038904,19.50080797428214,2.4973750637173912e-05,3.832532797727725e-05,2.4973750637173912e-05,3.832532797727725e-05,False,,gradient,1714002739,0.8617971930004512,0.7589246360985545,0.9999999999999998,288332005111.60895,1.001154737920802,0.9999999999999998,0.0030314183713154677,-4.1398233490475e-05,0.00051484949561037,-0.9991182373253678,-0.9991182160115081,0.0008863527468342459,0.9994607717023157,0.0008359289612559118,0.9998223979327032,0.02690152463024374,0.9998223545053905,0.9986720753195218,1.3920409370497533,0.03105487675919079,0.0007222076149204781,0.0007222076290115235,0.000722207619685925,5.32910798480602e-05,3.8766505385654415e-10,5.329108085889395e-05,5.329146751311405e-05,2.6645347102336924e-05,-0.0002754508873365023,0.999985489075901,5.32910798480602e-05,0.3157054638179161,0.48211692977117665,0.4821169297711766,0.35710108177907685,0.5178297787613103,0.5178297787613103,0.3157054638179161,0.0005392282976842688,1714,sobol_screened,0.5518839754245055,True,True,0,CONVERGENCE: RELATIVE REDUCTION OF F <= FACTR*EPSMCH,25,2803,837,133.28784827236518,0.5518839754245055,0.0005778666595231963,0.0005392282976842688,92,78,False,1e-05,0.0005392282964978845,True,0.4481160245754945,0.9994221333404768,0.9994607717023157,0.034266892820596695,0.15575860161334276,0.3862592298537493,0.47167448699474335,0.065131651237607,0.10211060848087072,0.09345808159559965,0.37724346946924925,0.002011270446000203,0.0,0.9298915737789916,0.32379068671713457,0.0036735761527653945,0.9999779711380535,0.2743185664174839,0.24157321453860564,574,0.0005392282544300908,True,1,32,0.008426785461394342,False,alpha_p~pi/4,all alpha_e,CEGAMMA nearest fixed alpha_p quarter-pi center,C_e_gamma,C_{e\gamma},mixing_angles,"alpha_e=0.86179719, alpha_p=0.75892464",lepton_electron_alpha_e_mix_proton_alpha_p_mix_C_e_gamma,0.9994607717023157,0.9999999999999998,nan,0.02308175970786084,6.28304689575787,6,6,polarization_cluster_02_local_minimum_574,max_c_e_gamma_mixing_angles_polarization_02_local_minimum_574,polarization_cluster_member
electron,gradient_local_minimum_0577,gradient,gradient,gradient_local_minimum,0.00051099895,1.001145965704673,1.0005728187916525,0.06061423729380919,0.060002733651384726,0.0,0.0,3.141592653589793,0.0,0.02256987739290174,0.0,0.15799590206408726,2.9510016756996134,6.269979268746027,3.0290823500905635,3.1283866151562343,-0.9818924522075981,2.9246776173648165e-05,0.0006482523737771021,-3.72397282923644e-07,0.9999989545026615,1.792841363774911,0.9249310958038605,0.3719349429959095,0.30310128138941034,17.36642418862038,2.4820751160602086e-05,3.9257940605975385e-05,2.4820751160602086e-05,3.9257940605975385e-05,False,,gradient,88009497,0.8645346996086162,0.7463416772076752,1.0,362740502287.84705,1.0011659296111308,1.0000000000000002,0.006175315189140066,-8.4023812438494e-05,0.0005700836397384279,-0.9991263238104326,-0.9991262759098318,0.00035377714262723657,0.9994605337557612,0.0003165706033664093,0.999821761180429,0.026875561604208304,0.9998217487033234,0.9993733412701973,1.3920611857863763,0.03102489141237105,0.0007220704363171127,0.0007220704363280344,0.000722070427873692,5.3701522894968054e-05,9.347741159797344e-09,5.371079903240732e-05,5.3710870636127855e-05,2.68553637143434e-05,-0.026284248682607807,0.9999973337345055,5.3701522894968054e-05,0.30739041722544014,0.4693154522099402,0.4693154522099402,0.3657347804887906,0.5306308369194237,0.5306308369194237,0.30739041722544014,0.0005394662442388398,88,latin_hypercube,nan,True,True,0,CONVERGENCE: RELATIVE REDUCTION OF F <= FACTR*EPSMCH,23,9535,432,80.66414418030341,0.6607780682605642,0.0006827705345588964,0.0005394662442388398,419,405,False,1e-05,0.0005394662442388398,True,0.3392219317394358,0.9993172294654411,0.9994605337557612,0.03675306588610334,0.159593895582762,0.48611143526595973,0.4108539695334401,0.051582343069081237,0.9905734975415414,0.10201967235944648,0.10695480863138077,0.0037703401823168787,0.0,0.9393330075201195,0.34242891187683305,0.025145828801762478,0.9978981937046376,0.2751899418343563,0.23756793432619455,577,0.0005394662009846618,True,1,32,0.012432065673805464,False,alpha_p~pi/4,all alpha_e,CEGAMMA nearest fixed alpha_p quarter-pi center,C_e_gamma,C_{e\gamma},mixing_angles,"alpha_e=0.8645347, alpha_p=0.74634168",lepton_electron_alpha_e_mix_proton_alpha_p_mix_C_e_gamma,0.9994605337557612,1.0000000000000002,nan,0.15799590206408726,6.269979268746027,7,7,polarization_cluster_02_local_minimum_577,max_c_e_gamma_mixing_angles_polarization_02_local_minimum_577,polarization_cluster_member
electron,gradient_local_minimum_0578,gradient,gradient,gradient_local_minimum,0.00051099895,0.9742094065826293,0.9870204691811763,0.04780056696438644,0.04703415597396088,0.0,0.0,3.141592653589793,0.0,0.016952781737703475,0.0,5.452633138871391,2.8930742396979996,0.0012419229960377233,3.0061670417776263,3.1428345765858308,-0.9692779084173169,2.708509023636351e-05,0.0008105380256406872,-5.858885916203751e-07,0.9999983551311283,1.7928401047046358,0.9132331019109275,0.35411577905500774,0.3839440257039614,21.998372242099386,2.494202875337535e-05,3.819162957573196e-05,2.494202875337535e-05,3.819162957573196e-05,False,,gradient,1100002970,0.8618623866716559,0.7588097050248991,1.0,224306920363.63455,1.0011595839861134,1.0,0.0030684967631529436,-0.00010728763531225871,0.0005864830012306532,-0.9991109625685283,-0.999110899646154,0.0008833977177934516,0.9994598251073543,0.0008346830288731635,0.9998215553730817,0.026905339261647846,0.9998215135152968,0.9986745605812812,1.392037208390812,0.03105925338358537,0.0007224201934971086,0.0007224201934978775,0.0007224201886368361,5.355742278967899e-05,4.305747005047358e-09,5.3557504465189323e-05,5.3561728536684035e-05,2.677664019684731e-05,0.0024699206161605545,0.9998422727716184,5.355742278967899e-05,0.3155951108136186,0.4820004777673044,0.4820004777673045,0.3572264207821513,0.517945960504159,0.517945960504159,0.3155951108136186,0.000540174892645684,1100,sobol_screened,0.2801035573135867,True,True,0,CONVERGENCE: RELATIVE REDUCTION OF F <= FACTR*EPSMCH,17,2999,396,176.86712992301938,0.2801035573135867,0.0006555619562148562,0.000540174892645684,121,107,False,1e-05,0.000540174877945887,True,0.7198964426864133,0.9993444380437851,0.9994598251073543,0.0003348812460899353,0.04979370813816786,0.4951218580827117,0.31875983346253633,0.8888360410928726,0.04147004056721926,0.2790880613029003,0.4049748508259654,0.00039454359184216937,0.0,0.920894131959527,0.3245033537230811,0.867813516918059,0.00019765818375890002,0.274339318207545,0.2415366308416314,578,0.000540174849391506,True,1,32,0.008463369158368591,False,alpha_p~pi/4,all alpha_e,CEGAMMA nearest fixed alpha_p quarter-pi center,C_e_gamma,C_{e\gamma},mixing_angles,"alpha_e=0.86186239, alpha_p=0.75880971",lepton_electron_alpha_e_mix_proton_alpha_p_mix_C_e_gamma,0.9994598251073543,1.0,nan,5.452633138871391,0.0012419229960377233,8,8,polarization_cluster_02_local_minimum_578,max_c_e_gamma_mixing_angles_polarization_02_local_minimum_578,polarization_cluster_member
electron,gradient_local_minimum_0582,gradient,gradient,gradient_local_minimum,0.00051099895,0.9715457891166865,0.9856702233083267,0.046514805349320565,0.04573353001069336,0.0,0.0,3.141592653589793,0.0,0.01621961404637748,0.0,5.599092171687007,2.8839617950263974,0.0022890953971331073,3.0049223012923285,3.143881748986926,-0.9669963256621715,2.6361175694434506e-05,0.0008257194483558203,-6.089188059028477e-07,0.9999982904744059,1.792839968883449,0.9117427385018352,0.34814141459734327,0.39430121086086106,22.591795239225277,2.494521899815052e-05,3.782134744244526e-05,2.494521899815052e-05,3.782134744244526e-05,False,,gradient,1624007776,0.8610232298087195,0.7600307345640723,1.0,214033335046.82324,1.0011553977541776,1.0,0.00290750458282273,-9.361640623994916e-05,0.0005731450723617248,-0.9991093320472976,-0.9991092783915156,0.0009292785799936407,0.9994595437470338,0.0008813042569387804,0.999821026765768,0.026897633225371476,0.9998209833245648,0.9986127966989741,1.3920432673131542,0.031050342778851873,0.0007218424172462656,0.0007218424172540742,0.0007218424118773784,5.358699451301258e-05,5.5321756788542635e-09,5.358727216636018e-05,5.359252668869144e-05,2.679100882201446e-05,0.004552734203916432,0.9998039083933556,5.358699451301258e-05,0.31643744119089656,0.4832978623005794,0.4832978623005794,0.35635302271412544,0.5166485451727318,0.5166485451727318,0.31643744119089656,0.0005404562529661705,1624,sobol_screened,0.5257776994724946,True,False,2,ABNORMAL: ,5,7827,936,99965968.04178508,0.5257776994724946,0.3403195866999499,0.0005404562529661705,321,307,False,1e-05,0.0005404562435125104,True,0.47422230052750536,0.6596804133000501,0.9994595437470338,0.04183792136609554,0.5361101115122437,0.5179450195282698,0.5151014691218734,0.9737767139449716,0.7187782544642687,0.24430197291076183,0.5039750766009092,5.8206680171550936e-05,0.0,0.9179935507332532,0.3182765142005506,0.8911231959511222,0.00036432084766263925,0.27407220628201334,0.2419252966152727,582,0.0005404562097119925,True,1,32,0.008074703384727308,False,alpha_p~pi/4,all alpha_e,CEGAMMA nearest fixed alpha_p quarter-pi center,C_e_gamma,C_{e\gamma},mixing_angles,"alpha_e=0.86102323, alpha_p=0.76003073",lepton_electron_alpha_e_mix_proton_alpha_p_mix_C_e_gamma,0.9994595437470338,1.0,nan,5.599092171687007,0.0022890953971331073,9,9,polarization_cluster_02_local_minimum_582,max_c_e_gamma_mixing_angles_polarization_02_local_minimum_582,polarization_cluster_member
electron,gradient_local_minimum_0584,gradient,gradient,gradient_local_minimum,0.00051099895,0.971108968226084,0.9854486126765231,0.0463036180183896,0.045520353414758574,0.0,0.0,3.141592653589793,0.0,0.01606163714910006,0.0,4.8413598355365215,2.8820134482973048,0.0008814674154192402,3.0050135861403025,3.142474121005212,-0.9664980707085022,2.61601938584835e-05,0.0008276833040309361,-6.120371347778754e-07,0.9999982817197804,1.7928399504930395,0.9114243657938951,0.34631707031053627,0.3961582727419795,22.69819704730799,2.4961070670565313e-05,3.7735149032414614e-05,2.4961070670565313e-05,3.7735149032414614e-05,False,,gradient,1531005704,0.8607503598573764,0.7599400654634497,0.9999999999999999,212260292617.5273,1.0011541095172676,0.9999999999999999,0.002899124825150298,-0.00010964611043706718,0.0005896217261731618,-0.9991088872664731,-0.9991088226167442,0.000917050390133454,0.9994594555563592,0.0008694559878728694,0.9998210999368449,0.02690324408219924,0.9998210574138958,0.9986288187594992,1.392038679186807,0.031056821007545875,0.0007221875964903424,0.0007221876070134965,0.0007221875935119474,5.352645854440072e-05,5.7588694040573674e-09,5.3526499670301455e-05,5.3532217413804775e-05,2.6760390963399067e-05,0.001753180122028314,0.999786381219402,5.352645854440072e-05,0.3163950250707496,0.48323450137583424,0.48323450137583424,0.3564018918682405,0.5167119664067521,0.5167119664067521,0.3163950250707496,0.0005405444436408224,1531,sobol_screened,0.49961603582793945,True,True,0,CONVERGENCE: RELATIVE REDUCTION OF F <= FACTR*EPSMCH,38,5752,810,5.511634547520288,0.49961603582793945,0.03520450142323217,0.0005405444436408224,236,222,False,1e-05,0.0005405444436408224,True,0.5003839641720605,0.9647954985767678,0.9994594555563592,0.009372039698064327,0.49527123384177685,0.8334230994805694,0.48985452856868505,0.8137924410402775,0.24204350914806128,0.14112757239490747,0.1515257367864251,3.0050039487378304e-06,0.0,0.9173733727076692,0.3163575893980984,0.7705263491122029,0.00014028989633840924,0.27398534907885835,0.24189643574417313,584,0.0005405444003866444,True,1,32,0.008103564255826878,False,alpha_p~pi/4,all alpha_e,CEGAMMA nearest fixed alpha_p quarter-pi center,C_e_gamma,C_{e\gamma},mixing_angles,"alpha_e=0.86075036, alpha_p=0.75994007",lepton_electron_alpha_e_mix_proton_alpha_p_mix_C_e_gamma,0.9994594555563592,0.9999999999999999,nan,4.8413598355365215,0.0008814674154192402,10,10,polarization_cluster_02_local_minimum_584,max_c_e_gamma_mixing_angles_polarization_02_local_minimum_584,polarization_cluster_member
electron,gradient_local_minimum_0585,gradient,gradient,gradient_local_minimum,0.00051099895,0.9843300790667102,0.992134103368446,0.052654888020180216,0.05198168561400962,0.0,0.0,3.141592653589793,0.0,0.017418870965786332,0.0,5.625339571405341,2.9071350902824142,0.019968929672239663,3.026612790837703,3.1615615832620327,-0.972640500830288,2.456907548200986e-05,0.0007118605219723395,-4.5179593835030815e-07,0.999998731592853,1.792840895519234,0.914333320547076,0.33032128475212363,0.3494374260594691,20.021289717122347,2.513701327106041e-05,3.7195653042920154e-05,2.513701327106041e-05,3.7195653042920154e-05,False,,gradient,1018011104,0.8582331292778366,0.766072411885229,0.9999999999999999,279052725219.5941,1.0011345562029188,0.9999999999999998,0.0037812969245317176,-5.033462132286726e-05,0.0005170177865168046,-0.9991125465798179,-0.9991125205559234,0.001238710036572584,0.9994594192952906,0.0012002209866268255,0.999822851585487,0.02698229577601473,0.999822804636078,0.9981938549165007,1.3919756032743795,0.03114811536539731,0.0007250693319006407,0.0007250693523728972,0.0007250693218567763,5.2676657458779627e-05,2.4740378836213468e-08,5.269748040204868e-05,5.270139783761584e-05,2.634678148324076e-05,0.03976041224321642,0.9998513346617777,5.2676657458779627e-05,0.3204012232194843,0.48959677528892065,0.48959677528892065,0.35189992384742796,0.5103505233132419,0.5103505233132418,0.3204012232194843,0.0005405807047094147,1018,latin_hypercube,nan,True,True,0,CONVERGENCE: RELATIVE REDUCTION OF F <= FACTR*EPSMCH,7,11145,342,6.011388557937028,0.9220588177246294,0.03821946730099435,0.0005405807047094147,499,485,False,1e-05,0.0005405807047094147,True,0.07794118227537056,0.9617805326990057,0.9994594192952906,0.07659030016851309,0.6672182311185298,0.18657205961630546,0.34208219934313777,0.2998374414529458,0.7062244072224063,0.458984333792408,0.8925330171892812,0.0016683145135261682,0.0,0.9253698397086993,0.2988015980177087,0.895300599359604,0.0031781538655913637,0.2731840896995867,0.24384842223572925,585,0.0005405806614552366,True,1,32,0.006151577764270736,False,alpha_p~pi/4,all alpha_e,CEGAMMA nearest fixed alpha_p quarter-pi center,C_e_gamma,C_{e\gamma},mixing_angles,"alpha_e=0.85823313, alpha_p=0.76607241",lepton_electron_alpha_e_mix_proton_alpha_p_mix_C_e_gamma,0.9994594192952906,0.9999999999999998,nan,5.625339571405341,0.019968929672239663,11,11,polarization_cluster_02_local_minimum_585,max_c_e_gamma_mixing_angles_polarization_02_local_minimum_585,polarization_cluster_member
electron,gradient_local_minimum_0591,gradient,gradient,gradient_local_minimum,0.00051099895,0.9711234856337514,0.9854559785367134,0.04631063815770525,0.04553966445928381,0.0,0.0,3.141592653589793,0.0,0.015581438594475907,0.0,6.267076732517243,2.877994114582176,0.006120563897356369,3.0092455838795877,3.147713217487149,-0.9654586086185145,2.496376539045132e-05,0.0008142048754592866,-5.929789833310616e-07,0.9999983352250392,1.7928400628888963,0.9104793358015573,0.3358957060629319,0.39594560871782275,22.68601229626954,2.496852323482482e-05,3.715391643838135e-05,2.496852323482482e-05,3.715391643838135e-05,False,,gradient,805006750,0.8592577257342398,0.7676498812709631,0.9999999999999999,215720127866.7554,1.0011446514595912,0.9999999999999997,0.0022493896817811373,-4.927527108111729e-05,0.0005198134094386853,-0.9991073591531134,-0.9991073335391668,0.001299645965798587,0.999458878956857,0.0012563896756243708,0.9998204059099898,0.026914157815845087,0.9998203506171547,0.9981156072933857,1.3920301125898369,0.031069395654919497,0.0007211042686829927,0.0007211042962827832,0.0007211042674957358,5.35347788663051e-05,2.0911039677579775e-09,5.3536763633695324e-05,5.353686997027286e-05,2.6768328648558893e-05,0.012177604396132117,0.9999960275384946,5.35347788663051e-05,0.3214760124213999,0.49107129016661544,0.49107129016661555,0.35104551650354165,0.5088751729634143,0.5088751729634144,0.3214760124213999,0.0005411210431429669,805,latin_hypercube,nan,True,True,0,CONVERGENCE: RELATIVE REDUCTION OF F <= FACTR*EPSMCH,7,6782,414,6.573864715781371,0.9114566559334527,0.043429593344561424,0.0005411210431429669,304,290,False,1e-05,0.0005411210431429669,True,0.08854334406654733,0.9565704066554386,0.999458878956857,0.12332100887654522,0.758003992310001,0.0461388008238095,0.24846352510275635,0.13964097680165063,0.016864261336506328,0.6232774977207238,0.04785406715077963,4.839788796487199e-06,0.0,0.9160939790502719,0.3052709714896371,0.9974362407163232,0.0009741179987740621,0.2735102288810087,0.2443505463363607,591,0.0005411209998887889,True,1,32,0.005649453663639298,False,alpha_p~pi/4,all alpha_e,CEGAMMA nearest fixed alpha_p quarter-pi center,C_e_gamma,C_{e\gamma},mixing_angles,"alpha_e=0.85925773, alpha_p=0.76764988",lepton_electron_alpha_e_mix_proton_alpha_p_mix_C_e_gamma,0.999458878956857,0.9999999999999997,nan,6.267076732517243,0.006120563897356369,12,12,polarization_cluster_02_local_minimum_591,max_c_e_gamma_mixing_angles_polarization_02_local_minimum_591,polarization_cluster_member
electron,gradient_local_minimum_0592,gradient,gradient,gradient_local_minimum,0.00051099895,0.9710851919030149,0.9854365488975,0.046292120351719264,0.04551923913459177,0.0,0.0,3.141592653589793,0.0,0.015543115420593414,0.0,2.3950523079201824,2.8771983275689434,3.139179060096655,3.009267510454205,6.280771713686448,-0.9652509554825193,2.4961426642876485e-05,0.0008161593598492775,-5.95918081073827e-07,0.9999983269735992,1.7928400455555036,0.910403049332587,0.3352005563373621,0.3967194691564378,22.730351233334325,2.5046599188536492e-05,3.7229353469414605e-05,2.5046599188536492e-05,3.7229353469414605e-05,False,,gradient,1632008539,0.7117494107076656,0.808009804099643,0.9999999999999998,213745571094.50266,1.0011435158235844,0.9999999999999998,0.0025587317041039547,9.412403376474199e-05,-0.0005710305723587439,-0.9991069474690233,-0.9991068937213224,0.0010305440710043183,0.9994588315224817,0.000985084926508916,0.9998215030996981,0.02694536257899743,0.9998214572871054,0.9984758589779154,1.3920045421725595,0.031105445826348922,0.0007240201311727867,0.0007240201511189179,0.0007240201511141273,5.31871614910382e-05,2.625093152991149e-09,5.318746809323366e-05,5.318978658419119e-05,2.6592574801138065e-05,-0.004802007682363443,0.9999128219492343,5.31871614910382e-05,0.3543626788135482,0.5137057201667332,0.5137057201667332,0.3183339626143733,0.4862410900466827,0.4862410900466827,0.3543626788135482,0.0005411684775182835,1632,sobol_screened,0.5279382109450776,True,True,0,CONVERGENCE: RELATIVE REDUCTION OF F <= FACTR*EPSMCH,10,8571,513,5.918284141496932,0.5279382109450776,0.037322587716068334,0.0005411684775182835,383,369,False,1e-05,0.0005411684775182835,True,0.4720617890549223,0.9626774122839317,0.9994588315224817,0.01555075403302908,0.6548343608155847,0.5544701181352139,0.27463400084525347,0.46971028577536345,0.4161514649167657,0.16840360034257174,0.3854749798774719,0.0,0.0,0.9158406721766633,0.3045350864574003,0.38118441376914924,0.49961586466495267,0.22655687391373713,0.25719750877834435,592,0.0005411684342641054,True,1,32,0.007197508778344358,False,alpha_p~pi/4,all alpha_e,CEGAMMA nearest fixed alpha_p quarter-pi center,C_e_gamma,C_{e\gamma},mixing_angles,"alpha_e=0.71174941, alpha_p=0.8080098",lepton_electron_alpha_e_mix_proton_alpha_p_mix_C_e_gamma,0.9994588315224817,0.9999999999999998,nan,2.3950523079201824,3.139179060096655,13,13,polarization_cluster_02_local_minimum_592,max_c_e_gamma_mixing_angles_polarization_02_local_minimum_592,polarization_cluster_member
electron,gradient_local_minimum_0593,gradient,gradient,gradient_local_minimum,0.00051099895,0.9713324302449421,0.9855619870129642,0.046411665526357886,0.04564173228209256,0.0,0.0,3.141592653589793,0.0,0.015552870265500153,0.0,4.812629277141379,2.87764415120872,0.005507566453497867,3.0098756437816356,3.1471002200432907,-0.9653673642765336,2.4885045606938002e-05,0.0008130470404531389,-5.913733132860988e-07,0.9999983397329161,1.7928400723583704,0.910426256200573,0.3345475326362321,0.3956655121892313,22.669963947324984,2.504278541684069e-05,3.7189621563697565e-05,2.504278541684069e-05,3.7189621563697565e-05,False,,gradient,204007534,0.8589302088353898,0.7633418943706242,1.0,215211641101.12433,1.0011418077390986,0.9999999999999998,0.0025955209141999263,-2.89798330475044e-05,0.0005051664874633488,-0.9991070236554047,-0.9991070090157642,0.0010618170351138795,0.9994587997834381,0.0010154416723250274,0.9998214065786593,0.026944085265247386,0.9998213584032664,0.9984347615412439,1.392005592958473,0.031103968536400014,0.000723825132961986,0.000723825153574969,0.0007238251330122256,5.320180434079103e-05,3.3340425547693793e-09,5.3203401429880465e-05,5.32051383833458e-05,2.660083223820756e-05,0.010958071504739816,0.999934707303914,5.320180434079103e-05,0.31869363195626976,0.4868034043067689,0.4868034043067688,0.3539699111078086,0.5131433905548477,0.5131433905548477,0.31869363195626976,0.000541200216561899,204,latin_hypercube,nan,True,True,0,CONVERGENCE: RELATIVE REDUCTION OF F <= FACTR*EPSMCH,14,7596,603,13711.513643184326,0.8449993043085633,0.04447529264685668,0.000541200216561899,334,320,False,1e-05,0.0005412001594118365,True,0.15500069569143676,0.9555247073531433,0.9994587997834381,0.1055141917200533,0.7702449072501669,0.26108538311932517,0.588757756226454,0.6612137898240134,0.01830707477308577,0.4073419051121482,0.8549703071341143,3.124576731494286e-05,0.0,0.9159825822486986,0.3038285695915179,0.7659537387258255,0.0008765564254812849,0.2734059770142125,0.24297927151643253,593,0.000541200173307721,True,1,32,0.007020728483567452,False,alpha_p~pi/4,all alpha_e,CEGAMMA nearest fixed alpha_p quarter-pi center,C_e_gamma,C_{e\gamma},mixing_angles,"alpha_e=0.85893021, alpha_p=0.76334189",lepton_electron_alpha_e_mix_proton_alpha_p_mix_C_e_gamma,0.9994587997834381,0.9999999999999998,nan,4.812629277141379,0.005507566453497867,14,14,polarization_cluster_02_local_minimum_593,max_c_e_gamma_mixing_angles_polarization_02_local_minimum_593,polarization_cluster_member
electron,gradient_local_minimum_0594,gradient,gradient,gradient_local_minimum,0.00051099895,0.9710917208645247,0.9854398616174022,0.04629527763024155,0.04551912894748966,0.0,0.0,3.141592653589793,0.0,0.015485589484361935,0.0,3.2190079888940044,2.875879564761878,3.1432544272535776,3.0093771724464933,0.0016617736637843828,-0.964905490951442,2.4970659721972608e-05,0.0008195047046928117,-6.009672940149225e-07,0.9999983127980664,1.792840015777661,0.9102894580992351,0.3339318030797145,0.39792856997121456,22.79962760702686,2.5203263173480955e-05,3.738810938744091e-05,2.5203263173480955e-05,3.738810938744091e-05,False,,gradient,1016006200,0.7122224700986122,0.8070022474895547,1.0,210194187705.60712,1.001140480630705,1.0,0.0024424585722729823,6.791067435840681e-05,-0.0005423217370824629,-0.9991037916377509,-0.999103754808316,0.001076505530318208,0.9994586674140601,0.0010313350238670366,0.999823728166738,0.027035591215166202,0.9998236805543699,0.9984143293714205,1.391931960427899,0.031209655252759583,0.0007287006719896016,0.0007287006762653114,0.0007287006762664801,5.254729146671869e-05,2.1918621027883743e-09,5.25474350755777e-05,5.254948332882148e-05,2.627269341116696e-05,0.003306385689352105,0.9999220447808796,5.254729146671869e-05,0.35365913065499355,0.5126530785591851,0.512653078559185,0.31896689196979444,0.48729437195748615,0.48729437195748615,0.35365913065499355,0.0005413325859399132,1016,latin_hypercube,nan,True,True,0,CONVERGENCE: RELATIVE REDUCTION OF F <= FACTR*EPSMCH,5,6239,207,6.311196796358691,0.9442122233887786,0.04218546541678969,0.0005413325859399132,289,275,False,1e-05,0.0005413325859399132,True,0.05578777661122136,0.9578145345832103,0.9994586674140601,0.018244687672599222,0.5826847885394432,0.47067243440968803,0.29034039175236054,0.46141006148249625,0.7028198148887913,0.08142736941425989,0.028687900281300093,8.251756243337481e-07,0.0,0.9154208969376428,0.3031886568363418,0.5123210332847817,0.5002644794928912,0.2267074533946275,0.25687679354846343,594,0.0005413325426857352,True,1,32,0.006876793548463449,False,alpha_p~pi/4,all alpha_e,CEGAMMA nearest fixed alpha_p quarter-pi center,C_e_gamma,C_{e\gamma},mixing_angles,"alpha_e=0.71222247, alpha_p=0.80700225",lepton_electron_alpha_e_mix_proton_alpha_p_mix_C_e_gamma,0.9994586674140601,1.0,nan,3.2190079888940044,3.1432544272535776,15,15,polarization_cluster_02_local_minimum_594,max_c_e_gamma_mixing_angles_polarization_02_local_minimum_594,polarization_cluster_member
electron,gradient_local_minimum_0596,gradient,gradient,gradient_local_minimum,0.00051099895,0.9710851919030149,0.9854365488975,0.046292120351719264,0.045524129944169545,0.0,0.0,3.141592653589793,0.0,0.015376972566743028,0.0,0.45568632084429106,2.8758864566049924,0.0011535828863165013,3.010761511767443,3.1427462364761096,-0.9649073007085971,2.4532868851618054e-05,0.000810826941804988,-5.883998283306086e-07,0.9999983480808967,1.7928400898945616,0.9100760700962707,0.3316121690719395,0.3965373388071504,22.719915932998912,2.502349676578898e-05,3.6995731277402735e-05,2.502349676578898e-05,3.6995731277402735e-05,False,,gradient,945006730,0.858567720993346,0.7647495168437497,1.0000000000000002,215484878597.0784,1.0011399868498043,1.0000000000000002,0.0023385612122468927,-5.989273810225182e-05,0.0005348587653708492,-0.9991067409056027,-0.9991067088714467,0.0011236906737091446,0.9994585098472851,0.0010786278521317265,0.9998208809380345,0.02693778964716743,0.9998208313109053,0.9983512914771506,1.3920105499332713,0.03109668588625474,0.0007232183728214103,0.0007232183923014656,0.0007232183790306214,5.329468064461143e-05,9.821527324168136e-10,5.329475084299891e-05,5.329566279734385e-05,2.664691944432698e-05,0.002295382978039697,0.9999657775399694,5.329468064461143e-05,0.31964682969399016,0.48824597028438393,0.4882459702843839,0.3529974800684913,0.5117007340528187,0.5117007340528187,0.31964682969399016,0.0005414901527148741,945,latin_hypercube,nan,True,True,0,CONVERGENCE: RELATIVE REDUCTION OF F <= FACTR*EPSMCH,10,6790,675,5.985067402928293,0.9963425082526715,0.03727131990233401,0.0005414901527148741,295,281,False,1e-05,0.0005414901527148741,True,0.0036574917473285486,0.962728680097666,0.9994585098472851,0.09402855613164365,0.9078820316663355,0.19696453681728748,0.031096757199218356,0.08913715646045872,0.11960642650048675,0.10049543883076219,0.1640424759786941,0.0,0.0,0.9154230906794403,0.30071727408906695,0.0725247304617283,0.00018359841862348715,0.27329059355046853,0.2434273316656429,596,0.0005414901094606961,True,1,32,0.006572668334357117,False,alpha_p~pi/4,all alpha_e,CEGAMMA nearest fixed alpha_p quarter-pi center,C_e_gamma,C_{e\gamma},mixing_angles,"alpha_e=0.85856772, alpha_p=0.76474952",lepton_electron_alpha_e_mix_proton_alpha_p_mix_C_e_gamma,0.9994585098472851,1.0000000000000002,nan,0.45568632084429106,0.0011535828863165013,16,16,polarization_cluster_02_local_minimum_596,max_c_e_gamma_mixing_angles_polarization_02_local_minimum_596,polarization_cluster_member
electron,gradient_local_minimum_0597,gradient,gradient,gradient_local_minimum,0.00051099895,0.9713207941876795,0.985556083735309,0.0464060399031874,0.04563963963846618,0.0,0.0,3.141592653589793,0.0,0.015332131187744064,0.0,3.4324550746420894,2.8753976280527995,3.1431073071655544,3.0115803980377347,0.001514653575761182,-0.9647788235745329,2.441101384462077e-05,0.0008090690791505306,-5.859587519863168e-07,0.9999983549341552,1.7928401042908642,0.9099913190320628,0.3298302748701745,0.39620728108905295,22.70100501875621,2.510312451889222e-05,3.7015652065234e-05,2.510312451889222e-05,3.7015652065234e-05,False,,gradient,475007095,0.7126141777862232,0.8064221111053389,0.9999999999999999,215081103133.39157,1.0011376184644492,0.9999999999999998,0.002376637224062241,7.235633492280735e-05,-0.0005473875930673278,-0.9991054068177527,-0.9991053672107927,0.001095823465228352,0.9994583308814059,0.0010511060109774355,0.9998219345015232,0.026982408778990285,0.9998218864884254,0.9983881578212337,1.391974510491529,0.03114821719884666,0.0007257447130554207,0.0007257447306032739,0.0007257447091816161,5.29598331882208e-05,1.1695751926893514e-09,5.295995346071796e-05,5.296100276341349e-05,2.6479452079011215e-05,0.0030140040330989973,0.9999603745155575,5.29598331882208e-05,0.3532335762930491,0.5120354563299294,0.5120354563299294,0.31940682582656615,0.48791158266730716,0.48791158266730716,0.3532335762930491,0.0005416691185941014,475,latin_hypercube,nan,True,False,2,ABNORMAL: ,2,7134,594,99944567.91340056,0.8926863506611669,0.5543208705794436,0.0005416691185941014,306,292,False,1e-05,0.0005416691016909558,True,0.1073136493388332,0.4456791294205564,0.9994583308814059,0.08858660515912502,0.9573076315662464,0.5044118616667284,0.4127304346620492,0.49832588205148365,0.9419455666082275,0.2467471052583395,0.7074893619191561,2.9775301664787265e-05,0.0,0.9152674917186283,0.2988124617704672,0.5462921920701491,0.5002410646036543,0.22683213782408826,0.25669213040203265,597,0.0005416690753399234,True,1,32,0.006692130402032631,False,alpha_p~pi/4,all alpha_e,CEGAMMA nearest fixed alpha_p quarter-pi center,C_e_gamma,C_{e\gamma},mixing_angles,"alpha_e=0.71261418, alpha_p=0.80642211",lepton_electron_alpha_e_mix_proton_alpha_p_mix_C_e_gamma,0.9994583308814059,0.9999999999999998,nan,3.4324550746420894,3.1431073071655544,17,17,polarization_cluster_02_local_minimum_597,max_c_e_gamma_mixing_angles_polarization_02_local_minimum_597,polarization_cluster_member
electron,gradient_local_minimum_0600,gradient,gradient,gradient_local_minimum,0.00051099895,0.9710851919030149,0.9854365488975,0.046292120351719264,0.04547161903610686,0.0,0.0,3.141592653589793,0.0,0.01776971588544771,0.0,3.7458261426547668,2.8964362993366777,3.150669632740882,2.990006465078442,0.009076979151088837,-0.9700993884014841,3.038451253756599e-05,0.0008687933325837131,-6.716154782098115e-07,0.9999981144551751,1.7928395991285428,0.9147868495098797,0.3833064143718675,0.3967425427644667,22.731673253692517,2.4646293393147472e-05,3.95027419228333e-05,2.4646293393147472e-05,3.95027419228333e-05,False,,gradient,210005247,0.7045181161025037,0.8174227192310245,1.0,204862184535.21082,1.0011838046620471,1.0000000000000002,0.00436522382050749,0.00010601051421216257,-0.0005955310184853624,-0.9991062905742774,-0.9991062274417278,0.0007171300136710902,0.9994573573093531,0.0006657916736265458,0.9998193032075097,0.026908609497807292,0.9998192677026416,0.9988971892233307,1.3920326713499371,0.031062957942139164,0.0007231157110976216,0.0007231157110963064,0.0007231157110978153,5.4825831364118625e-05,2.843556914140048e-08,5.483028725154745e-05,5.485426693326003e-05,2.7403153784917433e-05,0.018033819318952243,0.9991256949348442,5.4825831364118625e-05,0.3611932255356129,0.5237683226570674,0.5237683226570673,0.31177414021717653,0.4761768230759995,0.4761768230759995,0.3611932255356129,0.0005426426906468551,210,latin_hypercube,nan,True,True,0,CONVERGENCE: RELATIVE REDUCTION OF F <= FACTR*EPSMCH,13,5286,486,6.135183712559141,0.9924395517292626,0.03879419701602127,0.0005426426906468551,229,215,False,1e-05,0.0005426426906468551,True,0.007560448270737473,0.9612058029839787,0.9994573573093531,0.41479666262453824,0.4446046605865561,0.7597302329255563,0.6161421258209235,0.5752390611736875,0.5890081788005316,0.10445559165442155,0.32664884296950153,0.0,0.0,0.9219643087804578,0.35570034934443684,0.5961667465663533,0.5014446461002379,0.22425508135100658,0.2601937327224721,600,0.0005426426473926771,True,1,32,0.010193732722472097,False,alpha_p~pi/4,all alpha_e,CEGAMMA nearest fixed alpha_p quarter-pi center,C_e_gamma,C_{e\gamma},mixing_angles,"alpha_e=0.70451812, alpha_p=0.81742272",lepton_electron_alpha_e_mix_proton_alpha_p_mix_C_e_gamma,0.9994573573093531,1.0000000000000002,nan,3.7458261426547668,3.150669632740882,18,18,polarization_cluster_02_local_minimum_600,max_c_e_gamma_mixing_angles_polarization_02_local_minimum_600,polarization_cluster_member
electron,gradient_local_minimum_0608,gradient,gradient,gradient_local_minimum,0.00051099895,1.0014520280534809,1.0007257506697231,0.060757899123424566,0.06016711965776107,0.0,0.0,3.141592653589793,0.0,0.02093367034961812,0.0,5.1432607672116095,2.942732674060191,4.888841839159835,3.037658218563399,1.747249185570042,-0.9802924280260648,2.6185536692732107e-05,0.000625731917978065,-3.475762125580617e-07,0.999999024187232,1.7928415101578654,0.9216656664593277,0.3441215396947957,0.3027944145559966,17.348842014193224,2.51107642079845e-05,3.802974444810307e-05,2.51107642079845e-05,3.802974444810307e-05,False,,gradient,960010890,2.37254056159646,0.9156710685469749,0.9999999999999999,369669842585.744,0.9978149552161095,0.9999999999999998,0.1817894718008512,4.965619996377679e-05,-0.00011639431365267905,-0.9990687159626621,-0.9990687101829628,0.018546995407488654,0.999455110275157,0.01901433555014012,0.9998190610640717,0.033002763029396386,0.9998278394156103,0.9748132120940592,1.3873985043353172,0.038096389245944114,0.0003836463732702633,0.00038364637251576527,0.00038364605894775723,5.041053804392853e-05,2.3179981288376873e-06,5.1982817738129846e-05,5.272853617276622e-05,2.5618549651746733e-05,0.35216744483488027,0.9717148061082896,5.041053804392853e-05,0.41040796446625916,0.6304651296704167,0.6304651296704167,0.2402583051726463,0.36948214179341066,0.36948214179341066,0.41040796446625916,0.0005448897248430118,960,latin_hypercube,nan,True,True,0,CONVERGENCE: RELATIVE REDUCTION OF F <= FACTR*EPSMCH,16,10925,234,589.3922916137781,0.951167319915336,0.0007436442887880368,0.0005448897248430118,495,481,False,1e-05,0.0005448897123468965,True,0.04883268008466406,0.999256355711212,0.999455110275157,0.3886356622477027,0.04692672514044304,0.4002701522735174,0.3541180690502009,0.7983386301179696,0.7582871421270452,0.07297253031950832,0.5545632498133152,0.003808434455812189,0.0,0.9367009025494215,0.3129152600515551,0.8185753747123417,0.7780833446967605,0.755203116128196,0.2914671536109776,608,0.0005448896815888338,True,1,32,0.041467153610977574,False,alpha_p~pi/4,all alpha_e,CEGAMMA nearest fixed alpha_p quarter-pi center,C_e_gamma,C_{e\gamma},mixing_angles,"alpha_e=2.3725406, alpha_p=0.91567107",lepton_electron_alpha_e_mix_proton_alpha_p_mix_C_e_gamma,0.999455110275157,0.9999999999999998,nan,5.1432607672116095,4.888841839159835,19,19,polarization_cluster_02_local_minimum_608,max_c_e_gamma_mixing_angles_polarization_02_local_minimum_608,polarization_cluster_member
electron,gradient_local_minimum_0612,gradient,gradient,gradient_local_minimum,0.00051099895,0.9712153876653822,0.9855026066253616,0.04635507656990071,0.04557241665861511,0.0,0.0,3.141592653589793,0.0,0.016012599420913372,0.0,1.183124777078161,2.881415410362286,1.6516904736572493,3.0055790312987236,4.793283127247042,-0.9663443971683564,2.605910798186763e-05,0.0008269720136861655,-6.110892003034811e-07,0.9999982843810813,1.7928399560835029,0.9113294159487266,0.3448734435930606,0.39619086551857696,22.700064475849636,2.5026483621981804e-05,3.775049301279587e-05,2.5026483621981804e-05,3.775049301279587e-05,False,,gradient,889002428,2.3486477618267325,0.7227079292021107,1.0,210872143632.85855,0.9977378965503315,1.0000000000000004,0.044475317538524135,-1.5494092573897777e-05,5.0448083825871404e-05,-0.9990778013849138,-0.9990778006032665,0.017698625842286337,0.9994546315340307,0.01819706590854991,0.9998205865371134,0.03260027969013414,0.9998295340005986,0.9759201661403395,1.387698150528635,0.03763197168578812,0.0004184034118870361,0.0004184036714896173,0.0004184033573489648,5.28574558879684e-05,5.340656130668446e-07,5.320360086954649e-05,5.3391521501035244e-05,2.650784011902886e-05,0.161782139426786,0.9929606564411124,5.28574558879684e-05,0.2914083087912095,0.436642459723248,0.43664245972324794,0.37605944280695314,0.563304148755251,0.5633041487552511,0.2914083087912095,0.0005453684659693092,889,latin_hypercube,nan,True,True,0,CONVERGENCE: RELATIVE REDUCTION OF F <= FACTR*EPSMCH,11,2475,459,5.8457876494492425,0.9332157104107102,0.03732345387326441,0.0005453684659693092,96,82,False,1e-05,0.0005453683882288285,True,0.06678428958928982,0.9626765461267356,0.9994546315340307,0.05514533640964611,0.5947909840248814,0.71481601048715,0.1977481890224665,0.30744323575251353,0.23863206066387327,0.5822665790224005,0.06449237828504306,1.6454523304008056e-05,0.0,0.9171830113206398,0.31481817124804223,0.18830015656648608,0.2628747033403452,0.7475978017528819,0.2300450786884469,612,0.0005453684227151312,True,1,32,0.019954921311553093,False,alpha_p~pi/4,all alpha_e,CEGAMMA nearest fixed alpha_p quarter-pi center,C_e_gamma,C_{e\gamma},mixing_angles,"alpha_e=2.3486478, alpha_p=0.72270793",lepton_electron_alpha_e_mix_proton_alpha_p_mix_C_e_gamma,0.9994546315340307,1.0000000000000004,nan,1.183124777078161,1.6516904736572493,20,20,polarization_cluster_02_local_minimum_612,max_c_e_gamma_mixing_angles_polarization_02_local_minimum_612,polarization_cluster_member
electron,gradient_local_minimum_0616,gradient,gradient,gradient_local_minimum,0.00051099895,0.9795222997786237,0.9897081892045876,0.05035495810871995,0.049627742349912296,0.0,0.0,3.141592653589793,0.0,0.01770285224832374,0.0,0.04399416464298025,2.9039103508475135,4.8918804343151026,3.0137369486043264,1.7502877807253092,-0.9718862882072927,2.6921361262033968e-05,0.0007693657689172979,-5.273448739991567e-07,0.9999985194911062,1.792840449967538,0.914808707262818,0.3510465203262417,0.3655380077277476,20.94378509442041,2.5107203069371555e-05,3.830421126337969e-05,2.5107203069371555e-05,3.830421126337969e-05,False,,gradient,908009934,2.3729170874115257,0.9149046940671407,1.0,245776087232.39658,0.997789262264957,1.0,0.18448750939818886,-1.861783962331387e-06,-6.308441380487029e-05,-0.9990748837209448,-0.9990748838383943,0.018336843394809156,0.9994539111879743,0.018804731491750937,0.9998190405155858,0.032918253301406714,0.9998277312436734,0.9750917889657309,1.3874596105664545,0.03799886038938827,0.0003937533628814993,0.0003937536482529683,0.00039375364845513816,5.043743557893981e-05,2.4039887996937055e-06,5.2071410610897954e-05,5.284142437863352e-05,2.56506984215812e-05,0.3588565941681951,0.9708556770832651,5.043743557893981e-05,0.40948440282762133,0.6297388354432178,0.6297388354432178,0.2404506273478882,0.3702083231324036,0.3702083231324036,0.40948440282762133,0.0005460888120256691,908,latin_hypercube,nan,True,True,0,CONVERGENCE: NORM OF PROJECTED GRADIENT <= PGTOL,0,9972,9,0.0,1000.0,1000.0,0.0005460888120256691,459,445,False,1e-05,0.0005460888120256691,True,nan,nan,0.9994539111879743,0.06415098593116864,0.4376550966186973,0.5346960918238844,0.58973972542285,0.001237669292016718,0.9710530983901774,0.9726168051786066,0.3221246663431948,0.0010640360674619453,0.0,0.9243433732662036,0.32100954008435617,0.007001888770128996,0.7785669521357764,0.7553229680175348,0.2912232090375274,616,0.000546088768771491,True,1,32,0.041223209037527395,False,alpha_p~pi/4,all alpha_e,CEGAMMA nearest fixed alpha_p quarter-pi center,C_e_gamma,C_{e\gamma},mixing_angles,"alpha_e=2.3729171, alpha_p=0.91490469",lepton_electron_alpha_e_mix_proton_alpha_p_mix_C_e_gamma,0.9994539111879743,1.0,nan,0.04399416464298025,4.8918804343151026,21,21,polarization_cluster_02_local_minimum_616,max_c_e_gamma_mixing_angles_polarization_02_local_minimum_616,polarization_cluster_member
electron,gradient_local_minimum_0620,gradient,gradient,gradient_local_minimum,0.00051099895,0.9719031963883922,0.9858515082852957,0.046687530071576076,0.04590663342605694,0.0,0.0,3.141592653589793,0.0,0.016166224812631302,0.0,5.055244778548668,2.8830830967969896,4.506391470391624,3.005936162596009,1.3647988168018308,-0.966772068575647,2.6262341181701042e-05,0.0008252018600969901,-6.083176266755979e-07,0.999998292162201,1.7928399724289168,0.9116430914923812,0.34570629934783387,0.394166047786588,22.584050965523417,2.512435720814876e-05,3.795136898564644e-05,2.512435720814876e-05,3.795136898564644e-05,False,,gradient,1980004137,2.337166603520734,0.6678412635793719,0.9999999999999999,211260584680.17868,0.9977975061497599,0.9999999999999998,0.20433199876867567,-1.0807952563363088e-05,4.0658858825037836e-05,-0.99907732941073,-0.999077328971291,0.01814919742097119,0.9994526756381529,0.018621022528564315,0.999817989714325,0.03281927208602367,0.9998266660245072,0.975338193946274,1.387533006030203,0.03788459313037012,0.0004009683491058569,0.00040096877322176534,0.0004009687734093594,5.003512491207729e-05,2.792541259139115e-06,5.2199853441454435e-05,5.2827666171216403e-05,2.5786020355846234e-05,-0.41267738685892774,0.9762316689241125,5.003512491207729e-05,0.24503853891648103,0.3815752291404842,0.3815752291404842,0.39815162766993273,0.6183719431933447,0.6183719431933448,0.24503853891648103,0.0005473243618471235,1980,sobol_screened,0.6063806991610273,True,False,2,ABNORMAL: ,5,4170,1080,99973597.24992543,0.6063806991610273,0.2640275052995871,0.0005473243618471235,147,133,False,1e-05,0.0005473243618471235,True,0.3936193008389727,0.7359724947004129,0.9994526756381529,0.03896552324295044,0.5780279962345958,0.3948924234136939,0.45302026998251677,0.8227868797257543,0.9925327720120549,0.8421834111213684,0.20246010646224022,0.00010336351457632215,0.0,0.9177138523998606,0.31567297460827215,0.8045671950455144,0.7172144780199815,0.7439432355592416,0.21258047659878881,620,0.0005473243185929455,True,1,32,0.03741952340121118,False,alpha_p~pi/4,all alpha_e,CEGAMMA nearest fixed alpha_p quarter-pi center,C_e_gamma,C_{e\gamma},mixing_angles,"alpha_e=2.3371666, alpha_p=0.66784126",lepton_electron_alpha_e_mix_proton_alpha_p_mix_C_e_gamma,0.9994526756381529,0.9999999999999998,nan,5.055244778548668,4.506391470391624,22,22,polarization_cluster_02_local_minimum_620,max_c_e_gamma_mixing_angles_polarization_02_local_minimum_620,polarization_cluster_member
electron,gradient_local_minimum_0623,gradient,gradient,gradient_local_minimum,0.00051099895,0.9731149788651835,0.9864659035492223,0.04727268873240937,0.04649238233650976,0.0,0.0,3.141592653589793,0.0,0.01672298002083075,0.0,5.029562635035803,2.8889650318144144,4.950292421197575,3.0045085392327806,1.8086997676077814,-0.9682589935523713,2.7179870029587334e-05,0.0008250417690388027,-6.073608003671555e-07,0.9999982948484656,1.7928399780718203,0.9127604492279886,0.3532044128575799,0.38971173613239074,22.32883770710198,2.5138727485909582e-05,3.842498210052754e-05,2.5138727485909582e-05,3.842498210052754e-05,False,,gradient,1317005314,2.378309808417505,0.9180275260321069,1.0,213656274373.75287,0.9977972059604803,1.0,0.25522485810890205,3.892969029362092e-05,-6.96410173993689e-05,-0.9990769736658273,-0.999076970954724,0.018130218335929014,0.9994517723293767,0.01859183436572337,0.999817201398518,0.03280620832841757,0.9998256786563039,0.9753698988723634,1.3875421928459772,0.03786948359720977,0.00040188618312420044,0.00040188618289658493,0.0004018861831240282,4.90577882889862e-05,3.6417669122783874e-06,5.190615960377056e-05,5.2699555201264586e-05,2.5556382003138266e-05,0.47663105173088427,0.9698898560162804,4.90577882889862e-05,0.4017924499066419,0.6332253174937732,0.6332253174937732,0.23196718503815422,0.36672198295102554,0.36672198295102554,0.4017924499066419,0.0005482276706233469,1317,sobol_screened,0.4112923272937884,True,True,0,CONVERGENCE: RELATIVE REDUCTION OF F <= FACTR*EPSMCH,8,5341,414,2.6584544424413408,0.4112923272937884,0.016723901318400514,0.0005482276706233469,229,215,False,1e-05,0.0005482275803536663,True,0.5887076727062116,0.9832760986815995,0.9994517723293767,0.019800690934062004,0.03568315785378218,0.228794164955616,0.23471838142722845,0.9008349617943168,0.8459688676521182,0.7385396137833595,0.40921575855463743,0.00025640512704800837,0.0,0.9195861304657975,0.32359024022877464,0.8004797549562463,0.7878635085839408,0.7570395244271692,0.2922172373248669,623,0.0005482276273691689,True,1,32,0.04221723732486689,False,alpha_p~pi/4,all alpha_e,CEGAMMA nearest fixed alpha_p quarter-pi center,C_e_gamma,C_{e\gamma},mixing_angles,"alpha_e=2.3783098, alpha_p=0.91802753",lepton_electron_alpha_e_mix_proton_alpha_p_mix_C_e_gamma,0.9994517723293767,1.0,nan,5.029562635035803,4.950292421197575,23,23,polarization_cluster_02_local_minimum_623,max_c_e_gamma_mixing_angles_polarization_02_local_minimum_623,polarization_cluster_member
electron,gradient_local_minimum_0624,gradient,gradient,gradient_local_minimum,0.00051099895,0.9810320601596964,0.9904706255915399,0.05107837393909932,0.05035797203890979,0.0,0.0,3.141592653589793,0.0,0.018068259568471152,0.0,0.986322445558768,2.907770820477741,1.313801261550589,3.014574706281096,4.455393915140382,-0.9727879942023784,2.7247433304771016e-05,0.0007623289227982923,-5.174660219166943e-07,0.9999985472257328,1.7928405082283017,0.9155591106091442,0.3532279423174453,0.36083978042075027,20.674596498536346,2.5160069789605284e-05,3.852505343103778e-05,2.5160069789605284e-05,3.852505343103778e-05,False,,gradient,1393007715,2.380060208139384,0.905450564109392,1.0,250674199664.81836,0.9977892653574186,1.0,0.2650103494421247,4.568060225157433e-05,-4.366644339465209e-05,-0.9990723643257013,-0.999072362330992,0.017829563648884852,0.9994517455999592,0.018293766087793078,0.9998171089851334,0.03263620459660008,0.9998254948538162,0.9757678582625107,1.3876703664380043,0.037673288903505714,0.0004125662966750765,0.0004125666328866158,0.0004125664991980224,4.86069437227379e-05,3.934607199447555e-06,5.193590358539852e-05,5.254155092218545e-05,2.5665128124305787e-05,-0.51500047162386,0.9769459665290844,4.86069437227379e-05,0.3905199686104034,0.6211939531104745,0.6211939531104744,0.23708410257156332,0.3787535053386033,0.3787535053386033,0.3905199686104034,0.0005482544000408041,1393,sobol_screened,0.4442001675625037,True,True,0,CONVERGENCE: RELATIVE REDUCTION OF F <= FACTR*EPSMCH,15,7750,225,426.54018334969584,0.4442001675625037,0.0006507751582820465,0.0005482544000408041,345,331,False,1e-05,0.0005482544000408041,True,0.5557998324374963,0.999349224841718,0.9994517455999592,0.08444832172244787,0.002433476038277149,0.5007926058024168,0.32576559484004974,0.1504157865419984,0.1437766719609499,0.7423905292525887,0.25632269959896803,0.001253953700160693,0.0,0.9255721989148175,0.3232669207675921,0.15697809269316476,0.20909796501614428,0.7575966939634164,0.2882138660067096,624,0.000548254356786626,True,1,32,0.038213866006709625,False,alpha_p~pi/4,all alpha_e,CEGAMMA nearest fixed alpha_p quarter-pi center,C_e_gamma,C_{e\gamma},mixing_angles,"alpha_e=2.3800602, alpha_p=0.90545056",lepton_electron_alpha_e_mix_proton_alpha_p_mix_C_e_gamma,0.9994517455999592,1.0,nan,0.986322445558768,1.313801261550589,24,24,polarization_cluster_02_local_minimum_624,max_c_e_gamma_mixing_angles_polarization_02_local_minimum_624,polarization_cluster_member
electron,gradient_local_minimum_0628,gradient,gradient,gradient_local_minimum,0.00051099895,0.9713880337396401,0.9855901956389583,0.046438546945808734,0.04564579176076222,0.0,0.0,3.141592653589793,0.0,0.016291652723442813,0.0,5.864532464904321,2.8830734755335823,5.018173907664393,3.0031668241977263,1.8765812540746,-0.9667696089519169,2.6865555666002842e-05,0.0008378718203719058,-6.269502203544053e-07,0.9999982398516873,1.7928398625428037,0.9118811745669364,0.35025910780191927,0.396945007448278,22.743273625575355,2.518660913171638e-05,3.8305911854526436e-05,2.518660913171638e-05,3.8305911854526436e-05,False,,gradient,1869004920,2.3843313990720185,0.8925904807009257,1.0000000000000002,205743186728.16095,0.9977980354114736,1.0000000000000004,0.30109090048302856,5.834297774764963e-05,-5.4497622147264835e-06,-0.9990743050976839,-0.9990743047797286,0.017433082267328454,0.9994489395033889,0.01789711483335469,0.9998147851735136,0.03243034417317319,0.9998229836797509,0.9762941255648238,1.3878229612459982,0.03743562812118118,0.0004275096197712269,0.00042750814649274215,0.00042750930047247596,4.733337533125242e-05,5.181710601140725e-06,5.204025020082789e-05,5.251508593239315e-05,2.5782707234631313e-05,0.6138426773957665,0.9819162161449548,4.733337533125242e-05,0.3724457712594819,0.6090605322497007,0.6090605322497007,0.23746796488005434,0.39088695266436685,0.3908869526643669,0.3724457712594819,0.0005510604966111332,1869,sobol_screened,0.5850333526597953,True,True,0,CONVERGENCE: RELATIVE REDUCTION OF F <= FACTR*EPSMCH,23,4956,441,5.5106574042881915,0.5850333526597953,0.03494543841872,0.0005510604966111332,212,198,False,1e-05,0.0005510604966111332,True,0.4149666473402048,0.96505456158128,0.9994489395033889,0.0015393327921628952,0.47735907416790724,0.6495149154216051,0.41375439893454313,0.9414990376681089,0.07312765251845121,0.9143919330090284,0.7421666961163282,3.8272341022816975e-05,0.0,0.9177107898566004,0.3205423959960569,0.9333693307124199,0.7986671826995606,0.7589562562630526,0.2841203743206467,628,0.0005510604533569552,True,1,32,0.034120374320646685,False,alpha_p~pi/4,all alpha_e,CEGAMMA nearest fixed alpha_p quarter-pi center,C_e_gamma,C_{e\gamma},mixing_angles,"alpha_e=2.3843314, alpha_p=0.89259048",lepton_electron_alpha_e_mix_proton_alpha_p_mix_C_e_gamma,0.9994489395033889,1.0000000000000004,nan,5.864532464904321,5.018173907664393,25,25,polarization_cluster_02_local_minimum_628,max_c_e_gamma_mixing_angles_polarization_02_local_minimum_628,polarization_cluster_member
electron,gradient_local_minimum_0667,gradient,gradient,gradient_local_minimum,0.00051099895,0.9717031183611606,0.9857500283343443,0.04659084572078683,0.04577386099663272,0.0,0.0,3.141592653589793,0.0,0.01573782051601095,0.0,0.43841049862572934,2.8717471473314697,1.482680691491263,3.0053611421040123,4.624273345081056,-0.9638120932016092,2.671494141363135e-05,0.0008624783404904915,-6.658499680940482e-07,0.9999981306416886,1.7928396331307523,0.9107919080252783,0.33719800024671126,0.40607701774410365,23.266499273996182,2.6578461949368923e-05,3.960300767210626e-05,2.6578461949368923e-05,3.960300767210626e-05,False,,gradient,1364002069,0.7920357717003572,0.40290432348442795,1.0,180676571310.5999,1.001622704105221,0.9999999999999998,0.3197922162548776,-3.7076989227946555e-05,0.0006032127750350003,-0.9990123208513224,-0.9990122984860088,0.02618221344890257,0.9993800285106386,0.02659200037166774,0.9997677002719408,0.03849867008370939,0.999778515392446,0.964683416668821,1.3832047698208814,0.04443610831903975,8.950482003655669e-05,8.950481336362885e-05,8.950397063181331e-05,6.842943965722378e-06,4.0437633467084065e-05,4.073305898809787e-05,4.7280577432806446e-05,1.7092770271694645e-05,2.9554009683164715,0.72303559726978,6.842943965722378e-06,0.00033672614580194807,0.15501953309210578,0.15501953309210575,0.006377296222344796,0.8449331863304614,0.8449331863304613,0.00033672614580194807,0.0006199714893614372,1364,sobol_screened,0.4312156254145325,True,True,0,CONVERGENCE: RELATIVE REDUCTION OF F <= FACTR*EPSMCH,15,2101,225,244.26524308717933,0.4312156254145325,0.0006742457698720727,0.0006199714893614372,89,75,False,1e-05,0.0006199714142546275,True,0.5687843745854675,0.9993257542301279,0.9993800285106386,0.056028369814157486,0.01215972937643528,0.6161284185945988,0.44750773906707764,0.1321400050073862,0.096381944604218,0.33545196149498224,0.36054533906280994,7.808556040091092e-05,0.0,0.9141055076157057,0.3066651117601506,0.06977519795966741,0.235975961077744,0.2521128163434315,0.12824842935128544,667,0.0006199714461072592,True,1,32,0.12175157064871456,False,alpha_p~pi/4,all alpha_e,CEGAMMA nearest fixed alpha_p quarter-pi center,C_e_gamma,C_{e\gamma},mixing_angles,"alpha_e=0.79203577, alpha_p=0.40290432",lepton_electron_alpha_e_mix_proton_alpha_p_mix_C_e_gamma,0.9993800285106386,0.9999999999999998,nan,0.43841049862572934,1.482680691491263,26,26,polarization_cluster_02_local_minimum_667,max_c_e_gamma_mixing_angles_polarization_02_local_minimum_667,polarization_cluster_member
electron,gradient_local_minimum_0754,gradient,gradient,gradient_local_minimum,0.00051099895,1.0131956569427913,1.0065762052337575,0.06623837786933846,0.05510768810436527,0.0,0.0,3.141592653589793,0.0,0.03428609698112129,0.10791645054552383,3.792952209623262,2.4461276761959607,0.6516091645502974,2.628610732848665,3.7932942239464973,-0.8323020828350626,0.0005571948734429732,0.008177930484027167,-0.0001658454290951107,0.9995363309623225,1.791872392823688,0.947420775515675,0.5109355621565661,1.2084468966991602,69.23890694654365,0.0005275069118981289,0.0007231816340717734,0.0005275069118981289,0.0007231816340717734,False,,gradient,1145008443,0.7555620245474095,1.0043402513880264,0.9999999999999999,119164935.90683088,0.9959174713163714,0.9999999999999997,0.24640504783234507,-4.6606821157868517e-05,-0.00015028492432900276,0.9980359430392473,0.9980359360349447,0.040240456946772134,0.9991810416066185,0.0402672085218614,0.9999962533494932,0.05701936286957565,0.9999973330104844,0.9462303561658999,1.369053782443157,0.06581331477139965,1.0458431651705347e-05,1.0465284624253503e-05,1.0464039851693302e-05,0.31859308283787147,0.18639229497472487,0.47961950043412727,0.5049853778125963,0.22712681152782907,1.275494545186769,0.8995381708343937,0.31859308283787147,0.04197440572081269,0.13715467381764423,0.1371546738176441,0.12602824813583594,0.35785994836975954,0.35785994836975943,0.04197440572081269,0.0008189583933815303,1145,sobol_screened,0.31814277192193985,True,False,2,ABNORMAL: ,12,8476,909,17992.127640313334,0.31814277192193985,0.0066327942312773835,0.0008189583933815303,342,328,False,1e-05,0.0008189622589823697,True,0.6818572280780602,0.9933672057687226,0.9991810416066185,0.12303365860134363,0.02598483394831419,0.6584968119859695,0.34692983981221914,0.6619550678879023,0.2016401356086135,0.28839544393122196,0.23692351020872593,0.005265742239159757,0.034350873090504365,0.7786266222009567,0.4961597879109893,0.6036670930728689,0.10370681950216004,0.24050286203848037,0.3196914311091224,754,0.0008189583501273523,True,1,32,0.0696914311091224,False,alpha_p~pi/4,all alpha_e,CEGAMMA nearest fixed alpha_p quarter-pi center,C_e_gamma,C_{e\gamma},mixing_angles,"alpha_e=0.75556202, alpha_p=1.0043403",lepton_electron_alpha_e_mix_proton_alpha_p_mix_C_e_gamma,0.9991810416066185,0.9999999999999997,nan,3.792952209623262,0.6516091645502974,27,27,polarization_cluster_02_local_minimum_754,max_c_e_gamma_mixing_angles_polarization_02_local_minimum_754,polarization_cluster_member
electron,gradient_local_minimum_0784,gradient,gradient,gradient_local_minimum,0.00051099895,0.9710851919030149,0.9854365488975,0.046292120351719264,0.03490250280610437,0.0,0.0,3.141592653589793,0.0,0.03971029556851691,1.5573376286501184,6.013156641481339,1.4453224395068127,2.8715132489932884,2.45054971851194,6.012712294120728,-0.990364381147628,0.00015115736535203385,0.001951815529558959,-0.003317413154971348,0.9908580092555287,1.7735782082041487,0.9571373362678091,0.8487911397711847,2.387313077628509,136.78296372450106,0.0020684363807115178,0.00048530848590234944,0.0020684363807115178,0.00048530848590234944,False,,gradient,1665004055,2.249526519975122,0.40122198202460996,1.0,1771881.8166920405,0.9577562393760922,1.0,0.45446674703872136,-0.0001673839576505909,0.00033800285802426666,0.9963364298620625,0.9963364864383186,0.04184324131501984,0.9991137741743975,0.041835017198566,0.9999899326013726,0.059174647990763746,0.9999896006061867,0.9441080353092273,1.367405302301286,0.06829838386481744,6.747153417085983e-07,6.134570795038059e-07,6.989115074811873e-07,0.28984590323487874,0.2126790205177293,0.381884779405481,0.502524923752608,0.13062231752917697,-1.2709413124343525,0.5198640360114041,0.28984590323487874,0.14945967599997648,0.46284122944515477,0.46284122944515455,0.017989960991417208,0.03463384680223717,0.03463384680223713,0.14945967599997648,0.0008862258256024935,1665,sobol_screened,0.5389862797070799,True,False,2,ABNORMAL: ,0,4090,189,6.209111085464844,0.5389862797070799,0.5389862797070799,0.0008862258256024935,183,169,False,1e-05,0.0008862324597367355,True,0.4610137202929201,0.4610137202929201,0.9991137741743975,0.010792274959385395,0.5618817377835512,0.48305067606270313,0.7468990841880441,0.9401032291352749,0.4674029741436243,0.6877755811437964,0.2590214554220438,0.0,0.49571596332535367,0.46006042121829227,0.8598750071233159,0.9570236030776149,0.45701552773115034,0.7160465305406998,0.1277129234326885,784,0.0008862257823483155,True,1,32,0.1222870765673115,False,alpha_p~pi/4,all alpha_e,CEGAMMA nearest fixed alpha_p quarter-pi center,C_e_gamma,C_{e\gamma},mixing_angles,"alpha_e=2.2495265, alpha_p=0.40122198",lepton_electron_alpha_e_mix_proton_alpha_p_mix_C_e_gamma,0.9991137741743975,1.0,nan,6.013156641481339,2.8715132489932884,28,28,polarization_cluster_02_local_minimum_784,max_c_e_gamma_mixing_angles_polarization_02_local_minimum_784,polarization_cluster_member
electron,gradient_local_minimum_1213,gradient,gradient,gradient_local_minimum,0.00051099895,4.2440997124235205,2.0601212858527336,0.816518750091737,0.760388240444497,0.0,0.0,3.141592653589793,0.0,0.5610585298638656,0.01806338442442346,0.38088004557731975,2.7962801426516375,3.522131509114719,2.492782742293071,0.38051225722514476,-0.9469301639303016,0.09675173360978573,0.04281692531309776,-0.002049171504163261,0.9943206824257904,1.780903216272281,3.042753204262118,0.6716674671646358,0.9941224221485715,56.959019108435896,0.027042736797690203,0.07439401785050814,0.027042736797690203,0.07439401785050814,False,,gradient,1730007716,2.171012500508777,0.5411342880937914,1.0,476888.2091818077,0.8698574916490144,1.0,0.363788740313462,-0.0016531907739958385,0.011689200552196022,0.9760184650643415,0.9760377895428498,0.13702341818735728,0.9883214914717702,0.13879719540439336,0.9977765667899524,0.1950468946358776,0.9980216769836835,0.814020869309153,1.2718118106326586,0.22367156913078062,3.2895984126701805e-06,3.212523226388264e-06,3.235772214171817e-06,0.07043442943007691,0.42701444140844136,0.49590565343567206,0.4974488708385183,0.24718121801641288,-2.376463187493761,0.9937954732905717,0.07043442943007691,0.12265077113649618,0.2794279288735732,0.2794279288735734,0.05514946605672411,0.2231232002879085,0.22312320028790825,0.12265077113649618,0.011678508528229825,1730,sobol_screened,0.5562333190863242,True,True,0,CONVERGENCE: RELATIVE REDUCTION OF F <= FACTR*EPSMCH,11,7749,864,3.033725363462478,0.5562333190863242,0.06110561392677416,0.011678508528229825,309,295,False,1e-05,0.011678563924664154,True,0.4437666809136757,0.9388943860732258,0.9883214914717702,0.29822835605591536,0.06146559026092291,0.8011228498071432,0.4109076261520386,0.2974826842546463,0.6878825817257166,0.8159298542886972,0.21301539335399866,0.26769653787888154,0.005749753840232289,0.8900836139454367,0.6708751536018892,0.06061894197869683,0.5605646398953246,0.6910547419405355,0.17224839365328132,1213,0.011678508484975647,True,1,32,0.07775160634671867,False,alpha_p~pi/4,all alpha_e,CEGAMMA nearest fixed alpha_p quarter-pi center,C_e_gamma,C_{e\gamma},mixing_angles,"alpha_e=2.1710125, alpha_p=0.54113429",lepton_electron_alpha_e_mix_proton_alpha_p_mix_C_e_gamma,0.9883214914717702,1.0,nan,0.38088004557731975,3.522131509114719,29,29,polarization_cluster_02_local_minimum_1213,max_c_e_gamma_mixing_angles_polarization_02_local_minimum_1213,polarization_cluster_member
electron,gradient_local_minimum_1223,gradient,gradient,gradient_local_minimum,0.00051099895,0.9710851919030149,0.9854365488975,0.046292120351719264,0.027824020329717314,0.0,0.0,3.141592653589793,0.0,0.023715471877553695,1.6927290910161192,3.1152617129797004,2.37450638444963,6.256099103280812,0.4993131305116469,6.257968482805847,-0.6013209006967536,0.0040516857700140735,0.08209261962690106,-0.0032299341021863326,0.9910955841328197,1.774081781611775,0.9251473693911975,0.5409310792603167,1.8751938625819218,107.44069409477898,0.00030753223248346836,0.0007184080663977239,0.00030753223248346836,0.0007184080663977239,False,,gradient,1948008050,0.6215132567292554,1.1563894787334459,1.0,5261401.010412629,0.9164308586067212,1.0,0.2830524192700294,-0.0003907775822151738,0.004586480123958403,0.9657805227465641,0.9657823150401779,0.02222933529058419,0.9871738256835765,0.023043318269486076,0.9991702737273408,0.1560771232518213,0.9991887143968012,0.965544057852471,1.2840239560767543,0.17952439414695567,0.023334930438159707,0.023334930538234173,0.02333493034631534,0.11980581441730329,0.3740356582002038,0.37509201725652935,0.4938414726175071,0.1281712809477758,3.013116020431505,0.5190786438750468,0.11980581441730329,0.005099579253823973,0.043332630326624,0.04333263032662402,0.1993985648928306,0.4628258970558689,0.462825897055869,0.005099579253823973,0.012826174316423522,1948,sobol_screened,0.6001556495596332,True,False,2,ABNORMAL: ,3,8099,549,1.644336993005935,0.6001556495596332,0.24131172615629348,0.012826174316423522,341,327,False,1e-05,0.012826178709811287,True,0.39984435044036687,0.7586882738437065,0.9871738256835765,0.16700806375592947,0.4146188395097852,0.9334733383730054,0.4912250190973282,0.47593503538519144,0.8930815635249019,0.2170363375917077,0.29379486944526434,0.0,0.5388124043013324,0.7558288569768461,0.4923284392061635,0.4958093006456446,0.9956890967599151,0.19783381401120637,0.3680902033597762,1223,0.012826174273169344,True,1,32,0.1180902033597762,False,alpha_p~pi/4,all alpha_e,CEGAMMA nearest fixed alpha_p quarter-pi center,C_e_gamma,C_{e\gamma},mixing_angles,"alpha_e=0.62151326, alpha_p=1.1563895",lepton_electron_alpha_e_mix_proton_alpha_p_mix_C_e_gamma,0.9871738256835765,1.0,nan,3.1152617129797004,6.256099103280812,30,30,polarization_cluster_02_local_minimum_1223,max_c_e_gamma_mixing_angles_polarization_02_local_minimum_1223,polarization_cluster_member
electron,gradient_local_minimum_1263,gradient,gradient,gradient_local_minimum,0.00051099895,0.9710851919030149,0.9854365488975,0.046292120351719264,0.024474051519251274,0.0,0.0,3.141592653589793,0.0,0.03518502164499042,2.2497763520224816,3.4661857554581976,0.7132207231811681,0.32475126098750695,2.8016862077758353,3.467101810248999,-0.9840941490731879,6.370747163423154e-05,0.0009398029154996268,-0.00416425478411234,0.9885672644813099,1.7687134772776452,0.9475684112749039,0.7429573346604113,2.768278204442839,158.61065763262835,0.0028606743219702483,0.000810400665730791,0.0028606743219702483,0.000810400665730791,False,,gradient,147003161,0.5219034129542831,1.075696260761226,1.0,130806.14202806371,0.7447874126678524,1.0000000000000002,0.6800035088412731,-8.397031363227558e-05,-0.016296641900841125,0.9704608738335109,0.9704595053993793,0.16873139541785545,0.9841224130185869,0.16852778345927616,0.9984834160601682,0.23848275415290598,0.9984490395401918,0.7725671700302752,1.2465625271272034,0.2729860299589282,1.9245420000979507e-06,2.126431002030804e-06,1.946955508595055e-06,0.2651823929568812,0.2502795237382822,0.43957142242843505,0.5154619166951634,0.18184046408085336,-1.5298069814654682,0.7055437392803207,0.2651823929568812,0.009041196967653823,0.06589807135869541,0.06589807135869538,0.17965994426912493,0.4186400119461413,0.4186400119461414,0.009041196967653823,0.01587758698141306,147,latin_hypercube,nan,True,False,2,ABNORMAL: ,1,3240,351,2.0032100107180404,0.9558841708687669,0.9089798147792116,0.01587758698141306,133,119,False,1e-05,0.015877613449853722,True,0.0441158291312331,0.09102018522078842,0.9841224130185869,0.14044100445727808,0.7403414797185687,0.11949802736420768,0.7209821915426097,0.5991699658541506,0.062077777593305156,0.2431311520697395,0.5371406441998718,0.0,0.7161260545512599,0.22702520721971853,0.755888309200734,0.5516605966558877,0.05168576846148792,0.16612701597640978,0.342404754331235,1263,0.015877586938158883,True,1,32,0.09240475433123505,False,alpha_p~pi/4,all alpha_e,CEGAMMA nearest fixed alpha_p quarter-pi center,C_e_gamma,C_{e\gamma},mixing_angles,"alpha_e=0.52190341, alpha_p=1.0756963",lepton_electron_alpha_e_mix_proton_alpha_p_mix_C_e_gamma,0.9841224130185869,1.0000000000000002,nan,3.4661857554581976,0.32475126098750695,31,31,polarization_cluster_02_local_minimum_1263,max_c_e_gamma_mixing_angles_polarization_02_local_minimum_1263,polarization_cluster_member
