detail_id,selected_observable,selected_observable_label,selected_spin_case,selected_region,qOut_regime,cluster_id,energy_band_cluster_id,selected_concurrence,selected_purity,theta_e,theta_p,sqrt_s,theta_out,phi_p_out,qOut,phi_gamma_out
dw_mixing_angles_polarization_01_local_minimum_1,D_W,D_W,mixing_angles,polarization_cluster_01_local_minimum_1,gradient_local_minimum,0,0,3.8167440793876154e-05,1.0000000000000000e+00,3.5699584141802500e-02,1.6096178365898748e+00,3.262570834388367,2.4699891014568407,3.733625470652439,0.8810320004994855,1.3110995203294735
dw_mixing_angles_polarization_01_local_minimum_2,D_W,D_W,mixing_angles,polarization_cluster_01_local_minimum_2,gradient_local_minimum,1,1,3.8345730486251837e-05,1.0000000000000000e+00,3.5562111125378611e-02,1.5321682015405635e+00,3.237715412588958,2.472831369974935,0.5897257741532365,0.8651859198487669,4.450434590627519
dw_mixing_angles_polarization_01_local_minimum_3,D_W,D_W,mixing_angles,polarization_cluster_01_local_minimum_3,gradient_local_minimum,2,2,4.1940572692411731e-05,1.0000000000000000e+00,2.7407560787141932e-02,1.6048485850480896e+00,3.39625339682574,2.5502709129845966,2.6470269446181542,0.9027745795583786,5.054592505075971
dw_mixing_angles_polarization_01_local_minimum_4,D_W,D_W,mixing_angles,polarization_cluster_01_local_minimum_4,gradient_local_minimum,3,3,5.2881189807894022e-05,1.0000000000000000e+00,4.4000982738668343e-02,1.5856264263926292e+00,2.371903721664254,2.416669316068595,2.755525389228128,0.5078247903064171,0.2874742379607587
dw_mixing_angles_polarization_01_local_minimum_6,D_W,D_W,mixing_angles,polarization_cluster_01_local_minimum_6,gradient_local_minimum,4,4,5.9715222587757681e-05,1.0000000000000000e+00,7.7098619618593975e-02,1.5429137009293450e+00,1.872876104978162,2.241701262083208,2.123850950814825,0.35670002910026755,4.69703313066133
dw_mixing_angles_polarization_01_local_minimum_9,D_W,D_W,mixing_angles,polarization_cluster_01_local_minimum_9,gradient_local_minimum,5,5,6.9228270047855736e-05,1.0000000000000000e+00,3.1235999560874226e+00,1.5985115559083345e+00,3.5700424474114434,2.6636809469150533,2.7844425338974754,0.9274797372248443,5.172514538191359
dw_mixing_angles_polarization_01_local_minimum_13,D_W,D_W,mixing_angles,polarization_cluster_01_local_minimum_13,gradient_local_minimum,6,6,8.6690736280317258e-05,1.0000000000000000e+00,3.0794537548712970e+00,1.5558810693277254e+00,2.0720067851362973,2.307252678382048,4.727932968181948,0.4185303217256945,2.200721653409355
dw_mixing_angles_polarization_01_local_minimum_15,D_W,D_W,mixing_angles,polarization_cluster_01_local_minimum_15,gradient_local_minimum,7,7,1.0311979370369542e-04,1.0000000000000000e+00,3.0420244850014075e+00,1.4933214930056877e+00,2.518191527024233,2.0781224057244683,5.189378145112069,0.7259387415442571,1.463741901997507
dw_mixing_angles_polarization_01_local_minimum_16,D_W,D_W,mixing_angles,polarization_cluster_01_local_minimum_16,gradient_local_minimum,8,8,1.0647193353784581e-04,1.0000000000000000e+00,3.1030627083582263e+00,1.5877412373943891e+00,2.469092408104496,2.46124115087773,3.416931798025165,0.533500809129196,5.861701162098847
dw_mixing_angles_polarization_01_local_minimum_17,D_W,D_W,mixing_angles,polarization_cluster_01_local_minimum_17,gradient_local_minimum,9,9,1.0995855146827853e-04,9.9999999999999989e-01,2.4470472767236937e-01,1.1784025844087218e+00,1.0459694923444365,2.5301991008421276,2.6351630613774826,0.03340269208913656,5.356839125972386
dw_mixing_angles_polarization_01_local_minimum_19,D_W,D_W,mixing_angles,polarization_cluster_01_local_minimum_19,gradient_local_minimum,10,10,1.1755563976634229e-04,9.9999999999999989e-01,2.6701881186107921e-02,1.5918385260382306e+00,2.7905798674858078,2.5648214365328057,3.1453992171768923,0.6308697285222084,5.56159267760967
dw_mixing_angles_polarization_01_local_minimum_20,D_W,D_W,mixing_angles,polarization_cluster_01_local_minimum_20,gradient_local_minimum,11,11,1.2206472717526930e-04,1.0000000000000000e+00,5.8996877158782310e-02,1.6233314216181174e+00,2.9556541176836455,2.2959036643619544,2.328177697179492,0.8221976754418038,4.783677052314917
dw_mixing_angles_polarization_01_local_minimum_22,D_W,D_W,mixing_angles,polarization_cluster_01_local_minimum_22,gradient_local_minimum,12,12,1.2520986311550925e-04,1.0000000000000002e+00,6.5507376155991878e-02,1.6274095073584556e+00,2.856038350582947,2.251564857019008,2.2699958731307723,0.7965162630875723,4.761765545776044
dw_mixing_angles_polarization_01_local_minimum_25,D_W,D_W,mixing_angles,polarization_cluster_01_local_minimum_25,gradient_local_minimum,13,13,1.3248242670786342e-04,1.0000000000000000e+00,3.0478877107921445e+00,1.6437132614585996e+00,2.5954426954124026,2.107530079579172,2.0905910928595772,0.7488642524415209,4.624521317030961
dw_mixing_angles_polarization_01_local_minimum_26,D_W,D_W,mixing_angles,polarization_cluster_01_local_minimum_26,gradient_local_minimum,14,14,1.3495176229624253e-04,1.0000000000000000e+00,8.0876173447219785e-02,1.5047400687046226e+00,2.6891427973012623,2.168187290021799,0.9795387015736648,0.7590039675585892,4.748752038041243
dw_mixing_angles_polarization_01_local_minimum_27,D_W,D_W,mixing_angles,polarization_cluster_01_local_minimum_27,gradient_local_minimum,15,15,1.3857733383584178e-04,1.0000000000000000e+00,1.1638078243528742e-01,1.6588351590491262e+00,2.3677349456970576,2.009816305090743,4.3292025836372705,0.6887400340394941,1.7373458589227142
dw_mixing_angles_polarization_01_local_minimum_29,D_W,D_W,mixing_angles,polarization_cluster_01_local_minimum_29,gradient_local_minimum,16,16,1.4135015192680137e-04,9.9999999999999989e-01,8.8465048426395437e-02,1.5000284246624644e+00,2.61522413141283,2.1304103567052843,5.255509675803517,0.743499389528075,1.5017106995040594
dw_mixing_angles_polarization_01_local_minimum_30,D_W,D_W,mixing_angles,polarization_cluster_01_local_minimum_30,gradient_local_minimum,17,17,1.4575240220905051e-04,9.9999999999999967e-01,3.1055041081911106e+00,1.5316831024895925e+00,3.2425959772029342,2.464529314114512,0.5975204596599224,0.8727586078297275,4.440613846683849
dw_mixing_angles_polarization_01_local_minimum_31,D_W,D_W,mixing_angles,polarization_cluster_01_local_minimum_31,gradient_local_minimum,18,18,1.4826709276422013e-04,1.0000000000000000e+00,3.0784515564241075e+00,1.5152130288197525e+00,2.8930663707112845,2.2704402509774773,5.434298892938918,0.8022347125339495,1.6103798799693823
dw_mixing_angles_polarization_01_local_minimum_32,D_W,D_W,mixing_angles,polarization_cluster_01_local_minimum_32,gradient_local_minimum,19,19,1.5281923932172848e-04,9.9999999999999978e-01,1.0318178114744432e-02,1.5490241454024729e+00,3.786855015198615,2.7819728238337174,6.054290348354579,0.9674278565718611,2.148048705802673
dw_mixing_angles_polarization_01_local_minimum_36,D_W,D_W,mixing_angles,polarization_cluster_01_local_minimum_36,gradient_local_minimum,20,20,1.7192759324031085e-04,1.0000000000000004e+00,4.2389662738247423e-02,1.5864255360767991e+00,2.4057430510665316,2.4288230857272772,3.487158052654132,0.5162571124161265,5.968175603070584
dw_mixing_angles_polarization_01_local_minimum_38,D_W,D_W,mixing_angles,polarization_cluster_01_local_minimum_38,gradient_local_minimum,21,21,1.7576213298922289e-04,1.0000000000000000e+00,3.3716517076489011e-02,1.6085123777036994e+00,3.2809775848189338,2.485867288564716,3.7117422470242394,0.880361745985724,1.2741796880105107
dw_mixing_angles_polarization_01_local_minimum_40,D_W,D_W,mixing_angles,polarization_cluster_01_local_minimum_40,gradient_local_minimum,22,22,1.7943061736363234e-04,1.0000000000000000e+00,6.9633722427764361e-02,1.5123419383391983e+00,2.837319467383701,2.2319169843108106,0.8934344002081909,0.7993607667171162,4.699220270879106
dw_mixing_angles_polarization_01_local_minimum_41,D_W,D_W,mixing_angles,polarization_cluster_01_local_minimum_41,gradient_local_minimum,23,23,1.8013497539702948e-04,1.0000000000000000e+00,8.7345849071998896e-02,1.5004742307955414e+00,2.64319788995261,2.140101127165402,1.012231893955511,0.7499030506962588,4.792357331320733
dw_mixing_angles_polarization_01_local_minimum_42,D_W,D_W,mixing_angles,polarization_cluster_01_local_minimum_42,gradient_local_minimum,24,24,1.8142641754607765e-04,9.9999999999999967e-01,3.1102615142305603e+00,1.5346555819976584e+00,3.3360239989840133,2.508519020569944,5.743280787505493,0.8977328645826835,1.8905404615471222
dw_mixing_angles_polarization_01_local_minimum_43,D_W,D_W,mixing_angles,polarization_cluster_01_local_minimum_43,gradient_local_minimum,25,25,1.8282906352075468e-04,9.9999999999999989e-01,5.2616926987318548e-02,1.5217322391739252e+00,3.0003401761073807,2.339624182897808,0.7636263372024584,0.8171788668343576,4.6036797732171335
dw_mixing_angles_polarization_01_local_minimum_45,D_W,D_W,mixing_angles,polarization_cluster_01_local_minimum_45,gradient_local_minimum,26,26,1.9594459946698674e-04,1.0000000000000004e+00,8.6125426283787582e-02,1.6089160408428429e+00,1.7823670371884917,2.219725345650556,5.449157445021194,0.322278011080484,1.727320008987392
dw_mixing_angles_polarization_01_local_minimum_46,D_W,D_W,mixing_angles,polarization_cluster_01_local_minimum_46,gradient_local_minimum,27,27,2.1067350822051860e-04,9.9999999999999967e-01,3.0885331175189203e+00,1.5215661803468981e+00,3.024613169852616,2.3367754688926428,0.7636294557755643,0.8330698326874547,4.611123543673871
dw_mixing_angles_polarization_01_local_minimum_51,D_W,D_W,mixing_angles,polarization_cluster_01_local_minimum_51,gradient_local_minimum,28,28,2.1690166246012238e-04,1.0000000000000000e+00,3.1108855796668458e+00,1.5508528412013642e+00,2.6731618630587572,2.5263541058282706,6.2395266827054945,0.5956403848088075,3.823056253182935
dw_mixing_angles_polarization_01_local_minimum_52,D_W,D_W,mixing_angles,polarization_cluster_01_local_minimum_52,gradient_local_minimum,29,29,2.2473371963913397e-04,9.9999999999999989e-01,3.9190680624162061e-02,1.6114459493304460e+00,3.210483963199074,2.4372512862751634,2.512642256249276,0.8740496169026053,4.958378601140783
dw_mixing_angles_polarization_01_local_minimum_53,D_W,D_W,mixing_angles,polarization_cluster_01_local_minimum_53,gradient_local_minimum,30,30,2.2678099651995712e-04,9.9999999999999989e-01,3.1099413085204026e+00,1.5901487518795985e+00,2.637150990338867,2.5189652845435084,3.007569668978283,0.5839080332336444,0.5770659025031084
dw_mixing_angles_polarization_01_local_minimum_55,D_W,D_W,mixing_angles,polarization_cluster_01_local_minimum_55,gradient_local_minimum,31,31,2.3637080547880368e-04,1.0000000000000000e+00,5.3498115482729820e-02,1.5586763089438171e+00,2.1748288729514087,2.362049285234825,0.9686735059680813,0.4424237688075474,3.4424716539088775
dw_mixing_angles_polarization_01_local_minimum_57,D_W,D_W,mixing_angles,polarization_cluster_01_local_minimum_57,gradient_local_minimum,32,32,2.4074992901647834e-04,1.0000000000000002e+00,3.0737092710933731e+00,1.6281616671450174e+00,2.8585532453968105,2.242331723877456,2.2615390795600785,0.8043239646487894,4.733785838406996
dw_mixing_angles_polarization_01_local_minimum_58,D_W,D_W,mixing_angles,polarization_cluster_01_local_minimum_58,gradient_local_minimum,33,33,2.5765761770744423e-04,9.9999999999999978e-01,3.4594361321854672e-02,1.5894270101974592e+00,2.573092235574661,2.4930463446385693,3.01195761764785,0.5616267424682613,0.554666317327365
dw_mixing_angles_polarization_01_local_minimum_59,D_W,D_W,mixing_angles,polarization_cluster_01_local_minimum_59,gradient_local_minimum,34,34,2.5799884527615512e-04,1.0000000000000002e+00,1.9327083814870506e-02,1.5927971509158292e+00,3.0466131990805194,2.6473115395781988,3.0965890004941596,0.7048436488221169,5.524407203973064
dw_mixing_angles_polarization_01_local_minimum_62,D_W,D_W,mixing_angles,polarization_cluster_01_local_minimum_62,gradient_local_minimum,35,35,2.8174754333944185e-04,1.0000000000000004e+00,5.2408541602439865e-02,1.5571800371965201e+00,2.2092727883648946,2.3606507297304593,0.9289089648081011,0.4602632049847174,3.442507886595494
dw_mixing_angles_polarization_01_local_minimum_63,D_W,D_W,mixing_angles,polarization_cluster_01_local_minimum_63,gradient_local_minimum,36,36,2.8614808868139492e-04,1.0000000000000000e+00,3.0681160896429582e+00,1.5089041171358359e+00,2.7916163774983556,2.212067481563723,5.362604766671489,0.783715935340448,1.548625364202631
dw_mixing_angles_polarization_01_local_minimum_64,D_W,D_W,mixing_angles,polarization_cluster_01_local_minimum_64,gradient_local_minimum,37,37,2.8617954659531107e-04,9.9999999999999978e-01,6.5307375749274537e-03,1.5890327966694446e+00,4.124496690461445,2.848964181373963,3.328596142609294,1.1029144070709598,0.9456368593648588
dw_mixing_angles_polarization_01_local_minimum_67,D_W,D_W,mixing_angles,polarization_cluster_01_local_minimum_67,gradient_local_minimum,38,38,3.3157370389837176e-04,1.0000000000000000e+00,2.2220901914361001e-02,1.5401559167634684e+00,3.458879792582641,2.610036362176056,5.862617739371435,0.8988478060996399,1.983563536020005
dw_mixing_angles_polarization_01_local_minimum_70,D_W,D_W,mixing_angles,polarization_cluster_01_local_minimum_70,gradient_local_minimum,39,39,3.3640540450405126e-04,9.9999999999999978e-01,3.0656898950100184e+00,1.6343236783564075e+00,2.747304515470298,2.1985127807299985,2.200506719197868,0.7680876312452241,4.679701929980893
dw_mixing_angles_polarization_01_local_minimum_71,D_W,D_W,mixing_angles,polarization_cluster_01_local_minimum_71,gradient_local_minimum,40,40,3.4577539255223978e-04,1.0000000000000000e+00,3.1046053201995139e+00,1.5530541299782650e+00,2.524372998253029,2.4680987502234393,0.16159705084254428,0.5567050294886086,2.597975518464195
dw_mixing_angles_polarization_01_local_minimum_73,D_W,D_W,mixing_angles,polarization_cluster_01_local_minimum_73,gradient_local_minimum,41,41,3.5228015909761779e-04,9.9999999999999967e-01,3.0338157941244952e+00,1.6531282369756213e+00,2.4836987840056306,2.0523389334086515,2.0233476944502655,0.7197803399001588,4.556681775154838
dw_mixing_angles_polarization_01_local_minimum_75,D_W,D_W,mixing_angles,polarization_cluster_01_local_minimum_75,gradient_local_minimum,42,42,3.8238821419675912e-04,1.0000000000000000e+00,1.1520218686016508e-02,1.5941041651253824e+00,3.8107587439629382,2.7576183951854616,2.8700215974338246,0.9931308733172588,5.233876603118287
dw_mixing_angles_polarization_01_local_minimum_76,D_W,D_W,mixing_angles,polarization_cluster_01_local_minimum_76,gradient_local_minimum,43,43,3.8261657907680621e-04,1.0000000000000000e+00,7.6119891514142127e-02,1.6346910539490480e+00,2.7344404958539865,2.193510408864393,4.089627294264442,0.7651042319266049,1.592118278937941
dw_mixing_angles_polarization_01_local_minimum_78,D_W,D_W,mixing_angles,polarization_cluster_01_local_minimum_78,gradient_local_minimum,44,44,3.8611448591842042e-04,1.0000000000000000e+00,4.7570373086937560e-02,1.5845462558824444e+00,2.3043156212023765,2.3941163694596956,2.5614470489389025,0.48426458484906426,0.061682315835896
dw_mixing_angles_polarization_01_local_minimum_80,D_W,D_W,mixing_angles,polarization_cluster_01_local_minimum_80,gradient_local_minimum,45,45,3.9513768120456215e-04,1.0000000000000000e+00,3.1279641605951025e+00,1.5459988565092730e+00,3.7642610541163073,2.719702841877928,0.29720211326942075,0.9966642114872467,4.172988297607434
dw_mixing_angles_polarization_01_local_minimum_81,D_W,D_W,mixing_angles,polarization_cluster_01_local_minimum_81,gradient_local_minimum,46,46,4.0243603756887341e-04,9.9999999999999978e-01,2.8064108051602640e-02,1.5916537902364216e+00,2.7664356863115396,2.546574156223509,3.099638766180013,0.6295655727840349,0.648969115573728
dw_mixing_angles_polarization_01_local_minimum_83,D_W,D_W,mixing_angles,polarization_cluster_01_local_minimum_83,gradient_local_minimum,47,47,4.1416223916231607e-04,1.0000000000000002e+00,2.4196631614575075e-02,1.5922831615546482e+00,2.868717024704097,2.5916370104447712,3.154778698810255,0.6524690530700105,0.7359600038730995
dw_mixing_angles_polarization_01_local_minimum_84,D_W,D_W,mixing_angles,polarization_cluster_01_local_minimum_84,gradient_local_minimum,48,48,4.1705186202520143e-04,9.9999999999999989e-01,4.4165906751101193e-02,1.5267725252261788e+00,3.093637209645453,2.3999845620697893,5.597098700325536,0.830101257060695,1.7584277145317602
dw_mixing_angles_polarization_01_local_minimum_86,D_W,D_W,mixing_angles,polarization_cluster_01_local_minimum_86,gradient_local_minimum,49,49,4.2442665534572484e-04,1.0000000000000002e+00,7.5473424536804348e-02,1.6339387293371348e+00,2.7348844961000474,2.194285904284735,4.089057325127208,0.7667277600416776,1.5762190927296449
dw_mixing_angles_polarization_01_local_minimum_88,D_W,D_W,mixing_angles,polarization_cluster_01_local_minimum_88,gradient_local_minimum,50,50,4.2955170823658800e-04,1.0000000000000002e+00,1.5563697623500393e-02,1.5973060513938426e+00,3.6648280929339414,2.6956613600600763,2.8074417123246755,0.9547149595885599,5.178199735453089
dw_mixing_angles_polarization_01_local_minimum_90,D_W,D_W,mixing_angles,polarization_cluster_01_local_minimum_90,gradient_local_minimum,51,51,4.3859979712026570e-04,1.0000000000000000e+00,3.0955449496990664e+00,1.6150048640619254e+00,3.1197459860403587,2.385514436882433,2.4465829982400766,0.8581397265228163,4.8883464872977305
dw_mixing_angles_polarization_01_local_minimum_93,D_W,D_W,mixing_angles,polarization_cluster_01_local_minimum_93,gradient_local_minimum,52,52,4.4737921498857650e-04,1.0000000000000002e+00,4.8776335306192166e-02,1.6171530366577496e+00,3.0561053063238766,2.359895501267098,3.870945391050999,0.8377189658008874,1.3930129559303668
dw_mixing_angles_polarization_01_local_minimum_94,D_W,D_W,mixing_angles,polarization_cluster_01_local_minimum_94,gradient_local_minimum,53,53,4.5068140731961795e-04,9.9999999999999978e-01,2.8934180416281523e-02,1.6053698478151777e+00,3.3923968328095118,2.5317498430630674,3.650113960345322,0.9154495217136616,1.2226280694770053
dw_mixing_angles_polarization_01_local_minimum_95,D_W,D_W,mixing_angles,polarization_cluster_01_local_minimum_95,gradient_local_minimum,54,54,4.5358330511167607e-04,9.9999999999999978e-01,1.1935454837540140e-02,1.5916300645284520e+00,3.3836025349184258,2.7532916748704563,3.0500639604603283,0.8056283790075065,5.430023170658934
dw_mixing_angles_polarization_01_local_minimum_96,D_W,D_W,mixing_angles,polarization_cluster_01_local_minimum_96,gradient_local_minimum,55,55,4.5515621703778116e-04,1.0000000000000002e+00,2.7325587277489835e-02,1.5369425846656226e+00,3.374724948018123,2.5564077363630426,5.790850136244739,0.8874105152648324,1.8842473297355464
dw_mixing_angles_polarization_01_local_minimum_98,D_W,D_W,mixing_angles,polarization_cluster_01_local_minimum_98,gradient_local_minimum,56,56,4.6236895474454823e-04,9.9999999999999989e-01,3.0913229882830429e+00,1.5239868149794327e+00,3.066185599572964,2.350718953703877,5.545535582520915,0.8507850349045458,1.7292263179460288
dw_mixing_angles_polarization_01_local_minimum_99,D_W,D_W,mixing_angles,polarization_cluster_01_local_minimum_99,gradient_local_minimum,57,57,4.6978408819721754e-04,9.9999999999999989e-01,3.1380323569968449e-02,1.5907343051374983e+00,2.671531987472446,2.5157981555763933,3.0475651495925042,0.5989358841464026,0.5803271283584706
dw_mixing_angles_polarization_01_local_minimum_101,D_W,D_W,mixing_angles,polarization_cluster_01_local_minimum_101,gradient_local_minimum,58,58,4.7448946600969592e-04,1.0000000000000002e+00,8.5373329484482147e-02,1.5011091779738988e+00,2.645890894184383,2.148894172719336,5.279191881392204,0.7447371091725826,1.4980088184699114
dw_mixing_angles_polarization_01_local_minimum_104,D_W,D_W,mixing_angles,polarization_cluster_01_local_minimum_104,gradient_local_minimum,59,59,4.7917230972064755e-04,1.0000000000000000e+00,5.5049032119825113e-02,1.5568912065948044e+00,2.169349268709424,2.342863472652184,1.099115058767092,0.4503084778858034,3.6273518200631667
dw_mixing_angles_polarization_01_local_minimum_106,D_W,D_W,mixing_angles,polarization_cluster_01_local_minimum_106,gradient_local_minimum,60,60,4.8933006879239588e-04,9.9999999999999978e-01,3.1325851013317587e+00,1.5514432459210903e+00,3.6117216501982674,2.799927844863944,6.192637704745633,0.893649630637558,2.297808456370443
dw_mixing_angles_polarization_01_local_minimum_107,D_W,D_W,mixing_angles,polarization_cluster_01_local_minimum_107,gradient_local_minimum,61,61,4.9025603039146691e-04,9.9999999999999956e-01,3.1272145916367289e+00,1.5956580189940910e+00,3.7019945972728543,2.7143710273690758,2.844719852035205,0.9715619724383978,5.218385779562162
dw_mixing_angles_polarization_01_local_minimum_108,D_W,D_W,mixing_angles,polarization_cluster_01_local_minimum_108,gradient_local_minimum,62,62,4.9095027894481883e-04,9.9999999999999978e-01,2.3275945839902396e-01,1.2169208601123795e+00,1.0848574849648058,2.400915850672034,3.679561552519308,0.048494149343466506,0.9133064779247391
dw_mixing_angles_polarization_01_local_minimum_111,D_W,D_W,mixing_angles,polarization_cluster_01_local_minimum_111,gradient_local_minimum,63,63,5.2909789056638373e-04,9.9999999999999989e-01,3.0427133660571828e+00,1.4924011028140332e+00,2.5365292477314414,2.0877049603640256,1.0768039950446655,0.723776689615638,4.8420778122630095
dw_mixing_angles_polarization_01_local_minimum_113,D_W,D_W,mixing_angles,polarization_cluster_01_local_minimum_113,gradient_local_minimum,64,64,5.3309092998537371e-04,1.0000000000000000e+00,3.0405770657227973e+00,1.6493160644837388e+00,2.543037220631442,2.0817415580281784,2.061439603704043,0.7317832657561782,4.573296358928558
dw_mixing_angles_polarization_01_local_minimum_115,D_W,D_W,mixing_angles,polarization_cluster_01_local_minimum_115,gradient_local_minimum,65,65,5.3646209873240910e-04,1.0000000000000000e+00,3.0919988907316949e+00,1.6170077930219366e+00,3.077062514106582,2.3595597704728215,2.4133332747293528,0.8511995908136352,4.859610013783005
dw_mixing_angles_polarization_01_local_minimum_116,D_W,D_W,mixing_angles,polarization_cluster_01_local_minimum_116,gradient_local_minimum,66,66,5.3715513648985673e-04,1.0000000000000000e+00,7.2232597598604384e-02,1.5923878236596298e+00,1.926109901318764,2.271931837844383,1.0797761810919717,0.36473946218564457,4.844740163710535
dw_mixing_angles_polarization_01_local_minimum_117,D_W,D_W,mixing_angles,polarization_cluster_01_local_minimum_117,gradient_local_minimum,67,67,5.4052564800861273e-04,1.0000000000000004e+00,3.0258841885376291e+00,1.4821079963359585e+00,2.3558955492131917,2.01179584437567,5.094612002894695,0.679991304014393,1.4020858459167465
dw_mixing_angles_polarization_01_local_minimum_118,D_W,D_W,mixing_angles,polarization_cluster_01_local_minimum_118,gradient_local_minimum,68,68,5.4129389243525784e-04,1.0000000000000000e+00,2.5293763373532754e-02,1.5499279219370130e+00,2.8207053559999737,2.5808399385911773,0.04758443474179664,0.6401213238118441,2.4542495562391506
dw_mixing_angles_polarization_01_local_minimum_120,D_W,D_W,mixing_angles,polarization_cluster_01_local_minimum_120,gradient_local_minimum,69,69,5.6101016637253394e-04,1.0000000000000000e+00,4.8927392690348480e-02,1.5830652604288760e+00,2.266431737989757,2.3887316173893374,2.5718383694552203,0.47091755494843857,0.12409882482076987
dw_mixing_angles_polarization_01_local_minimum_125,D_W,D_W,mixing_angles,polarization_cluster_01_local_minimum_125,gradient_local_minimum,70,70,5.8327863279770368e-04,9.9999999999999989e-01,3.0246386828406724e+00,1.6572169344144188e+00,2.4139053029606887,2.0136785937980486,1.972159022709593,0.7103949911994923,4.5423875601726245
dw_mixing_angles_polarization_01_local_minimum_127,D_W,D_W,mixing_angles,polarization_cluster_01_local_minimum_127,gradient_local_minimum,71,71,5.9313104655367530e-04,1.0000000000000000e+00,3.0933926601837527e+00,1.5247188823182238e+00,3.1019752590160286,2.372318421947863,5.566088452653331,0.8543182900233496,1.7030813285285176
dw_mixing_angles_polarization_01_local_minimum_129,D_W,D_W,mixing_angles,polarization_cluster_01_local_minimum_129,gradient_local_minimum,72,72,6.0363290426018647e-04,9.9999999999999967e-01,3.0607156276295724e+00,1.6370973185674909e+00,2.723601322624174,2.1757782890879054,2.176778141465373,0.7690840087929773,4.6468656111387645
dw_mixing_angles_polarization_01_local_minimum_133,D_W,D_W,mixing_angles,polarization_cluster_01_local_minimum_133,gradient_local_minimum,73,73,6.1741414542015719e-04,9.9999999999999989e-01,2.8699285321374935e-02,1.6052508690814085e+00,3.3890317190558665,2.532671875195008,2.6363318665722457,0.9124404935129626,5.076888533706585
dw_mixing_angles_polarization_01_local_minimum_136,D_W,D_W,mixing_angles,polarization_cluster_01_local_minimum_136,gradient_local_minimum,74,74,6.2622249927765574e-04,1.0000000000000000e+00,2.7814872619648778e-02,1.6054735323679674e+00,3.3671678707848405,2.5484695228417604,2.6373241677524897,0.884948583605898,5.028709711743347
dw_mixing_angles_polarization_01_local_minimum_137,D_W,D_W,mixing_angles,polarization_cluster_01_local_minimum_137,gradient_local_minimum,75,75,6.2781322888395700e-04,1.0000000000000000e+00,3.1088627116008483e+00,1.5335771732658505e+00,3.3192922372432765,2.5013227556662776,0.5591612331782909,0.8922833613287691,4.45874696894871
dw_mixing_angles_polarization_01_local_minimum_140,D_W,D_W,mixing_angles,polarization_cluster_01_local_minimum_140,gradient_local_minimum,76,76,6.3418658653935345e-04,9.9999999999999989e-01,3.0781604525834476e+00,1.6269021412720699e+00,2.87451450812958,2.271274249127521,3.9935692305813912,0.7896542621390067,1.546233893819161
dw_mixing_angles_polarization_01_local_minimum_141,D_W,D_W,mixing_angles,polarization_cluster_01_local_minimum_141,gradient_local_minimum,77,77,6.3755354568053213e-04,1.0000000000000002e+00,1.0624578857334947e-01,1.5034895107428137e+00,1.606219901593577,2.176537851980998,2.4894809411567107,0.260544200324832,5.093985952617774
dw_mixing_angles_polarization_01_local_minimum_147,D_W,D_W,mixing_angles,polarization_cluster_01_local_minimum_147,gradient_local_minimum,78,78,6.9040042131891376e-04,1.0000000000000000e+00,3.1126010450513566e+00,1.5910707413608483e+00,2.7202060898362523,2.5407411580708694,3.0325514792195434,0.6125967280956839,0.5894270259092099
dw_mixing_angles_polarization_01_local_minimum_150,D_W,D_W,mixing_angles,polarization_cluster_01_local_minimum_150,gradient_local_minimum,79,79,7.1445196195796430e-04,1.0000000000000002e+00,3.0726725000748476e+00,1.5127710372907979e+00,2.867616579064901,2.2373229164733193,5.399600615446048,0.8120878858570734,1.5808656542663462
dw_mixing_angles_polarization_01_local_minimum_152,D_W,D_W,mixing_angles,polarization_cluster_01_local_minimum_152,gradient_local_minimum,80,80,7.2981411801939522e-04,9.9999999999999978e-01,3.0946469128711316e+00,1.5856330826341696e+00,2.3125158013047575,2.3925665991487266,2.5125239032018656,0.4945917606444163,0.00973034051777047
dw_mixing_angles_polarization_01_local_minimum_153,D_W,D_W,mixing_angles,polarization_cluster_01_local_minimum_153,gradient_local_minimum,81,81,7.4275169756236642e-04,1.0000000000000000e+00,3.0691069574322669e+00,1.5100033899365353e+00,2.8243265964278352,2.2197002228551526,5.375109680675468,0.7972848051153538,1.548210106196242
dw_mixing_angles_polarization_01_local_minimum_155,D_W,D_W,mixing_angles,polarization_cluster_01_local_minimum_155,gradient_local_minimum,82,82,7.5943757787808670e-04,9.9999999999999978e-01,5.4162927806056915e-02,1.6208315385238217e+00,2.9673515498056293,2.3221731965588277,2.358271931900566,0.8113202573889161,4.8436429485884105
dw_mixing_angles_polarization_01_local_minimum_157,D_W,D_W,mixing_angles,polarization_cluster_01_local_minimum_157,gradient_local_minimum,83,83,7.6361625534690286e-04,9.9999999999999978e-01,1.8197385434559486e-02,1.5987267766466646e+00,3.63472445784533,2.653984385018528,3.5047068988309418,0.9705946749464736,1.0850839856242644
dw_mixing_angles_polarization_01_local_minimum_159,D_W,D_W,mixing_angles,polarization_cluster_01_local_minimum_159,gradient_local_minimum,84,84,7.7405540206887434e-04,9.9999999999999967e-01,8.8551165551407022e-03,1.5521696665436364e+00,3.4995578965760465,2.8125068014290373,6.262974009609839,0.8226747485012977,2.385720207974066
dw_mixing_angles_polarization_01_local_minimum_161,D_W,D_W,mixing_angles,polarization_cluster_01_local_minimum_161,gradient_local_minimum,85,85,7.8111600122474567e-04,1.0000000000000000e+00,2.9026333976872030e+00,1.9294283938044867e+00,1.0801929020789762,2.4125884166336,0.5468732469777279,0.04768078354567757,4.063306146975781
dw_mixing_angles_polarization_01_local_minimum_163,D_W,D_W,mixing_angles,polarization_cluster_01_local_minimum_163,gradient_local_minimum,86,86,7.9125446485365451e-04,1.0000000000000004e+00,3.1289331395043600e+00,1.5943575419472362e+00,3.7425264337741035,2.7436154974186717,3.414408940039139,0.9740108589829622,1.0721280865264227
dw_mixing_angles_polarization_01_local_minimum_165,D_W,D_W,mixing_angles,polarization_cluster_01_local_minimum_165,gradient_local_minimum,87,87,8.0527943992192300e-04,9.9999999999999956e-01,3.1157196073413007e+00,1.5494248929814263e+00,2.840887644128956,2.566479098982225,6.26813603008573,0.657326867101452,3.829533736108555
dw_mixing_angles_polarization_01_local_minimum_168,D_W,D_W,mixing_angles,polarization_cluster_01_local_minimum_168,gradient_local_minimum,88,88,8.3140496264618379e-04,1.0000000000000000e+00,1.3791936053770123e-02,1.5957312846729768e+00,3.754943350636276,2.722814030966947,2.834241996438275,0.9911949020251053,5.177416223679605
dw_mixing_angles_polarization_01_local_minimum_170,D_W,D_W,mixing_angles,polarization_cluster_01_local_minimum_170,gradient_local_minimum,89,89,8.3857494127701805e-04,1.0000000000000002e+00,3.0071995999558543e+00,1.4705476816589653e+00,2.2683686216637606,1.9570984517711671,1.2438133159201472,0.6600075988945644,4.955696732951246
dw_mixing_angles_polarization_01_local_minimum_171,D_W,D_W,mixing_angles,polarization_cluster_01_local_minimum_171,gradient_local_minimum,90,90,8.4298581158321045e-04,1.0000000000000000e+00,3.1074285570013225e+00,1.5891251389082506e+00,2.565593926097989,2.4987347541702682,3.2897435718088337,0.5617239456866805,5.6905614069250765
dw_mixing_angles_polarization_01_local_minimum_173,D_W,D_W,mixing_angles,polarization_cluster_01_local_minimum_173,gradient_local_minimum,91,91,8.4575008327379014e-04,1.0000000000000000e+00,6.3399255638591070e-02,1.6255730563010471e+00,2.9295199694644523,2.2706104210914972,2.2990716443721113,0.8246279834131949,4.749016037897509
dw_mixing_angles_polarization_01_local_minimum_175,D_W,D_W,mixing_angles,polarization_cluster_01_local_minimum_175,gradient_local_minimum,92,92,8.5223626407497839e-04,1.0000000000000000e+00,3.1004777515218329e+00,1.5293536220514572e+00,3.191175898828857,2.4187531665760775,5.636550488429802,0.8767960587880488,1.8173153357056684
dw_mixing_angles_polarization_01_local_minimum_179,D_W,D_W,mixing_angles,polarization_cluster_01_local_minimum_179,gradient_local_minimum,93,93,8.6237199130504002e-04,9.9999999999999967e-01,7.9588910904403481e-02,1.6356892585343512e+00,2.688186484760946,2.1678509768002705,4.1221162964230915,0.7621284267891157,1.5750479213973885
dw_mixing_angles_polarization_01_local_minimum_182,D_W,D_W,mixing_angles,polarization_cluster_01_local_minimum_182,gradient_local_minimum,94,94,8.8012259585073019e-04,9.9999999999999989e-01,3.1333184737946995e+00,1.5517668755966056e+00,3.619065536406186,2.8182487112073615,0.09860180517599894,0.8751634142762851,4.004368298491139
dw_mixing_angles_polarization_01_local_minimum_184,D_W,D_W,mixing_angles,polarization_cluster_01_local_minimum_184,gradient_local_minimum,95,95,9.0554626894659809e-04,9.9999999999999978e-01,3.0745789998484234e+00,1.6288888982185530e+00,2.8585111276504125,2.25271593649333,2.2693324691778787,0.7925212566606431,4.7053398874521495
dw_mixing_angles_polarization_01_local_minimum_187,D_W,D_W,mixing_angles,polarization_cluster_01_local_minimum_187,gradient_local_minimum,96,96,9.4416596958232422e-04,9.9999999999999956e-01,4.8760577311524556e-02,1.6182895018255041e+00,3.0339764674160925,2.3659581695290637,2.4079766071562942,0.8162016635724421,4.847649370916225
dw_mixing_angles_polarization_01_local_minimum_189,D_W,D_W,mixing_angles,polarization_cluster_01_local_minimum_189,gradient_local_minimum,97,97,9.6135083606606699e-04,1.0000000000000004e+00,9.4047478857184584e-03,1.5500646155504820e+00,3.843329079042696,2.800887429351683,0.2157283652052808,0.9896382621923925,4.171433258199259
dw_mixing_angles_polarization_01_local_minimum_192,D_W,D_W,mixing_angles,polarization_cluster_01_local_minimum_192,gradient_local_minimum,98,98,9.8590578550791720e-04,1.0000000000000000e+00,8.5992615943198472e-03,1.5913683349305205e+00,3.9750314965852764,2.804981027936513,2.924088933585732,1.0499144857128162,5.3395232462900255
dw_mixing_angles_polarization_01_local_minimum_193,D_W,D_W,mixing_angles,polarization_cluster_01_local_minimum_193,gradient_local_minimum,99,99,9.8642171187349756e-04,1.0000000000000000e+00,3.1311846873315106e+00,1.5923697607371474e+00,3.839988198031018,2.778620112345461,3.3678036916752045,1.0056620949289372,0.9933236740920798
dw_mixing_angles_polarization_01_local_minimum_198,D_W,D_W,mixing_angles,polarization_cluster_01_local_minimum_198,gradient_local_minimum,100,100,1.0046003180444873e-03,9.9999999999999978e-01,3.1226068183862417e+00,1.5991451483775472e+00,3.55882134343768,2.654363477857672,2.7648595153383293,0.9290510856184953,5.108625478690168
dw_mixing_angles_polarization_01_local_minimum_199,D_W,D_W,mixing_angles,polarization_cluster_01_local_minimum_199,gradient_local_minimum,101,101,1.0047976453881119e-03,9.9999999999999989e-01,3.1153111351318401e+00,1.6039142793548213e+00,3.3726349924673755,2.5607777198191384,2.6677170849629683,0.8826250642935645,5.109807724891314
dw_mixing_angles_polarization_01_local_minimum_200,D_W,D_W,mixing_angles,polarization_cluster_01_local_minimum_200,gradient_local_minimum,102,102,1.0133712447375077e-03,1.0000000000000004e+00,3.0613658126614157e-01,1.9901354483993943e+00,1.0392841141402438,2.533504074051874,5.662486572854068,0.03285965394848465,2.1653044687972574
dw_mixing_angles_polarization_01_local_minimum_201,D_W,D_W,mixing_angles,polarization_cluster_01_local_minimum_201,gradient_local_minimum,103,103,1.0171192726055125e-03,1.0000000000000000e+00,3.1013598002815126e+00,1.5546673623110336e+00,2.4409267204687892,2.4457108715709848,6.077244343244684,0.528389381657758,3.661465216007317
dw_mixing_angles_polarization_01_local_minimum_203,D_W,D_W,mixing_angles,polarization_cluster_01_local_minimum_203,gradient_local_minimum,104,104,1.0187453768851012e-03,1.0000000000000000e+00,8.1605444889602904e-02,1.5029017825850168e+00,2.6746045935407157,2.1686903608281694,5.302015330695128,0.74586830479236,1.5064483970724039
dw_mixing_angles_polarization_01_local_minimum_204,D_W,D_W,mixing_angles,polarization_cluster_01_local_minimum_204,gradient_local_minimum,105,105,1.0324409929771622e-03,9.9999999999999989e-01,4.0718073908873754e-02,1.6131703100796069e+00,3.181418331833385,2.4332918834165014,3.7899936188891954,0.8562637777419633,1.4038225752954512
dw_mixing_angles_polarization_01_local_minimum_207,D_W,D_W,mixing_angles,polarization_cluster_01_local_minimum_207,gradient_local_minimum,106,106,1.0376364169043804e-03,1.0000000000000002e+00,3.1308383447468420e+00,1.5485434737077821e+00,3.910227326829245,2.7674563942374086,0.25365816580776784,1.049254136308066,4.158876573717595
dw_mixing_angles_polarization_01_local_minimum_209,D_W,D_W,mixing_angles,polarization_cluster_01_local_minimum_209,gradient_local_minimum,107,107,1.0464638464060278e-03,9.9999999999999989e-01,6.0370550627963433e-02,1.5585200179103817e+00,2.0610477052147536,2.3290677023882327,4.797496707322503,0.402999889260671,2.3208457171154913
dw_mixing_angles_polarization_01_local_minimum_210,D_W,D_W,mixing_angles,polarization_cluster_01_local_minimum_210,gradient_local_minimum,108,108,1.0472485527942197e-03,9.9999999999999989e-01,1.3412768795823095e-02,1.5503308330934580e+00,3.2724563047742365,2.7334720122780616,0.02990175167906231,0.7717356864841196,3.9561459486733033
dw_mixing_angles_polarization_01_local_minimum_211,D_W,D_W,mixing_angles,polarization_cluster_01_local_minimum_211,gradient_local_minimum,109,109,1.0579207621162746e-03,1.0000000000000002e+00,3.0914297683856353e+00,1.5837455263662852e+00,2.2267318536572422,2.387963899239744,3.926703905664766,0.449631505445911,0.13987496704334254
dw_mixing_angles_polarization_01_local_minimum_212,D_W,D_W,mixing_angles,polarization_cluster_01_local_minimum_212,gradient_local_minimum,110,110,1.0602046301911811e-03,9.9999999999999978e-01,3.1211146635736924e+00,1.5997522688218513e+00,3.562006020131503,2.6290845871323185,2.754752178615274,0.9506178237350879,5.1561197884594145
dw_mixing_angles_polarization_01_local_minimum_213,D_W,D_W,mixing_angles,polarization_cluster_01_local_minimum_213,gradient_local_minimum,111,111,1.0611606074697486e-03,1.0000000000000000e+00,3.1015646844769171e+00,1.6115497122529607e+00,3.216413533093533,2.4366851269242624,2.5088390266459775,0.8792791558559633,4.914600186102724
dw_mixing_angles_polarization_01_local_minimum_214,D_W,D_W,mixing_angles,polarization_cluster_01_local_minimum_214,gradient_local_minimum,112,112,1.0753975668139567e-03,1.0000000000000002e+00,3.0688470077172458e+00,1.6319642416747595e+00,2.815933553678509,2.2208003516148973,4.04978961879906,0.7903704250042806,1.6061581929313686
dw_mixing_angles_polarization_01_local_minimum_216,D_W,D_W,mixing_angles,polarization_cluster_01_local_minimum_216,gradient_local_minimum,113,113,1.0816651015897758e-03,1.0000000000000004e+00,3.1326754011941262e+00,1.5913869543217327e+00,3.804057256661493,2.8087119249867447,3.3443088506586234,0.9537244271385306,0.9570585331049635
dw_mixing_angles_polarization_01_local_minimum_218,D_W,D_W,mixing_angles,polarization_cluster_01_local_minimum_218,gradient_local_minimum,114,114,1.0899740307233662e-03,9.9999999999999967e-01,1.5804197801637533e-02,1.5443952148371238e+00,3.5926510804897838,2.69633481908353,5.955033310398163,0.9148928969821174,2.040103384798279
dw_mixing_angles_polarization_01_local_minimum_219,D_W,D_W,mixing_angles,polarization_cluster_01_local_minimum_219,gradient_local_minimum,115,115,1.0962604305123059e-03,1.0000000000000002e+00,3.0939926813935026e+00,1.6164843108232441e+00,3.102479526655411,2.3804356896331975,2.4311048318438377,0.8488717358800483,4.830833136525835
dw_mixing_angles_polarization_01_local_minimum_220,D_W,D_W,mixing_angles,polarization_cluster_01_local_minimum_220,gradient_local_minimum,116,116,1.1007950047075439e-03,9.9999999999999978e-01,6.2921850185167147e-02,1.5152507943426781e+00,2.8477175967383386,2.267212605585286,5.424474806403045,0.7803144567276652,1.634494232830229
dw_mixing_angles_polarization_01_local_minimum_221,D_W,D_W,mixing_angles,polarization_cluster_01_local_minimum_221,gradient_local_minimum,117,117,1.1315191048579833e-03,9.9999999999999978e-01,1.4164945724065552e-02,1.5460224229272481e+00,3.693388376240283,2.721144605551828,0.3000326768666459,0.9615255914978069,4.2492872137934015
dw_mixing_angles_polarization_01_local_minimum_222,D_W,D_W,mixing_angles,polarization_cluster_01_local_minimum_222,gradient_local_minimum,118,118,1.1376155031731002e-03,9.9999999999999978e-01,2.8660663039804558e-02,1.6051635346448261e+00,3.391612558346397,2.531234252774337,3.6444553356374274,0.9150166053003436,1.1910309756084028
dw_mixing_angles_polarization_01_local_minimum_224,D_W,D_W,mixing_angles,polarization_cluster_01_local_minimum_224,gradient_local_minimum,119,119,1.1409061262048477e-03,1.0000000000000000e+00,3.1061952504592032e+00,1.6086053480981881e+00,3.2716529434055355,2.469104279313152,2.562507684419343,0.8906591294913714,5.017195791568656
dw_mixing_angles_polarization_01_local_minimum_226,D_W,D_W,mixing_angles,polarization_cluster_01_local_minimum_226,gradient_local_minimum,120,120,1.1687597480949242e-03,1.0000000000000000e+00,3.1098701669253725e+00,1.6064832828544138e+00,3.346787048269224,2.5068938837383836,2.605394326823928,0.9089474097158794,5.024532193710028
dw_mixing_angles_polarization_01_local_minimum_227,D_W,D_W,mixing_angles,polarization_cluster_01_local_minimum_227,gradient_local_minimum,121,121,1.1754481363202716e-03,9.9999999999999989e-01,3.1278031955863215e+00,1.5954112174108721e+00,3.6838850467517315,2.72768199708705,2.8455088984103316,0.9495818214611131,5.175410174099883
dw_mixing_angles_polarization_01_local_minimum_229,D_W,D_W,mixing_angles,polarization_cluster_01_local_minimum_229,gradient_local_minimum,122,122,1.1861185660430910e-03,9.9999999999999978e-01,3.1262090517596106e+00,1.5449441048969639e+00,3.737987065556358,2.6938629275882153,0.3226227995604861,1.0040843991837165,4.209474197017384
dw_mixing_angles_polarization_01_local_minimum_230,D_W,D_W,mixing_angles,polarization_cluster_01_local_minimum_230,gradient_local_minimum,123,123,1.1980172970137474e-03,9.9999999999999978e-01,3.1304820009677035e+00,1.5930978430959000e+00,3.808086559113817,2.7637287341768055,2.907307463321176,0.9960767262049828,5.32102210166931
dw_mixing_angles_polarization_01_local_minimum_231,D_W,D_W,mixing_angles,polarization_cluster_01_local_minimum_231,gradient_local_minimum,124,124,1.2042752690686726e-03,9.9999999999999978e-01,3.1211942390600544e+00,1.6000177273002316e+00,3.536807039386966,2.6365183226101747,2.7449636349368682,0.9293360364864551,5.088907172749413
dw_mixing_angles_polarization_01_local_minimum_233,D_W,D_W,mixing_angles,polarization_cluster_01_local_minimum_233,gradient_local_minimum,125,125,1.2083586478435257e-03,1.0000000000000004e+00,3.0662162266101394e+00,1.5094320296589647e+00,2.8111106850153664,2.2006851042429294,5.356887669358222,0.8059990721621744,1.5554213283259046
dw_mixing_angles_polarization_01_local_minimum_235,D_W,D_W,mixing_angles,polarization_cluster_01_local_minimum_235,gradient_local_minimum,126,126,1.2128858833068885e-03,1.0000000000000004e+00,3.1181337722406930e+00,1.5390976692216007e+00,3.487590960190344,2.598517469412511,5.836488882728274,0.923349378319142,1.9039544221677
dw_mixing_angles_polarization_01_local_minimum_236,D_W,D_W,mixing_angles,polarization_cluster_01_local_minimum_236,gradient_local_minimum,127,127,1.2143897027232712e-03,1.0000000000000000e+00,1.2409405679192017e-02,1.5944014687756518e+00,3.8441396332460327,2.7394685314754637,2.863181591010826,1.0323027082094838,5.248743496466782
dw_mixing_angles_polarization_01_local_minimum_238,D_W,D_W,mixing_angles,polarization_cluster_01_local_minimum_238,gradient_local_minimum,128,128,1.2207245487841651e-03,1.0000000000000000e+00,3.1153866415770879e+00,1.5369828277012705e+00,3.3818317591200495,2.5647481227960363,5.798164038987509,0.8809262185302861,1.9140021745761526
dw_mixing_angles_polarization_01_local_minimum_240,D_W,D_W,mixing_angles,polarization_cluster_01_local_minimum_240,gradient_local_minimum,129,129,1.2429892953534246e-03,9.9999999999999967e-01,2.0379012807164561e-03,1.5821987283697732e+00,4.7565591061165176,2.971046946528093,3.009917210738827,1.346420898757162,5.353256296591146
dw_mixing_angles_polarization_01_local_minimum_241,D_W,D_W,mixing_angles,polarization_cluster_01_local_minimum_241,gradient_local_minimum,130,130,1.2432582800849367e-03,1.0000000000000000e+00,3.1228486532884219e+00,1.5421045728316878e+00,3.5690824115856925,2.647232407007593,0.3747134120931956,0.9326478962983397,4.224004756324479
dw_mixing_angles_polarization_01_local_minimum_244,D_W,D_W,mixing_angles,polarization_cluster_01_local_minimum_244,gradient_local_minimum,131,131,1.2516346461214425e-03,1.0000000000000000e+00,4.3449200885853613e-02,1.6150220735142133e+00,3.0953105134854946,2.404192642639523,2.4580807857635727,0.8257208241752699,4.90508844757931
dw_mixing_angles_polarization_01_local_minimum_246,D_W,D_W,mixing_angles,polarization_cluster_01_local_minimum_246,gradient_local_minimum,132,132,1.2636683405247368e-03,1.0000000000000000e+00,3.1273414456141224e+00,1.5960400202443543e+00,3.6307773113773054,2.7192916811233627,3.444578443278945,0.920260930886577,1.0787021273788024
dw_mixing_angles_polarization_01_local_minimum_247,D_W,D_W,mixing_angles,polarization_cluster_01_local_minimum_247,gradient_local_minimum,133,133,1.2673411532294137e-03,1.0000000000000000e+00,3.1013508458892458e+00,1.5549166180723346e+00,2.4244468640117676,2.453834180129539,6.087242702574406,0.511166775404775,3.667441051343026
dw_mixing_angles_polarization_01_local_minimum_248,D_W,D_W,mixing_angles,polarization_cluster_01_local_minimum_248,gradient_local_minimum,134,134,1.2720237046006521e-03,1.0000000000000000e+00,3.1228301709984456e+00,1.5986351006177271e+00,3.6031756408288764,2.6497704148988896,2.781734304072416,0.9600728143711279,5.190566967953355
dw_mixing_angles_polarization_01_local_minimum_250,D_W,D_W,mixing_angles,polarization_cluster_01_local_minimum_250,gradient_local_minimum,135,135,1.2843397912385567e-03,9.9999999999999989e-01,7.5698138136253276e-03,1.5530838214381650e+00,3.5331208609372613,2.8427070644447863,0.02163973883785004,0.8099007139382455,3.911838205504068
dw_mixing_angles_polarization_01_local_minimum_251,D_W,D_W,mixing_angles,polarization_cluster_01_local_minimum_251,gradient_local_minimum,136,136,1.2854543758977805e-03,1.0000000000000000e+00,1.7786657111712373e-02,1.5433030157621987e+00,3.591312782285781,2.6704648086150167,0.3588775865427095,0.9371861865254776,4.306577921946473
dw_mixing_angles_polarization_01_local_minimum_252,D_W,D_W,mixing_angles,polarization_cluster_01_local_minimum_252,gradient_local_minimum,137,137,1.2926913259887235e-03,9.9999999999999978e-01,3.7091950604222344e-02,1.5527360790735700e+00,2.5231205296351047,2.464067396130567,6.005086714079174,0.5598146609674776,3.5287501244034645
dw_mixing_angles_polarization_01_local_minimum_253,D_W,D_W,mixing_angles,polarization_cluster_01_local_minimum_253,gradient_local_minimum,138,138,1.3011217066511993e-03,9.9999999999999978e-01,3.0551599504738460e+00,1.6418690211804847e+00,2.646106011016344,2.148226013363213,2.1391004020332174,0.7415725370320518,4.61519684146368
dw_mixing_angles_polarization_01_local_minimum_256,D_W,D_W,mixing_angles,polarization_cluster_01_local_minimum_256,gradient_local_minimum,139,139,1.3290664458343818e-03,9.9999999999999978e-01,8.0294259585381306e-02,1.6359724927451202e+00,2.6739607890912986,2.1621940757591305,4.130276305037043,0.7591984985527103,1.5708353102189174
dw_mixing_angles_polarization_01_local_minimum_259,D_W,D_W,mixing_angles,polarization_cluster_01_local_minimum_259,gradient_local_minimum,140,140,1.3438536782500055e-03,1.0000000000000000e+00,2.9486134941814259e+00,2.0230968443734132e+00,0.9854365488975,2.8199443964048796,5.9324735081267015,0.012653101515374212,2.340706790265464
dw_mixing_angles_polarization_01_local_minimum_260,D_W,D_W,mixing_angles,polarization_cluster_01_local_minimum_260,gradient_local_minimum,141,141,1.3479972938402556e-03,1.0000000000000002e+00,5.4542258448839389e-03,1.5543821142192520e+00,4.032605980478536,2.88181423245026,6.161610311401885,1.0349956286497592,2.2766483848108114
dw_mixing_angles_polarization_01_local_minimum_261,D_W,D_W,mixing_angles,polarization_cluster_01_local_minimum_261,gradient_local_minimum,142,142,1.3505585751264538e-03,1.0000000000000000e+00,3.1196295643580054e+00,1.6007645342310199e+00,3.5280733086805416,2.615115002543169,3.555261575197683,0.9407984739930241,1.190287017288361
dw_mixing_angles_polarization_01_local_minimum_262,D_W,D_W,mixing_angles,polarization_cluster_01_local_minimum_262,gradient_local_minimum,143,143,1.3554821961392026e-03,9.9999999999999989e-01,4.1228296976961176e-02,1.5868936724410974e+00,2.4381993542722418,2.4294565691567067,3.4184907202999155,0.5380837193306363,5.861118709501619
dw_mixing_angles_polarization_01_local_minimum_267,D_W,D_W,mixing_angles,polarization_cluster_01_local_minimum_267,gradient_local_minimum,144,144,1.4028428222208733e-03,1.0000000000000000e+00,2.7556917826789312e-01,1.9595158111177664e+00,1.059902678590751,2.474785923871683,5.725090012371989,0.03889935347161699,2.170391820275799
dw_mixing_angles_polarization_01_local_minimum_268,D_W,D_W,mixing_angles,polarization_cluster_01_local_minimum_268,gradient_local_minimum,145,145,1.4050714088181075e-03,1.0000000000000000e+00,3.1081960217618754e+00,1.5339096057655692e+00,3.3281969560964986,2.486017531984629,5.724891296545587,0.9107374116245107,1.8900645632116462
dw_mixing_angles_polarization_01_local_minimum_269,D_W,D_W,mixing_angles,polarization_cluster_01_local_minimum_269,gradient_local_minimum,146,146,1.4072247919163503e-03,9.9999999999999978e-01,3.1087716856704217e+00,1.6074148223998217e+00,3.327026803747649,2.5018219440033835,2.588088092113694,0.899670415498015,4.967812381388915
dw_mixing_angles_polarization_01_local_minimum_270,D_W,D_W,mixing_angles,polarization_cluster_01_local_minimum_270,gradient_local_minimum,147,147,1.4321819767522436e-03,9.9999999999999956e-01,3.2003133406756451e-02,1.6082965439430195e+00,3.2731795175584315,2.5065950333148566,3.6996279567638584,0.8574655042008462,1.2963296742753037
dw_mixing_angles_polarization_01_local_minimum_273,D_W,D_W,mixing_angles,polarization_cluster_01_local_minimum_273,gradient_local_minimum,148,148,1.4679050688194994e-03,9.9999999999999978e-01,3.0960331013170008e+00,1.5845012723612111e+00,2.3009905949486305,2.42196791359009,3.6469304507687434,0.4671314880872225,6.106564706630189
dw_mixing_angles_polarization_01_local_minimum_275,D_W,D_W,mixing_angles,polarization_cluster_01_local_minimum_275,gradient_local_minimum,149,149,1.4764930482200219e-03,1.0000000000000002e+00,8.4211069709084332e-02,1.5014375111270442e+00,2.6852802880926188,2.1615414404415354,5.30033916987084,0.7538502706785529,1.4761002773583145
dw_mixing_angles_polarization_01_local_minimum_277,D_W,D_W,mixing_angles,polarization_cluster_01_local_minimum_277,gradient_local_minimum,150,150,1.5005229614130729e-03,9.9999999999999967e-01,3.8775971786194220e-02,1.5876579655395839e+00,2.4785922751118212,2.4539355044298685,3.3144586963668106,0.5440747891697159,5.725097140526476
dw_mixing_angles_polarization_01_local_minimum_278,D_W,D_W,mixing_angles,polarization_cluster_01_local_minimum_278,gradient_local_minimum,151,151,1.5021120436112905e-03,1.0000000000000000e+00,2.6643229812936133e-02,1.5370069746772799e+00,3.3462747292035555,2.5622374510073875,5.7964293271138505,0.8638158999761602,1.9121676304286306
dw_mixing_angles_polarization_01_local_minimum_279,D_W,D_W,mixing_angles,polarization_cluster_01_local_minimum_279,gradient_local_minimum,152,152,1.5091465729604244e-03,1.0000000000000000e+00,7.1353511438903852e-02,1.5904509669267193e+00,1.9309916250940313,2.2776324335549423,5.218084614205958,0.365201408877534,1.417731067018604
dw_mixing_angles_polarization_01_local_minimum_280,D_W,D_W,mixing_angles,polarization_cluster_01_local_minimum_280,gradient_local_minimum,153,153,1.5104008327774924e-03,1.0000000000000000e+00,7.5124320043904277e-02,1.5955337795629765e+00,1.9022441583515013,2.2451420379760814,1.035511664966897,0.3707850191020821,4.803032156706696
dw_mixing_angles_polarization_01_local_minimum_283,D_W,D_W,mixing_angles,polarization_cluster_01_local_minimum_283,gradient_local_minimum,154,154,1.5417145672397662e-03,9.9999999999999967e-01,9.4113716457209673e-02,1.6469602021656795e+00,2.5881958053372074,2.1129919467046125,2.099702672843386,0.7316935657254878,4.582768286094318
dw_mixing_angles_polarization_01_local_minimum_285,D_W,D_W,mixing_angles,polarization_cluster_01_local_minimum_285,gradient_local_minimum,155,155,1.5694444588170153e-03,1.0000000000000004e+00,3.1232046436189265e+00,1.5983430170838555e+00,3.6189044735705895,2.6547361576810014,2.787761920853286,0.966245468691582,5.193055630828721
dw_mixing_angles_polarization_01_local_minimum_295,D_W,D_W,mixing_angles,polarization_cluster_01_local_minimum_295,gradient_local_minimum,156,156,1.6719775377647707e-03,1.0000000000000000e+00,4.3847542220511168e-02,1.6152864784483163e+00,3.082644613562117,2.4002922538146922,2.4528367465950165,0.821059320656737,4.907749970628978
dw_mixing_angles_polarization_01_local_minimum_296,D_W,D_W,mixing_angles,polarization_cluster_01_local_minimum_296,gradient_local_minimum,157,157,1.6743788417849020e-03,9.9999999999999978e-01,5.1755745563106081e-02,1.6202136483587677e+00,3.0294988847180635,2.3512044914719694,3.8944385599447573,0.8220512566618771,1.49839760244786
dw_mixing_angles_polarization_01_local_minimum_299,D_W,D_W,mixing_angles,polarization_cluster_01_local_minimum_299,gradient_local_minimum,158,158,1.7078912744163295e-03,1.0000000000000000e+00,2.5509729551015718e-02,1.6042904572072492e+00,3.3898932092409764,2.5733394328372245,3.6190343368949174,0.8789664263773447,1.2298931922886325
dw_mixing_angles_polarization_01_local_minimum_300,D_W,D_W,mixing_angles,polarization_cluster_01_local_minimum_300,gradient_local_minimum,159,159,1.7231297514309512e-03,9.9999999999999989e-01,3.0980474628748240e+00,1.5849708905905102e+00,2.3425704438653705,2.4319394650346666,2.7801923877605224,0.48738554519370025,0.377641983882349
dw_mixing_angles_polarization_01_local_minimum_301,D_W,D_W,mixing_angles,polarization_cluster_01_local_minimum_301,gradient_local_minimum,160,160,1.7244162662209388e-03,9.9999999999999944e-01,3.1122458331934904e+00,1.5904356632869141e+00,2.6707996000992416,2.5498106065085375,3.092977724256344,0.582174082131102,0.7319278411365656
dw_mixing_angles_polarization_01_local_minimum_304,D_W,D_W,mixing_angles,polarization_cluster_01_local_minimum_304,gradient_local_minimum,161,161,1.7575909658624827e-03,1.0000000000000000e+00,3.1168947192040748e+00,1.6030103258571404e+00,3.393342606027863,2.577462035205409,3.593542728169311,0.8822758256097759,1.1433259831743425
dw_mixing_angles_polarization_01_local_minimum_305,D_W,D_W,mixing_angles,polarization_cluster_01_local_minimum_305,gradient_local_minimum,162,162,1.7695795874854870e-03,1.0000000000000000e+00,3.0875609443941618e+00,1.5587635072406247e+00,2.199146594430574,2.343044805921333,5.341132984718053,0.4666277819980674,2.8735219029824224
dw_mixing_angles_polarization_01_local_minimum_306,D_W,D_W,mixing_angles,polarization_cluster_01_local_minimum_306,gradient_local_minimum,163,163,1.7768124484565187e-03,9.9999999999999978e-01,3.1091268105470062e+00,1.5345512730738435e+00,3.3536244580513026,2.4951410346901017,5.736847234584564,0.9199096048947779,1.8966004640161591
dw_mixing_angles_polarization_01_local_minimum_307,D_W,D_W,mixing_angles,polarization_cluster_01_local_minimum_307,gradient_local_minimum,164,164,1.7782118575725588e-03,1.0000000000000000e+00,3.1083190304331674e+00,1.5340886377957388e+00,3.343141921535614,2.48841349227416,5.727112492685188,0.9185105861020524,1.880750047335479
dw_mixing_angles_polarization_01_local_minimum_308,D_W,D_W,mixing_angles,polarization_cluster_01_local_minimum_308,gradient_local_minimum,165,165,1.7855569104164208e-03,9.9999999999999967e-01,4.6340313790905363e-02,1.6170241392298816e+00,3.0905571796774396,2.390382778358994,3.8472770820264492,0.8306630212295361,1.4599596289511758
dw_mixing_angles_polarization_01_local_minimum_309,D_W,D_W,mixing_angles,polarization_cluster_01_local_minimum_309,gradient_local_minimum,166,166,1.7890824981200300e-03,9.9999999999999978e-01,5.4674566531269106e-02,1.5569982838235417e+00,2.1803210108912032,2.3375710656496693,5.2247512826955855,0.46168495405845306,2.7164596992214305
dw_mixing_angles_polarization_01_local_minimum_313,D_W,D_W,mixing_angles,polarization_cluster_01_local_minimum_313,gradient_local_minimum,167,167,1.8336034328440842e-03,9.9999999999999978e-01,3.1205175321380612e+00,1.6000318242582405e+00,3.5624921542460597,2.6212364610429897,3.535325546021347,0.9571348419772568,1.1337549546858907
dw_mixing_angles_polarization_01_local_minimum_316,D_W,D_W,mixing_angles,polarization_cluster_01_local_minimum_316,gradient_local_minimum,168,168,1.8572110531603508e-03,1.0000000000000000e+00,7.0118384256548594e-02,1.5518685203418778e+00,1.9429594502538743,2.2703893534723267,4.291999946776245,0.37896978736716713,1.7998336595142261
dw_mixing_angles_polarization_01_local_minimum_317,D_W,D_W,mixing_angles,polarization_cluster_01_local_minimum_317,gradient_local_minimum,169,169,1.8722159441125327e-03,9.9999999999999989e-01,1.2478402664881758e-01,1.6667839014478092e+00,2.2524159571544335,1.9771073320316859,1.8947666230853917,0.6455416486049051,4.508153226577101
dw_mixing_angles_polarization_01_local_minimum_320,D_W,D_W,mixing_angles,polarization_cluster_01_local_minimum_320,gradient_local_minimum,170,170,1.9010349074708127e-03,9.9999999999999978e-01,3.0844527592019033e+00,1.5826068360708974e+00,2.1189912288338557,2.334948129959261,4.354198154052613,0.4325435120523772,0.5258881686475255
dw_mixing_angles_polarization_01_local_minimum_321,D_W,D_W,mixing_angles,polarization_cluster_01_local_minimum_321,gradient_local_minimum,171,171,1.9031055942543942e-03,9.9999999999999989e-01,7.9427083002216362e-02,1.5420917357798136e+00,1.8286051009789808,2.2510167885384442,2.275454934437163,0.32815971602679933,4.804470307433232
dw_mixing_angles_polarization_01_local_minimum_327,D_W,D_W,mixing_angles,polarization_cluster_01_local_minimum_327,gradient_local_minimum,172,172,1.9234144887880882e-03,1.0000000000000000e+00,3.1055797481290339e+00,1.5324768855120725e+00,3.3055198345252688,2.4665993013938405,5.6954955263132705,0.9113470844341631,1.831295530102994
dw_mixing_angles_polarization_01_local_minimum_331,D_W,D_W,mixing_angles,polarization_cluster_01_local_minimum_331,gradient_local_minimum,173,173,1.9533901571923292e-03,9.9999999999999967e-01,3.1119519493888159e+00,1.6052514227499557e+00,3.3956376915539392,2.530185122189196,3.6530162327153386,0.9220267325449418,1.2636087544687273
dw_mixing_angles_polarization_01_local_minimum_332,D_W,D_W,mixing_angles,polarization_cluster_01_local_minimum_332,gradient_local_minimum,174,174,1.9612436807026961e-03,1.0000000000000004e+00,3.1176009070390389e+00,1.5916355210364430e+00,2.8412529824347743,2.60073054457787,3.14406226455044,0.6397764647511952,5.489418121915909
dw_mixing_angles_polarization_01_local_minimum_335,D_W,D_W,mixing_angles,polarization_cluster_01_local_minimum_335,gradient_local_minimum,175,175,1.9850185083500815e-03,1.0000000000000004e+00,1.2476138100966865e-02,1.5944249132345814e+00,3.852385752153137,2.7363916823585908,3.4180901152778245,1.0393288117738362,1.0148587507284748
dw_mixing_angles_polarization_01_local_minimum_336,D_W,D_W,mixing_angles,polarization_cluster_01_local_minimum_336,gradient_local_minimum,176,176,1.9972557064747150e-03,9.9999999999999956e-01,2.5616963154401838e-02,1.5503255582708115e+00,2.760249017947814,2.5918094675059202,6.26760996546183,0.5960453603486523,3.897830544681616
dw_mixing_angles_polarization_01_local_minimum_337,D_W,D_W,mixing_angles,polarization_cluster_01_local_minimum_337,gradient_local_minimum,177,177,2.0037856879503847e-03,9.9999999999999978e-01,3.1361229619761910e+00,1.5862581676879883e+00,3.6751303105619146,2.8932958885214966,3.1682567390174214,0.8501815500486476,0.9042852132882678
dw_mixing_angles_polarization_01_local_minimum_339,D_W,D_W,mixing_angles,polarization_cluster_01_local_minimum_339,gradient_local_minimum,178,178,2.0382253002658689e-03,1.0000000000000000e+00,2.1373469291704684e-02,1.6005084593734962e+00,3.5887381734804964,2.615703174746221,3.548744461968715,0.9742335019485276,1.1509317514251527
dw_mixing_angles_polarization_01_local_minimum_341,D_W,D_W,mixing_angles,polarization_cluster_01_local_minimum_341,gradient_local_minimum,179,179,2.0593872581141392e-03,1.0000000000000000e+00,3.1137826881688784e+00,1.6040561308812986e+00,3.4229001186147583,2.5428425124836336,3.6247445790573507,0.9294054711957577,1.1902595551040638
dw_mixing_angles_polarization_01_local_minimum_344,D_W,D_W,mixing_angles,polarization_cluster_01_local_minimum_344,gradient_local_minimum,180,180,2.0743080616439954e-03,9.9999999999999978e-01,3.1271290965494734e+00,1.5956858709482831e+00,3.714729533124592,2.707754194251988,2.8532177450615954,0.9832013749739961,5.284518949777541
dw_mixing_angles_polarization_01_local_minimum_351,D_W,D_W,mixing_angles,polarization_cluster_01_local_minimum_351,gradient_local_minimum,181,181,2.1224661670896515e-03,1.0000000000000004e+00,3.1083476825206184e+00,1.5899847400022913e+00,2.5941560199627007,2.5073880607798174,3.348371223799537,0.5616059871155162,5.848220146329371
dw_mixing_angles_polarization_01_local_minimum_354,D_W,D_W,mixing_angles,polarization_cluster_01_local_minimum_354,gradient_local_minimum,182,182,2.1583516308161994e-03,1.0000000000000000e+00,3.0532122088651619e+00,1.6436708989594151e+00,2.6291105461051254,2.140815711792671,4.152067065538204,0.7347984107326315,1.685820813632966
dw_mixing_angles_polarization_01_local_minimum_361,D_W,D_W,mixing_angles,polarization_cluster_01_local_minimum_361,gradient_local_minimum,183,183,2.2182281431536235e-03,9.9999999999999978e-01,1.1982688784868714e-01,1.6603024605469816e+00,2.4296162690527394,2.0124435730640604,1.985583578907018,0.7116116222824089,4.508039592462357
dw_mixing_angles_polarization_01_local_minimum_362,D_W,D_W,mixing_angles,polarization_cluster_01_local_minimum_362,gradient_local_minimum,184,184,2.2239837381606807e-03,1.0000000000000002e+00,3.1033288829808590e+00,1.6099433198092632e+00,3.2565734653350495,2.445198153431486,3.749277246993457,0.8992928419065948,1.3051564022178999
dw_mixing_angles_polarization_01_local_minimum_366,D_W,D_W,mixing_angles,polarization_cluster_01_local_minimum_366,gradient_local_minimum,185,185,2.2838821622817472e-03,9.9999999999999989e-01,3.0981549628099798e+00,1.5285271169044694e+00,3.1891922752611714,2.3999651171550096,5.618324774185699,0.8901440938919155,1.7982620197895811
dw_mixing_angles_polarization_01_local_minimum_368,D_W,D_W,mixing_angles,polarization_cluster_01_local_minimum_368,gradient_local_minimum,186,186,2.2876112832741790e-03,9.9999999999999978e-01,4.6743310551095880e-02,1.5850696185080857e+00,2.3166515257823592,2.403252713774303,2.5680298719902828,0.48142101113965696,0.04228031614840576
dw_mixing_angles_polarization_01_local_minimum_371,D_W,D_W,mixing_angles,polarization_cluster_01_local_minimum_371,gradient_local_minimum,187,187,2.3060894182153078e-03,1.0000000000000000e+00,1.2095458669440855e-02,1.5505979002033587e+00,3.2780179952031983,2.7606946642118806,0.022089323345553236,0.7387961914835527,3.889875017543886
dw_mixing_angles_polarization_01_local_minimum_381,D_W,D_W,mixing_angles,polarization_cluster_01_local_minimum_381,gradient_local_minimum,188,188,2.4754452587577324e-03,1.0000000000000000e+00,3.1211091238326971e+00,1.5416746027015611e+00,3.612774863304455,2.623973348575158,0.39190915583255204,0.9820110681116971,4.25756226362099
dw_mixing_angles_polarization_01_local_minimum_383,D_W,D_W,mixing_angles,polarization_cluster_01_local_minimum_383,gradient_local_minimum,189,189,2.4966078317964378e-03,1.0000000000000002e+00,3.1161346920321722e+00,1.5495867589367698e+00,2.7897216799590403,2.5874205600543,6.238238342366252,0.6134678100177503,2.320942012744896
dw_mixing_angles_polarization_01_local_minimum_384,D_W,D_W,mixing_angles,polarization_cluster_01_local_minimum_384,gradient_local_minimum,190,190,2.5207551261076070e-03,1.0000000000000002e+00,3.1365787890094099e+00,1.5861215474154291e+00,3.7780613583862763,2.8962104564749866,3.1433647758240424,0.9030623746742533,0.7385551209609922
dw_mixing_angles_polarization_01_local_minimum_386,D_W,D_W,mixing_angles,polarization_cluster_01_local_minimum_386,gradient_local_minimum,191,191,2.5568434091172861e-03,1.0000000000000004e+00,3.0722139616329431e+00,1.6282471081118135e+00,2.790302510877887,2.218864525425459,4.050982804887097,0.7886866869544689,1.4897886715455335
dw_mixing_angles_polarization_01_local_minimum_387,D_W,D_W,mixing_angles,polarization_cluster_01_local_minimum_387,gradient_local_minimum,192,192,2.5777988581844875e-03,1.0000000000000000e+00,3.0905870220449065e+00,1.5242498289697823e+00,3.1012147003100794,2.3472725961810372,0.7352647397434702,0.8746096559016098,4.566139475023338
dw_mixing_angles_polarization_01_local_minimum_390,D_W,D_W,mixing_angles,polarization_cluster_01_local_minimum_390,gradient_local_minimum,193,193,2.5898604165537024e-03,1.0000000000000000e+00,3.0224362024091014e+00,1.6619697145703689e+00,2.4123619647823533,2.0171486695644263,4.294199356024946,0.6951458257253821,1.78961988530611
dw_mixing_angles_polarization_01_local_minimum_394,D_W,D_W,mixing_angles,polarization_cluster_01_local_minimum_394,gradient_local_minimum,194,194,2.6930444420506668e-03,1.0000000000000002e+00,5.7665554725763752e-03,1.5884161569351798e+00,4.106914487726796,2.870691093799688,2.959515205481601,1.066723448105621,5.2912455999318695
dw_mixing_angles_polarization_01_local_minimum_395,D_W,D_W,mixing_angles,polarization_cluster_01_local_minimum_395,gradient_local_minimum,195,195,2.7211570812515056e-03,1.0000000000000000e+00,3.0990819405681598e+00,1.5541083822961224e+00,2.428589877049146,2.4190275541836175,5.854595779525836,0.5317772879696424,3.312446813471788
dw_mixing_angles_polarization_01_local_minimum_396,D_W,D_W,mixing_angles,polarization_cluster_01_local_minimum_396,gradient_local_minimum,196,196,2.7256337540495701e-03,9.9999999999999989e-01,2.8965972616299747e-02,1.5916321632096313e+00,2.7662567233894086,2.528526165710704,3.078871787931601,0.6454947059009157,0.626996034958871
dw_mixing_angles_polarization_01_local_minimum_397,D_W,D_W,mixing_angles,polarization_cluster_01_local_minimum_397,gradient_local_minimum,197,197,2.7357593659769917e-03,1.0000000000000000e+00,3.0968875840994090e+00,1.5849356897239135e+00,2.3363436946979537,2.4123946912148875,2.7104843681976205,0.4994589171673744,0.30132235346566155
dw_mixing_angles_polarization_01_local_minimum_400,D_W,D_W,mixing_angles,polarization_cluster_01_local_minimum_400,gradient_local_minimum,198,198,2.7919444138335432e-03,1.0000000000000000e+00,3.0727100871472639e+00,1.5529831971296628e+00,1.955290687703978,2.2958913975582633,1.9957972153221706,0.3636886327651337,4.495670055988764
dw_mixing_angles_polarization_01_local_minimum_401,D_W,D_W,mixing_angles,polarization_cluster_01_local_minimum_401,gradient_local_minimum,199,199,2.8438858932303937e-03,1.0000000000000000e+00,2.1501419501112055e-02,1.5929254943525117e+00,3.012606412271457,2.6098870211792224,3.145699541044748,0.7160150392450133,0.6769330202890858
dw_mixing_angles_polarization_01_local_minimum_403,D_W,D_W,mixing_angles,polarization_cluster_01_local_minimum_403,gradient_local_minimum,200,200,2.8545317703913098e-03,1.0000000000000002e+00,5.7193390958721620e-02,1.5596341487326666e+00,2.11201283907868,2.337331350435706,1.2115848226674009,0.4279850648432127,3.6470994170589432
dw_mixing_angles_polarization_01_local_minimum_404,D_W,D_W,mixing_angles,polarization_cluster_01_local_minimum_404,gradient_local_minimum,201,201,2.8558522370316030e-03,9.9999999999999967e-01,4.4410196247302157e-02,1.5549708590202878e+00,2.3732567136057905,2.40137048759063,5.769875774523669,0.5232200930650641,3.28317848763965
dw_mixing_angles_polarization_01_local_minimum_406,D_W,D_W,mixing_angles,polarization_cluster_01_local_minimum_406,gradient_local_minimum,202,202,2.8703195842085514e-03,1.0000000000000000e+00,3.7403698013851648e-02,1.5526461827531408e+00,2.526648454357604,2.4558782912252415,5.993131336334329,0.5686224068339846,3.5175662656012086
dw_mixing_angles_polarization_01_local_minimum_408,D_W,D_W,mixing_angles,polarization_cluster_01_local_minimum_408,gradient_local_minimum,203,203,2.9195470600554990e-03,1.0000000000000002e+00,3.1081598781550337e+00,1.5342104788242665e+00,3.354929005275806,2.4860584596463737,0.5552839472722464,0.927947795379185,4.398338392625482
dw_mixing_angles_polarization_01_local_minimum_412,D_W,D_W,mixing_angles,polarization_cluster_01_local_minimum_412,gradient_local_minimum,204,204,2.9478435419057181e-03,9.9999999999999967e-01,3.0851267362857526e+00,1.5577279896000311e+00,2.170306809711482,2.3216563543896163,1.1352295126822618,0.4645512237833658,3.628728164581028
dw_mixing_angles_polarization_01_local_minimum_416,D_W,D_W,mixing_angles,polarization_cluster_01_local_minimum_416,gradient_local_minimum,205,205,3.0235640955758331e-03,1.0000000000000002e+00,3.1264582451919818e+00,1.5451821352739556e+00,3.7629202639110844,2.693427162988092,5.970359067276902,1.0184160001771905,2.1161653090597055
dw_mixing_angles_polarization_01_local_minimum_418,D_W,D_W,mixing_angles,polarization_cluster_01_local_minimum_418,gradient_local_minimum,206,206,3.0547407326628577e-03,1.0000000000000002e+00,3.0670237195156766e+00,1.6320018312114501e+00,2.838988961672359,2.2135749446570943,2.23142459424107,0.8090886533437468,4.6650296239906925
dw_mixing_angles_polarization_01_local_minimum_419,D_W,D_W,mixing_angles,polarization_cluster_01_local_minimum_419,gradient_local_minimum,207,207,3.0569272421261543e-03,1.0000000000000000e+00,3.1093236560533706e+00,1.6064676993903113e+00,3.364506219067543,2.500125316583509,2.6041341512620093,0.9252705281952812,5.028577211735508
dw_mixing_angles_polarization_01_local_minimum_420,D_W,D_W,mixing_angles,polarization_cluster_01_local_minimum_420,gradient_local_minimum,208,208,3.0765345915036179e-03,1.0000000000000000e+00,3.1250370629331687e+00,1.5969921322434175e+00,3.685478375428066,2.6779525036835903,2.8194655688453825,0.9897638700448586,5.231222667616039
dw_mixing_angles_polarization_01_local_minimum_427,D_W,D_W,mixing_angles,polarization_cluster_01_local_minimum_427,gradient_local_minimum,209,209,3.2228090672426720e-03,1.0000000000000000e+00,3.5003586494146299e-01,1.2731733925715645e+00,1.2922139516466207,1.4916782733105725,4.2312172226405265,0.23144220683405037,0.8433435235310399
dw_mixing_angles_polarization_01_local_minimum_428,D_W,D_W,mixing_angles,polarization_cluster_01_local_minimum_428,gradient_local_minimum,210,210,3.2277628377101603e-03,9.9999999999999989e-01,1.2871366822304664e-01,1.6700125328961168e+00,2.310684763441533,1.980775952955203,1.9380570025901682,0.6613041999816065,4.465070921094667
dw_mixing_angles_polarization_01_local_minimum_437,D_W,D_W,mixing_angles,polarization_cluster_01_local_minimum_437,gradient_local_minimum,211,211,3.2989784710233455e-03,1.0000000000000000e+00,2.5468619824162098e-02,1.5494845251696667e+00,2.8508134246642793,2.5689193842850067,0.0839537229591007,0.6630671966406267,2.54388787763137
dw_mixing_angles_polarization_01_local_minimum_440,D_W,D_W,mixing_angles,polarization_cluster_01_local_minimum_440,gradient_local_minimum,212,212,3.3633308877135206e-03,9.9999999999999978e-01,6.4675105637687150e-02,1.5881048777838798e+00,2.0517127993763,2.2755407445808196,4.789916883901348,0.4299533057627227,1.039485574571695
dw_mixing_angles_polarization_01_local_minimum_442,D_W,D_W,mixing_angles,polarization_cluster_01_local_minimum_442,gradient_local_minimum,213,213,3.3765054275729125e-03,9.9999999999999978e-01,2.7638598403010399e+00,1.0562029635407095e+00,0.9887881233744814,2.748252727497498,3.883850121364391,0.014757886747479486,0.9534659453578698
dw_mixing_angles_polarization_01_local_minimum_443,D_W,D_W,mixing_angles,polarization_cluster_01_local_minimum_443,gradient_local_minimum,214,214,3.4043701630070426e-03,1.0000000000000002e+00,3.1151870799813026e+00,1.5920413645552312e+00,2.8130795666700115,2.5615789538990987,3.028939257918234,0.643353134208567,0.5297319184216975
dw_mixing_angles_polarization_01_local_minimum_449,D_W,D_W,mixing_angles,polarization_cluster_01_local_minimum_449,gradient_local_minimum,215,215,3.6214795897045074e-03,9.9999999999999978e-01,1.0480771933669517e-01,1.4937154522207161e+00,2.5644742144293864,2.0632165738729937,5.191325347546852,0.7618022457854867,1.4481811930093795
dw_mixing_angles_polarization_01_local_minimum_450,D_W,D_W,mixing_angles,polarization_cluster_01_local_minimum_450,gradient_local_minimum,216,216,3.6216288537441427e-03,1.0000000000000002e+00,3.8666888769785968e-02,1.5525113961629045e+00,2.49893543667993,2.449592109831556,5.9109352871902905,0.5517382168070356,3.3689784415913433
dw_mixing_angles_polarization_01_local_minimum_451,D_W,D_W,mixing_angles,polarization_cluster_01_local_minimum_451,gradient_local_minimum,217,217,3.7097860728389927e-03,1.0000000000000002e+00,3.0765274733834107e+00,1.5562541516667401e+00,2.0015258456154807,2.3151397795217976,1.8290267428972862,0.37493520862879864,4.3202718439593735
dw_mixing_angles_polarization_01_local_minimum_452,D_W,D_W,mixing_angles,polarization_cluster_01_local_minimum_452,gradient_local_minimum,218,218,3.7337656287698647e-03,1.0000000000000000e+00,2.3590605696584960e-02,1.5923276944154234e+00,2.8417554268652854,2.608944881688807,3.0744092606842783,0.6266596395005525,5.420169503956963
dw_mixing_angles_polarization_01_local_minimum_454,D_W,D_W,mixing_angles,polarization_cluster_01_local_minimum_454,gradient_local_minimum,219,219,3.8026867410708575e-03,9.9999999999999978e-01,1.0859631279019065e-02,1.5508999337785059e+00,3.4293699878311275,2.769065355577019,0.007976700097005055,0.8211420469172963,3.8380468933452128
dw_mixing_angles_polarization_01_local_minimum_456,D_W,D_W,mixing_angles,polarization_cluster_01_local_minimum_456,gradient_local_minimum,220,220,3.8653713710847352e-03,1.0000000000000002e+00,3.9520436498125713e-02,1.5883846842675442e+00,2.4822863193359592,2.447479715986146,2.8069851854607313,0.538391435690186,0.2596777517448562
dw_mixing_angles_polarization_01_local_minimum_460,D_W,D_W,mixing_angles,polarization_cluster_01_local_minimum_460,gradient_local_minimum,221,221,3.9847969668099269e-03,9.9999999999999989e-01,3.0843288969846578e+00,1.6246616914449052e+00,2.908292605730629,2.3131029017545415,3.949214138296223,0.7749970522611659,1.535582902525637
dw_mixing_angles_polarization_01_local_minimum_464,D_W,D_W,mixing_angles,polarization_cluster_01_local_minimum_464,gradient_local_minimum,222,222,4.0118099156253272e-03,1.0000000000000002e+00,1.3841638424296235e-01,1.6782824662664959e+00,2.164781485219102,1.9391775534467308,1.8539530830969404,0.6130409030367739,4.445104111014362
dw_mixing_angles_polarization_01_local_minimum_471,D_W,D_W,mixing_angles,polarization_cluster_01_local_minimum_471,gradient_local_minimum,223,223,4.3878378132361723e-03,9.9999999999999978e-01,3.3126782050906051e-02,1.5906737813137635e+00,2.6640106233094683,2.4845234990436302,2.9980023858120486,0.6203789098063978,0.5227029354900299
dw_mixing_angles_polarization_01_local_minimum_476,D_W,D_W,mixing_angles,polarization_cluster_01_local_minimum_476,gradient_local_minimum,224,224,4.5999620847534221e-03,1.0000000000000004e+00,8.0432109507868679e-02,1.6330285331598233e+00,2.771520203673263,2.163771856445636,2.1793094713492045,0.8156392006099404,4.724501963764138
dw_mixing_angles_polarization_01_local_minimum_478,D_W,D_W,mixing_angles,polarization_cluster_01_local_minimum_478,gradient_local_minimum,225,225,4.6315012744079682e-03,1.0000000000000000e+00,1.2443265097234674e-01,1.6659023566370308e+00,2.2006181448605413,1.9680652007879331,4.429147838470991,0.631290192502584,1.759263179953846
dw_mixing_angles_polarization_01_local_minimum_481,D_W,D_W,mixing_angles,polarization_cluster_01_local_minimum_481,gradient_local_minimum,226,226,4.9775596737418604e-03,1.0000000000000002e+00,3.1323916816194393e+00,1.5897079159023115e+00,3.547579738911006,2.797819013453926,3.155665434425433,0.8679891677601986,0.7366283184897695
dw_mixing_angles_polarization_01_local_minimum_483,D_W,D_W,mixing_angles,polarization_cluster_01_local_minimum_483,gradient_local_minimum,227,227,5.0708709690954531e-03,9.9999999999999967e-01,1.3966955147524110e-01,1.4717772472218242e+00,2.3218301691086376,1.9498610130120273,1.230981620835653,0.6918041765686509,4.966837606896163
dw_mixing_angles_polarization_01_local_minimum_486,D_W,D_W,mixing_angles,polarization_cluster_01_local_minimum_486,gradient_local_minimum,228,228,5.1010561734178500e-03,1.0000000000000002e+00,1.3084517719454650e-01,1.4691489626378693e+00,2.158617102404063,1.9540703615133577,1.3012220012470077,0.6103070886830585,4.944865363138869
dw_mixing_angles_polarization_01_local_minimum_487,D_W,D_W,mixing_angles,polarization_cluster_01_local_minimum_487,gradient_local_minimum,229,229,5.1246508000918588e-03,9.9999999999999967e-01,1.2805113133894613e-01,1.4718560005709369e+00,2.1705171583661653,1.9603089401096905,1.2984224223301304,0.6160474270028823,4.927892814463981
dw_mixing_angles_polarization_01_local_minimum_488,D_W,D_W,mixing_angles,polarization_cluster_01_local_minimum_488,gradient_local_minimum,230,230,5.2786584005571823e-03,9.9999999999999978e-01,3.0686870340130414e+00,1.6284365403828338e+00,2.8553285572987344,2.2054505631176773,2.235184192220172,0.8344636113407484,4.7603070426397425
dw_mixing_angles_polarization_01_local_minimum_489,D_W,D_W,mixing_angles,polarization_cluster_01_local_minimum_489,gradient_local_minimum,231,231,5.3067655446548765e-03,1.0000000000000000e+00,5.3610573644050634e-02,1.5610469861116116e+00,2.1475659466256998,2.3720443194586354,0.8751443532268685,0.42401974343881865,3.2639861545247455
dw_mixing_angles_polarization_01_local_minimum_493,D_W,D_W,mixing_angles,polarization_cluster_01_local_minimum_493,gradient_local_minimum,232,232,5.4446005147647455e-03,9.9999999999999978e-01,1.4799856624974281e-01,1.6826992818847493e+00,2.194843698467985,1.924479933872004,4.410462101226299,0.6284217000998309,1.875322288695058
dw_mixing_angles_polarization_01_local_minimum_495,D_W,D_W,mixing_angles,polarization_cluster_01_local_minimum_495,gradient_local_minimum,233,233,5.6680090974570614e-03,9.9999999999999956e-01,4.1238895929505789e-02,1.5533726599941919e+00,2.45541007360461,2.4171099200277877,0.42010036286820424,0.5563871116311336,2.9190414487207477
dw_mixing_angles_polarization_01_local_minimum_497,D_W,D_W,mixing_angles,polarization_cluster_01_local_minimum_497,gradient_local_minimum,234,234,5.7246397113818893e-03,9.9999999999999978e-01,3.0846346277931436e+00,1.5168967922728100e+00,2.875228770032297,2.30712415686114,0.81830184163113,0.7618079111995669,4.635264631865962
dw_mixing_angles_polarization_01_local_minimum_499,D_W,D_W,mixing_angles,polarization_cluster_01_local_minimum_499,gradient_local_minimum,235,235,5.7370567793096168e-03,1.0000000000000004e+00,3.0333913898399194e+00,1.6560732954914443e+00,2.331648444850766,2.0324039771514437,1.950931163651385,0.6581243269115368,4.578762819487942
dw_mixing_angles_polarization_01_local_minimum_504,D_W,D_W,mixing_angles,polarization_cluster_01_local_minimum_504,gradient_local_minimum,236,236,6.0341871971066269e-03,1.0000000000000002e+00,3.0972855040484979e+00,1.6166469464364923e+00,3.0309077905303345,2.403207927745808,3.8411007046748074,0.7843613833083662,1.4253368313267392
dw_mixing_angles_polarization_01_local_minimum_505,D_W,D_W,mixing_angles,polarization_cluster_01_local_minimum_505,gradient_local_minimum,237,237,6.0875680801323277e-03,1.0000000000000000e+00,3.0152710537916132e+00,1.6683493314963425e+00,2.169746973089797,1.96371014365217,1.8406965383408462,0.6156821041302518,4.506849396025572
dw_mixing_angles_polarization_01_local_minimum_508,D_W,D_W,mixing_angles,polarization_cluster_01_local_minimum_508,gradient_local_minimum,238,238,6.2027566995018135e-03,1.0000000000000002e+00,1.4930846929350616e-01,1.6836049748438955e+00,2.1936540317493582,1.9221232716277037,1.8730904409361249,0.6278246411648075,4.402089998892061
dw_mixing_angles_polarization_01_local_minimum_512,D_W,D_W,mixing_angles,polarization_cluster_01_local_minimum_512,gradient_local_minimum,239,239,6.5425667320935894e-03,1.0000000000000004e+00,3.0967503363649507e+00,1.6128748486371989e+00,3.205039700560194,2.3895088266246947,2.474502256057378,0.9091941532376657,4.935939556904589
dw_mixing_angles_polarization_01_local_minimum_514,D_W,D_W,mixing_angles,polarization_cluster_01_local_minimum_514,gradient_local_minimum,240,240,6.5789164900549521e-03,9.9999999999999989e-01,1.3866387072986938e-01,1.4618073698145306e+00,2.1316246306836435,1.9375381746981624,4.978464841457888,0.5968109682481874,1.295157605743738
dw_mixing_angles_polarization_01_local_minimum_518,D_W,D_W,mixing_angles,polarization_cluster_01_local_minimum_518,gradient_local_minimum,241,241,6.8419674081373859e-03,9.9999999999999989e-01,5.3813235710733771e-02,1.5794968058742831e+00,2.156165039468089,2.3699386489528464,2.3798653288686022,0.4267154985539797,0.0032682909970386535
dw_mixing_angles_polarization_01_local_minimum_519,D_W,D_W,mixing_angles,polarization_cluster_01_local_minimum_519,gradient_local_minimum,242,242,6.8562485350132703e-03,9.9999999999999956e-01,3.0492188599523913e+00,1.5220492698399111e+00,1.751637595613683,2.1615748598581304,4.039751207284981,0.3398809485018552,1.4050274346812424
dw_mixing_angles_polarization_01_local_minimum_521,D_W,D_W,mixing_angles,polarization_cluster_01_local_minimum_521,gradient_local_minimum,243,243,7.1765524600907607e-03,9.9999999999999978e-01,1.0439479439664934e-01,1.6573250938278692e+00,2.4505444198278816,2.06884850584159,2.0413153978439245,0.6776552123915207,4.5269471051065535
dw_mixing_angles_polarization_01_local_minimum_522,D_W,D_W,mixing_angles,polarization_cluster_01_local_minimum_522,gradient_local_minimum,244,244,7.1940435385017786e-03,1.0000000000000000e+00,3.0872372214310269e+00,1.5880659159296600e+00,2.207546146940459,2.33959199841178,2.0547885062183355,0.4658226311796824,5.70330479421326
dw_mixing_angles_polarization_01_local_minimum_523,D_W,D_W,mixing_angles,polarization_cluster_01_local_minimum_523,gradient_local_minimum,245,245,7.2990516021269889e-03,1.0000000000000000e+00,3.0074194966821062e+00,1.6727697278451028e+00,2.3330316980238974,1.9734222398715682,4.330859058580522,0.6701158710892168,1.8502324545093358
dw_mixing_angles_polarization_01_local_minimum_524,D_W,D_W,mixing_angles,polarization_cluster_01_local_minimum_524,gradient_local_minimum,246,246,7.3473512420722262e-03,1.0000000000000004e+00,1.4981110944189607e-01,1.6857254007049560e+00,2.167390645519207,1.9180425650944604,4.416615044522359,0.61469480451671,1.8833252997342476
dw_mixing_angles_polarization_01_local_minimum_526,D_W,D_W,mixing_angles,polarization_cluster_01_local_minimum_526,gradient_local_minimum,247,247,7.5961448508544806e-03,1.0000000000000000e+00,1.0208312455931351e-01,1.6547890472536237e+00,2.532231803653221,2.086718690028104,4.201363963530908,0.706209438341462,1.766324033190112
dw_mixing_angles_polarization_01_local_minimum_527,D_W,D_W,mixing_angles,polarization_cluster_01_local_minimum_527,gradient_local_minimum,248,248,7.6939839939677472e-03,1.0000000000000004e+00,3.0006002484214696e+00,1.6821748973890958e+00,2.121167119613866,1.9321547063671016,4.4471216641444595,0.5914792195271822,1.857711432342518
dw_mixing_angles_polarization_01_local_minimum_532,D_W,D_W,mixing_angles,polarization_cluster_01_local_minimum_532,gradient_local_minimum,249,249,8.0082281120871790e-03,9.9999999999999978e-01,3.0199681580109612e+00,1.4722055431981762e+00,2.281011431108464,1.998217032043904,5.081489161930579,0.6339348611152176,1.3389556980589394
dw_mixing_angles_polarization_01_local_minimum_535,D_W,D_W,mixing_angles,polarization_cluster_01_local_minimum_535,gradient_local_minimum,250,250,8.0939107374171093e-03,1.0000000000000000e+00,2.6634400489784001e-02,1.5507063657890185e+00,2.6993604928309956,2.589421564038217,0.02028927646423088,0.5655896996653399,3.9918638957284642
dw_mixing_angles_polarization_01_local_minimum_546,D_W,D_W,mixing_angles,polarization_cluster_01_local_minimum_546,gradient_local_minimum,251,251,8.7825227368919494e-03,1.0000000000000000e+00,2.9934258582206668e+00,1.4648574205398046e+00,2.293965563919651,1.9323287085473906,5.04742855694848,0.6779823451211735,1.2757745192698993
dw_mixing_angles_polarization_01_local_minimum_550,D_W,D_W,mixing_angles,polarization_cluster_01_local_minimum_550,gradient_local_minimum,252,252,8.8965443708487017e-03,9.9999999999999978e-01,6.1804421824448216e-02,1.5888392221266676e+00,2.1179132980655098,2.273029080872774,1.7135328010772801,0.4646492493601663,5.418429057196226
dw_mixing_angles_polarization_01_local_minimum_578,D_W,D_W,mixing_angles,polarization_cluster_01_local_minimum_578,gradient_local_minimum,253,253,1.0179952407656744e-02,9.9999999999999978e-01,4.6345745174233954e-02,1.5592619502277838e+00,2.24983592541279,2.429323595043806,0.3460562168243562,0.43939832635547227,2.6894940014340327
dw_mixing_angles_polarization_01_local_minimum_581,D_W,D_W,mixing_angles,polarization_cluster_01_local_minimum_581,gradient_local_minimum,254,254,1.0218526143156062e-02,1.0000000000000000e+00,4.2909968860576166e-02,1.6116902103268607e+00,3.2550501490589934,2.3970510140543255,3.7851981302867896,0.9330775749112125,1.2946127138474512
dw_mixing_angles_polarization_01_local_minimum_582,D_W,D_W,mixing_angles,polarization_cluster_01_local_minimum_582,gradient_local_minimum,255,255,1.0221571902300818e-02,9.9999999999999978e-01,1.3929831390036532e-01,1.4738552472463147e+00,2.3725624222203416,1.9543134444425045,1.208448164352731,0.7148055691779116,4.96221102983818
dw_mixing_angles_polarization_01_local_minimum_590,D_W,D_W,mixing_angles,polarization_cluster_01_local_minimum_590,gradient_local_minimum,256,256,1.0623817340385290e-02,9.9999999999999989e-01,3.1077850071466542e+00,1.5914742325234761e+00,2.637256543975978,2.4843887123106585,2.8451911996789745,0.5958318448820895,0.24656106091283733
dw_mixing_angles_polarization_01_local_minimum_593,D_W,D_W,mixing_angles,polarization_cluster_01_local_minimum_593,gradient_local_minimum,257,257,1.0890455937078039e-02,1.0000000000000002e+00,1.5458273321940569e-01,1.6835566142075062e+00,2.244486751569968,1.9167828545302852,1.8950593301513348,0.6532420061114655,4.388786706836493
dw_mixing_angles_polarization_01_local_minimum_602,D_W,D_W,mixing_angles,polarization_cluster_01_local_minimum_602,gradient_local_minimum,258,258,1.1286033673472279e-02,1.0000000000000002e+00,8.6604070697985768e-03,1.5520073366222182e+00,3.6237272406676038,2.8025365567749834,0.004562389476391817,0.9049605656602175,3.8279354992563226
dw_mixing_angles_polarization_01_local_minimum_604,D_W,D_W,mixing_angles,polarization_cluster_01_local_minimum_604,gradient_local_minimum,259,259,1.1398142094734666e-02,1.0000000000000002e+00,3.0876316051591348e+00,1.5791234887199466e+00,2.1130638915886193,2.385873846893208,4.065324576768658,0.3943866198624779,0.1648564801942304
dw_mixing_angles_polarization_01_local_minimum_605,D_W,D_W,mixing_angles,polarization_cluster_01_local_minimum_605,gradient_local_minimum,260,260,1.1414795764881233e-02,1.0000000000000002e+00,1.1101635840788170e-01,1.6481495349698210e+00,2.5081898235005213,2.01958504172153,4.281443193015019,0.7695771396866095,1.6513898454373128
dw_mixing_angles_polarization_01_local_minimum_606,D_W,D_W,mixing_angles,polarization_cluster_01_local_minimum_606,gradient_local_minimum,261,261,1.1438604164264815e-02,9.9999999999999978e-01,3.1126439532189458e+00,1.5925465350422894e+00,2.7765260436571997,2.5254197654486643,2.943142682320991,0.6434478915783745,0.3602781399296625
dw_mixing_angles_polarization_01_local_minimum_615,D_W,D_W,mixing_angles,polarization_cluster_01_local_minimum_615,gradient_local_minimum,262,262,1.1792877601252140e-02,1.0000000000000000e+00,3.1056476518604090e+00,1.5533923797479749e+00,2.4750876891058224,2.4986829188391604,0.01488733992554097,0.5129446246680353,3.9930342211745184
dw_mixing_angles_polarization_01_local_minimum_616,D_W,D_W,mixing_angles,polarization_cluster_01_local_minimum_616,gradient_local_minimum,263,263,1.1827989093742951e-02,1.0000000000000000e+00,2.9908736475025672e+00,1.6775031077674982e+00,2.3022428967200996,1.928417755243667,1.9106015609625018,0.6821154607584591,4.40836103943281
dw_mixing_angles_polarization_01_local_minimum_622,D_W,D_W,mixing_angles,polarization_cluster_01_local_minimum_622,gradient_local_minimum,264,264,1.2036297128964134e-02,1.0000000000000000e+00,2.9960553783578834e+00,1.4353298564720576e+00,1.4245805545983563,2.087105256832506,2.433346003350196,0.21919149396639512,5.2126552606871615
dw_mixing_angles_polarization_01_local_minimum_625,D_W,D_W,mixing_angles,polarization_cluster_01_local_minimum_625,gradient_local_minimum,265,265,1.2077516011477142e-02,9.9999999999999989e-01,3.0383179224846328e+00,1.5056458901944243e+00,1.67292806370155,2.121838939163438,4.004523171899838,0.32025124471218575,1.3096219807491698
dw_mixing_angles_polarization_01_local_minimum_626,D_W,D_W,mixing_angles,polarization_cluster_01_local_minimum_626,gradient_local_minimum,266,266,1.2190133326922904e-02,1.0000000000000002e+00,2.9844573791114448e+00,1.4551693382665551e+00,2.2236367493242817,1.9103400529954266,5.032385738197568,0.6428172734043417,1.236792299252198
dw_mixing_angles_polarization_01_local_minimum_636,D_W,D_W,mixing_angles,polarization_cluster_01_local_minimum_636,gradient_local_minimum,267,267,1.3040129835769994e-02,1.0000000000000000e+00,6.2798962020989987e-02,1.5488371053573449e+00,2.113537621938376,2.2676917481878296,4.867575471289046,0.46224890912103705,2.1893362008988366
dw_mixing_angles_polarization_01_local_minimum_644,D_W,D_W,mixing_angles,polarization_cluster_01_local_minimum_644,gradient_local_minimum,268,268,1.3959932050404087e-02,1.0000000000000002e+00,1.5418591174449847e-01,1.6929977142201944e+00,2.0995912873493827,1.9057030117083273,4.440923628205756,0.5807913865179104,1.9113353775788637
dw_mixing_angles_polarization_01_local_minimum_650,D_W,D_W,mixing_angles,polarization_cluster_01_local_minimum_650,gradient_local_minimum,269,269,1.4621342970999523e-02,1.0000000000000000e+00,2.9806957914040257e+00,1.6898823334124766e+00,2.2009301707118323,1.9019348200529103,1.8864449724175971,0.6314637767968262,4.363460189206397
dw_mixing_angles_polarization_01_local_minimum_657,D_W,D_W,mixing_angles,polarization_cluster_01_local_minimum_657,gradient_local_minimum,270,270,1.5452434981634643e-02,9.9999999999999978e-01,1.5906387597363680e-01,1.6948826920272184e+00,2.1212581159495687,1.8980635933004473,1.8591710365139453,0.5909374193996532,4.360256063392902
dw_mixing_angles_polarization_01_local_minimum_659,D_W,D_W,mixing_angles,polarization_cluster_01_local_minimum_659,gradient_local_minimum,271,271,1.5868237679712332e-02,1.0000000000000000e+00,2.9791024523307428e+00,1.6915553919055435e+00,2.1904990193205136,1.8981640812612508,4.39816658426271,0.6261249465455334,1.925257009397418
dw_mixing_angles_polarization_01_local_minimum_675,D_W,D_W,mixing_angles,polarization_cluster_01_local_minimum_675,gradient_local_minimum,272,272,1.7562206951241045e-02,1.0000000000000002e+00,2.9780112176306388e+00,1.6962567192912001e+00,2.1355357379244038,1.8907703532692015,4.413771370678861,0.5984574542311446,1.9328610387043421
dw_mixing_angles_polarization_01_local_minimum_676,D_W,D_W,mixing_angles,polarization_cluster_01_local_minimum_676,gradient_local_minimum,273,273,1.7736580199159326e-02,1.0000000000000000e+00,3.0248700830874400e+00,1.6494547528932382e+00,2.520393243770705,2.005450650829982,1.9927597697682962,0.7834185575510412,4.603100660728413
dw_mixing_angles_polarization_01_local_minimum_681,D_W,D_W,mixing_angles,polarization_cluster_01_local_minimum_681,gradient_local_minimum,274,274,1.8130543040024812e-02,1.0000000000000002e+00,2.9779037513577324e+00,1.4440678508743172e+00,2.1196927261082945,1.8904711361942494,1.2819754172478224,0.5908433244730654,5.080752227400531
dw_mixing_angles_polarization_01_local_minimum_683,D_W,D_W,mixing_angles,polarization_cluster_01_local_minimum_683,gradient_local_minimum,275,275,1.8750575039286392e-02,1.0000000000000000e+00,3.0834036796795190e+00,1.5513231243710541e+00,2.2075940853354528,2.274573383089063,5.100752525538712,0.5082476659604696,2.4695433597135006
dw_mixing_angles_polarization_01_local_minimum_684,D_W,D_W,mixing_angles,polarization_cluster_01_local_minimum_684,gradient_local_minimum,276,276,1.9197662607660568e-02,1.0000000000000000e+00,3.0867002733590176e+00,1.5506331370332904e+00,2.2700442810245636,2.3022878576226393,5.244991837883001,0.5194075025412008,2.5624926011480103
dw_mixing_angles_polarization_01_local_minimum_693,D_W,D_W,mixing_angles,polarization_cluster_01_local_minimum_693,gradient_local_minimum,277,277,2.0664891219720663e-02,1.0000000000000000e+00,1.4437576929200233e-01,1.6900759235941472e+00,2.0333645325296144,1.9212943691489743,4.487995618501461,0.5476784072480125,1.890088714577279
dw_mixing_angles_polarization_01_local_minimum_703,D_W,D_W,mixing_angles,polarization_cluster_01_local_minimum_703,gradient_local_minimum,278,278,2.2652249142001656e-02,9.9999999999999978e-01,1.6976125649347593e-01,1.6997105287924066e+00,2.140307721013655,1.8800077248044504,1.8758933729444207,0.6011513767442495,4.333170432412575
dw_mixing_angles_polarization_01_local_minimum_721,D_W,D_W,mixing_angles,polarization_cluster_01_local_minimum_721,gradient_local_minimum,279,279,2.9584543713239916e-02,1.0000000000000004e+00,1.5191083707959679e-01,1.6985032394395918e+00,1.9893735802742687,1.9051444742894423,4.499899593266401,0.5256859042226019,1.9266563070460192
dw_mixing_angles_polarization_01_local_minimum_723,D_W,D_W,mixing_angles,polarization_cluster_01_local_minimum_723,gradient_local_minimum,280,280,3.0291509503062988e-02,9.9999999999999978e-01,3.0347146390849375e+00,1.4989984042594453e+00,1.6809685862047652,2.075404755814304,2.158858650958026,0.34510768881104714,4.9594486093067
dw_mixing_angles_polarization_01_local_minimum_725,D_W,D_W,mixing_angles,polarization_cluster_01_local_minimum_725,gradient_local_minimum,281,281,3.0534347460644339e-02,1.0000000000000000e+00,1.7631808549529543e-01,1.7079917966203546e+00,2.0809728061053514,1.8635631928232461,1.8611390884355539,0.5714862268485783,4.309823121541705
dw_mixing_angles_polarization_01_local_minimum_726,D_W,D_W,mixing_angles,polarization_cluster_01_local_minimum_726,gradient_local_minimum,282,282,3.4337490131781293e-02,1.0000000000000002e+00,2.9638272960097387e+00,1.4298847876290142e+00,2.0430398665072826,1.8597603370432498,4.9865194034232,0.5525134665802336,1.1559398135176386
dw_mixing_angles_polarization_01_local_minimum_728,D_W,D_W,mixing_angles,polarization_cluster_01_local_minimum_728,gradient_local_minimum,283,283,3.5020698932637789e-02,9.9999999999999978e-01,1.7139928729099788e-01,1.7108505468682664e+00,2.0066957078114642,1.8652446710729815,4.453542617679962,0.5343433830964704,1.9663394240435714
dw_mixing_angles_polarization_01_local_minimum_730,D_W,D_W,mixing_angles,polarization_cluster_01_local_minimum_730,gradient_local_minimum,284,284,3.7260087104696464e-02,9.9999999999999989e-01,2.9595634562403341e+00,1.4281037933115819e+00,2.052013429024076,1.8514630217227446,4.997562043398352,0.5570059590084255,1.152082778114342
dw_mixing_angles_polarization_01_local_minimum_732,D_W,D_W,mixing_angles,polarization_cluster_01_local_minimum_732,gradient_local_minimum,285,285,4.0951212248961207e-02,1.0000000000000000e+00,2.9670237816411857e+00,1.4266037216709033e+00,1.9762566123465741,1.8626789247272253,1.3320050781187962,0.519124162896535,5.133628284221549
