Q2,xB,t,phi,theta_e_gamma_rad,theta_e_gamma_deg,aligned,squared_amplitude_M2,unpolarized_trace,unpolarized_spin_signal_M2,unpolarized_rho_ep_r0_c0_real,unpolarized_rho_ep_r0_c0_imag,unpolarized_rho_ep_r0_c1_real,unpolarized_rho_ep_r0_c1_imag,unpolarized_rho_ep_r0_c2_real,unpolarized_rho_ep_r0_c2_imag,unpolarized_rho_ep_r0_c3_real,unpolarized_rho_ep_r0_c3_imag,unpolarized_rho_ep_r1_c0_real,unpolarized_rho_ep_r1_c0_imag,unpolarized_rho_ep_r1_c1_real,unpolarized_rho_ep_r1_c1_imag,unpolarized_rho_ep_r1_c2_real,unpolarized_rho_ep_r1_c2_imag,unpolarized_rho_ep_r1_c3_real,unpolarized_rho_ep_r1_c3_imag,unpolarized_rho_ep_r2_c0_real,unpolarized_rho_ep_r2_c0_imag,unpolarized_rho_ep_r2_c1_real,unpolarized_rho_ep_r2_c1_imag,unpolarized_rho_ep_r2_c2_real,unpolarized_rho_ep_r2_c2_imag,unpolarized_rho_ep_r2_c3_real,unpolarized_rho_ep_r2_c3_imag,unpolarized_rho_ep_r3_c0_real,unpolarized_rho_ep_r3_c0_imag,unpolarized_rho_ep_r3_c1_real,unpolarized_rho_ep_r3_c1_imag,unpolarized_rho_ep_r3_c2_real,unpolarized_rho_ep_r3_c2_imag,unpolarized_rho_ep_r3_c3_real,unpolarized_rho_ep_r3_c3_imag,longitudinal_polarized_trace,longitudinal_polarized_spin_signal_M2,longitudinal_polarized_rho_ep_r0_c0_real,longitudinal_polarized_rho_ep_r0_c0_imag,longitudinal_polarized_rho_ep_r0_c1_real,longitudinal_polarized_rho_ep_r0_c1_imag,longitudinal_polarized_rho_ep_r0_c2_real,longitudinal_polarized_rho_ep_r0_c2_imag,longitudinal_polarized_rho_ep_r0_c3_real,longitudinal_polarized_rho_ep_r0_c3_imag,longitudinal_polarized_rho_ep_r1_c0_real,longitudinal_polarized_rho_ep_r1_c0_imag,longitudinal_polarized_rho_ep_r1_c1_real,longitudinal_polarized_rho_ep_r1_c1_imag,longitudinal_polarized_rho_ep_r1_c2_real,longitudinal_polarized_rho_ep_r1_c2_imag,longitudinal_polarized_rho_ep_r1_c3_real,longitudinal_polarized_rho_ep_r1_c3_imag,longitudinal_polarized_rho_ep_r2_c0_real,longitudinal_polarized_rho_ep_r2_c0_imag,longitudinal_polarized_rho_ep_r2_c1_real,longitudinal_polarized_rho_ep_r2_c1_imag,longitudinal_polarized_rho_ep_r2_c2_real,longitudinal_polarized_rho_ep_r2_c2_imag,longitudinal_polarized_rho_ep_r2_c3_real,longitudinal_polarized_rho_ep_r2_c3_imag,longitudinal_polarized_rho_ep_r3_c0_real,longitudinal_polarized_rho_ep_r3_c0_imag,longitudinal_polarized_rho_ep_r3_c1_real,longitudinal_polarized_rho_ep_r3_c1_imag,longitudinal_polarized_rho_ep_r3_c2_real,longitudinal_polarized_rho_ep_r3_c2_imag,longitudinal_polarized_rho_ep_r3_c3_real,longitudinal_polarized_rho_ep_r3_c3_imag,transverse_polarized_trace,transverse_polarized_spin_signal_M2,transverse_polarized_rho_ep_r0_c0_real,transverse_polarized_rho_ep_r0_c0_imag,transverse_polarized_rho_ep_r0_c1_real,transverse_polarized_rho_ep_r0_c1_imag,transverse_polarized_rho_ep_r0_c2_real,transverse_polarized_rho_ep_r0_c2_imag,transverse_polarized_rho_ep_r0_c3_real,transverse_polarized_rho_ep_r0_c3_imag,transverse_polarized_rho_ep_r1_c0_real,transverse_polarized_rho_ep_r1_c0_imag,transverse_polarized_rho_ep_r1_c1_real,transverse_polarized_rho_ep_r1_c1_imag,transverse_polarized_rho_ep_r1_c2_real,transverse_polarized_rho_ep_r1_c2_imag,transverse_polarized_rho_ep_r1_c3_real,transverse_polarized_rho_ep_r1_c3_imag,transverse_polarized_rho_ep_r2_c0_real,transverse_polarized_rho_ep_r2_c0_imag,transverse_polarized_rho_ep_r2_c1_real,transverse_polarized_rho_ep_r2_c1_imag,transverse_polarized_rho_ep_r2_c2_real,transverse_polarized_rho_ep_r2_c2_imag,transverse_polarized_rho_ep_r2_c3_real,transverse_polarized_rho_ep_r2_c3_imag,transverse_polarized_rho_ep_r3_c0_real,transverse_polarized_rho_ep_r3_c0_imag,transverse_polarized_rho_ep_r3_c1_real,transverse_polarized_rho_ep_r3_c1_imag,transverse_polarized_rho_ep_r3_c2_real,transverse_polarized_rho_ep_r3_c2_imag,transverse_polarized_rho_ep_r3_c3_real,transverse_polarized_rho_ep_r3_c3_imag
5.0000000000000000e-01,1.0000000000000001e-01,-7.0000000000000018e-01,3.1415926535897931e+00,7.7824771290077241e-02,4.4590309364923248e+00,True,2.8896299779033706e+07,1.0000000000000000e+00,2.8896299779033706e+07,3.0991371071314455e-01,-2.6609008327242265e-18,-2.4271414227362167e-01,-3.3274030377333550e-16,-2.5451004063677952e-17,-3.9876405927096150e-18,-1.5879927897851150e-17,2.0339402861333497e-18,-2.4271414227362167e-01,3.3518987913989741e-16,1.9008628928685550e-01,-1.9651328945075957e-18,1.2436068580179572e-17,-1.5955178929816050e-18,2.2007144746006376e-17,4.4260629858613587e-18,-2.5451004063677952e-17,3.9876405927096150e-18,1.2436068580179572e-17,1.5955178929816052e-18,1.9008628928685548e-01,1.9835132826454870e-18,-2.4271414227362167e-01,-3.3708954750177026e-16,-1.5879927897851150e-17,-2.0339402861333501e-18,2.2007144746006376e-17,-4.4260629858613579e-18,-2.4271414227362167e-01,3.3461834288561799e-16,3.0991371071314455e-01,2.6443799269189841e-18,-1.3877787807814457e-17,0.0000000000000000e+00,-3.0991371071314455e-01,2.6609008327242265e-18,2.4271414227362167e-01,3.3274030377333550e-16,7.9176287118449485e-18,2.1938762721756624e-17,3.8265545516678112e-17,-2.4965899370684765e-17,2.4271414227362167e-01,-3.3518987913989741e-16,-1.9008628928685550e-01,1.9651328945075957e-18,-1.3695935233117746e-17,-2.1895476974544444e-17,-2.0398367766185773e-17,2.5568220900871578e-17,7.9176287118449485e-18,-2.1938762721756627e-17,-1.3695935233117746e-17,2.1895476974544447e-17,1.9008628928685548e-01,1.9835132826454870e-18,-2.4271414227362167e-01,-3.3708954750177026e-16,3.8265545516678112e-17,2.4965899370684765e-17,-2.0398367766185773e-17,-2.5568220900871581e-17,-2.4271414227362167e-01,3.3461834288561799e-16,3.0991371071314455e-01,2.6443799269189841e-18,5.0000000000000000e-01,1.4448149889516853e+07,1.5495685535657228e-01,0.0000000000000000e+00,-1.2135707113681082e-01,-1.6748063105365861e-16,1.1345397503623048e-01,4.2892531846833074e-02,-1.4485654758634225e-01,-5.4764622205483351e-02,-1.2135707113681082e-01,1.6748063105365861e-16,9.5043144643427724e-02,0.0000000000000000e+00,-8.8858686017570132e-02,-3.3594010422809996e-02,1.1345397503623049e-01,4.2892531846833074e-02,1.1345397503623048e-01,-4.2892531846833074e-02,-8.8858686017570132e-02,3.3594010422809996e-02,9.5043144643427724e-02,0.0000000000000000e+00,-1.2135707113681082e-01,-1.6162306662176191e-16,-1.4485654758634225e-01,5.4764622205483351e-02,1.1345397503623049e-01,-4.2892531846833074e-02,-1.2135707113681082e-01,1.6162306662176191e-16,1.5495685535657228e-01,0.0000000000000000e+00
5.0000000000000000e-01,2.0000000000000001e-01,-5.0000000000000022e-01,3.1415926535897931e+00,1.7233504939840183e-01,9.8740709927069812e+00,True,2.8877073424572623e+08,1.0000000000000000e+00,2.8877073424572623e+08,2.7574476458850095e-01,-7.0819466324172676e-19,-2.4867082555930078e-01,7.2407438664022025e-16,-7.6421961813980256e-18,1.6357394948739318e-18,1.2542902339030316e-21,-1.5117810727616063e-21,-2.4867082555930078e-01,-7.2627160093925149e-16,2.2425523541149903e-01,1.6412929857359591e-18,-1.1687137245287179e-21,1.5534805536542920e-21,7.6422817579074021e-18,-1.6356977953930410e-18,-7.6421961813980256e-18,-1.6357394948739314e-18,-1.1687137245287179e-21,-1.5534805536543401e-21,2.2425523541149900e-01,-1.7212146542517625e-18,-2.4867082555930078e-01,7.1524446856090841e-16,1.2542902339030316e-21,1.5117810727615100e-21,7.6422817579074021e-18,1.6356977953930410e-18,-2.4867082555930078e-01,-7.1111667384570797e-16,2.7574476458850095e-01,-2.4909139880335313e-18,1.3877787807814457e-17,0.0000000000000000e+00,-2.7574476458850095e-01,7.0819466324172676e-19,2.4867082555930078e-01,-7.2407438664022025e-16,-4.8222689918170887e-19,-9.0228306235362780e-18,9.0080412993407248e-18,8.1929242902077764e-18,2.4867082555930078e-01,7.2627160093925149e-16,-2.2425523541149903e-01,-1.6412929857359591e-18,-6.4584340921593892e-18,9.6130628175859379e-18,-4.7980389522327685e-19,-9.0258958851626949e-18,-4.8222689918170887e-19,9.0228306235362764e-18,-6.4584340921593892e-18,-9.6130628175859379e-18,2.2425523541149900e-01,-1.7212146542517625e-18,-2.4867082555930078e-01,7.1524446856090841e-16,9.0080412993407248e-18,-8.1929242902077764e-18,-4.7980389522327685e-19,9.0258958851626934e-18,-2.4867082555930078e-01,-7.1111667384570797e-16,2.7574476458850095e-01,-2.4909139880335313e-18,4.9999999999999989e-01,1.4438536712286311e+08,1.3787238229425045e-01,0.0000000000000000e+00,-1.2433541277965036e-01,3.6258861535675149e-16,1.1733998054747427e-01,-4.0991510254146657e-02,-1.3011751370138763e-01,4.5455209488266410e-02,-1.2433541277965036e-01,-3.6258861535675149e-16,1.1212761770574950e-01,0.0000000000000000e+00,-1.0581715332136966e-01,3.6966129576632686e-02,1.1733998054747427e-01,-4.0991510254146650e-02,1.1733998054747427e-01,4.0991510254146657e-02,-1.0581715332136966e-01,-3.6966129576632686e-02,1.1212761770574950e-01,0.0000000000000000e+00,-1.2433541277965036e-01,3.5664169510636853e-16,-1.3011751370138763e-01,-4.5455209488266410e-02,1.1733998054747427e-01,4.0991510254146650e-02,-1.2433541277965036e-01,-3.5664169510636853e-16,1.3787238229425045e-01,0.0000000000000000e+00
5.0000000000000000e-01,3.0000000000000004e-01,-5.0000000000000022e-01,3.1415926535897931e+00,1.6677081513186243e-01,9.5552638530122032e+00,True,9.2376044137810683e+08,9.9999999999999989e-01,9.2376044137810683e+08,2.6472570008114293e-01,-2.6096489078665563e-18,-2.4956591332797276e-01,1.0903152475376681e-15,-1.0898033867348613e-18,-4.5290924623537898e-19,2.1834035930404002e-20,1.7637446466202368e-21,-2.4956591332797276e-01,-1.0923227292108674e-15,2.3527429991885701e-01,-1.0838502329026822e-18,-2.0583600244242925e-20,-1.6627349544854425e-21,1.0910538224210223e-18,4.5301025592751454e-19,-1.0898033867348613e-18,4.5290924623537860e-19,-2.0583600244242925e-20,1.6627349544852258e-21,2.3527429991885701e-01,1.0979979107178370e-18,-2.4956591332797276e-01,1.0916248218953485e-15,2.1834035930404002e-20,-1.7637446466201766e-21,1.0910538224210223e-18,-4.5301025592751415e-19,-2.4956591332797276e-01,-1.0896172662778249e-15,2.6472570008114293e-01,2.5280351327985086e-18,0.0000000000000000e+00,0.0000000000000000e+00,-2.6472570008114293e-01,2.6096489078665563e-18,2.4956591332797276e-01,-1.0903152475376681e-15,-2.0658086606437425e-18,-1.2330907273907304e-17,3.3252833415267488e-18,1.3558791508914910e-17,2.4956591332797276e-01,1.0923227292108674e-15,-2.3527429991885701e-01,1.0838502329026822e-18,8.9970825552382605e-19,1.1196071788719923e-17,-2.0233910244690949e-18,-1.2327480794306198e-17,-2.0658086606437425e-18,1.2330907273907304e-17,8.9970825552382605e-19,-1.1196071788719923e-17,2.3527429991885701e-01,1.0979979107178370e-18,-2.4956591332797276e-01,1.0916248218953485e-15,3.3252833415267488e-18,-1.3558791508914913e-17,-2.0233910244690949e-18,1.2327480794306198e-17,-2.4956591332797276e-01,-1.0896172662778249e-15,2.6472570008114293e-01,2.5280351327985086e-18,4.9999999999999989e-01,4.6188022068905324e+08,1.3236285004057147e-01,0.0000000000000000e+00,-1.2478295666398634e-01,5.4593137714349100e-16,1.1806276551961360e-01,-4.0274369611839445e-02,-1.2523560616796861e-01,4.2721217558923635e-02,-1.2478295666398634e-01,-5.4593137714349100e-16,1.1763714995942848e-01,0.0000000000000000e+00,-1.1130073222185421e-01,3.7967659048496361e-02,1.1806276551961360e-01,-4.0274369611839451e-02,1.1806276551961360e-01,4.0274369611839445e-02,-1.1130073222185421e-01,-3.7967659048496361e-02,1.1763714995942848e-01,0.0000000000000000e+00,-1.2478295666398634e-01,5.4542654560119376e-16,-1.2523560616796861e-01,-4.2721217558923635e-02,1.1806276551961360e-01,4.0274369611839451e-02,-1.2478295666398634e-01,-5.4542654560119376e-16,1.3236285004057147e-01,0.0000000000000000e+00
5.0000000000000000e-01,4.0000000000000002e-01,-5.0000000000000022e-01,3.1415926535897931e+00,1.6413586028573898e-01,9.4042920611217866e+00,True,2.3309509177855239e+09,1.0000000000000000e+00,2.3309509177855239e+09,2.5937206932469559e-01,-1.6690814510098645e-18,-2.4982425999176905e-01,1.4361604909673552e-15,-1.7858142472820411e-18,3.9300153380610209e-19,-6.8577702873378537e-19,-1.0962289402236794e-19,-2.4982425999176905e-01,-1.4339019437761972e-15,2.4062793067530447e-01,5.3432743019224421e-19,6.6053810091242446e-19,1.0561224796336922e-19,1.7605753194606801e-18,-3.9701217986510006e-19,-1.7858142472820411e-18,-3.9300153380610195e-19,6.6053810091242446e-19,-1.0561224796336935e-19,2.4062793067530444e-01,-5.3423484409337087e-19,-2.4982425999176905e-01,1.4331625492637304e-15,-6.8577702873378537e-19,1.0962289402236779e-19,1.7605753194606801e-18,3.9701217986509997e-19,-2.4982425999176905e-01,-1.4353707026666539e-15,2.5937206932469559e-01,1.6712854488897036e-18,-2.7755575615628914e-17,0.0000000000000000e+00,-2.5937206932469559e-01,1.6690814510098645e-18,2.4982425999176905e-01,-1.4361604909673552e-15,3.0040618484480027e-18,-5.1518466240427431e-18,-5.7897784049685891e-19,5.0503099898487912e-18,2.4982425999176905e-01,1.4339019437761972e-15,-2.4062793067530447e-01,-5.3432743019224421e-19,-3.9530742828298579e-18,5.4462605470377251e-18,1.6577467188017930e-18,-5.3670817660284816e-18,3.0040618484480027e-18,5.1518466240427438e-18,-3.9530742828298579e-18,-5.4462605470377251e-18,2.4062793067530444e-01,-5.3423484409337087e-19,-2.4982425999176905e-01,1.4331625492637304e-15,-5.7897784049685891e-19,-5.0503099898487905e-18,1.6577467188017930e-18,5.3670817660284816e-18,-2.4982425999176905e-01,-1.4353707026666539e-15,2.5937206932469559e-01,1.6712854488897036e-18,4.9999999999999994e-01,1.1654754588927617e+09,1.2968603466234779e-01,0.0000000000000000e+00,-1.2491212999588452e-01,7.1798444286579734e-16,1.1832590190708997e-01,-3.9903226068709947e-02,-1.2284880722559148e-01,4.1428492392505581e-02,-1.2491212999588452e-01,-7.1798444286579734e-16,1.2031396533765219e-01,0.0000000000000000e+00,-1.1396950942139299e-01,3.8434113123875790e-02,1.1832590190708997e-01,-3.9903226068709954e-02,1.1832590190708997e-01,3.9903226068709947e-02,-1.1396950942139299e-01,-3.8434113123875790e-02,1.2031396533765219e-01,0.0000000000000000e+00,-1.2491212999588452e-01,7.1773489719721875e-16,-1.2284880722559148e-01,-4.1428492392505581e-02,1.1832590190708997e-01,3.9903226068709954e-02,-1.2491212999588452e-01,-7.1773489719721875e-16,1.2968603466234779e-01,0.0000000000000000e+00
5.0000000000000000e-01,5.0000000000000000e-01,-5.0000000000000022e-01,3.1415926535897931e+00,1.6259887722925009e-01,9.3162294188018553e+00,True,5.3773526762123880e+09,1.0000000000000000e+00,5.3773526762123880e+09,2.5621019926563088e-01,1.8225730436093208e-18,-2.4992285196645597e-01,1.4651828045640070e-15,1.0326379868184379e-18,-7.8536562728530740e-21,-8.8260766237110013e-19,-2.7320482364106392e-21,-2.4992285196645597e-01,-1.4644270019994567e-15,2.4378980073436918e-01,2.5381091430584324e-18,8.6095112993133617e-19,2.6650942800122512e-21,-1.0542945192582015e-18,7.7867023164548124e-21,1.0326379868184379e-18,7.8536562728539377e-21,8.6095112993133617e-19,-2.6650942800121308e-21,2.4378980073436918e-01,-2.5256425640213394e-18,-2.4992285196645597e-01,1.4693106929415533e-15,-8.8260766237110013e-19,2.7320482364105189e-21,-1.0542945192582015e-18,-7.7867023164548906e-21,-2.4992285196645597e-01,-1.4645215480075276e-15,2.5621019926563082e-01,-1.8323815692004738e-18,-5.5511151231257827e-17,0.0000000000000000e+00,-2.5621019926563088e-01,-1.8225730436093208e-18,2.4992285196645597e-01,-1.4651828045640070e-15,-4.7033461698125447e-19,1.2377842599168426e-17,3.0613742330516173e-19,-1.2678507982171964e-17,2.4992285196645597e-01,1.4644270019994567e-15,-2.4378980073436918e-01,-2.5381091430584324e-18,2.3270570942874826e-18,-1.2079061372849175e-17,-2.2138934092836906e-18,1.2372445456652006e-17,-4.7033461698125447e-19,-1.2377842599168426e-17,2.3270570942874826e-18,1.2079061372849173e-17,2.4378980073436918e-01,-2.5256425640213394e-18,-2.4992285196645597e-01,1.4693106929415533e-15,3.0613742330516173e-19,1.2678507982171964e-17,-2.2138934092836906e-18,-1.2372445456652003e-17,-2.4992285196645597e-01,-1.4645215480075276e-15,2.5621019926563082e-01,-1.8323815692004738e-18,4.9999999999999989e-01,2.6886763381061935e+09,1.2810509963281541e-01,0.0000000000000000e+00,-1.2496142598322794e-01,7.2589953211165394e-16,1.1845438497707390e-01,-3.9677176897274256e-02,-1.2143482298004180e-01,4.0675496764437456e-02,-1.2496142598322794e-01,-7.2589953211165394e-16,1.2189490036718453e-01,0.0000000000000000e+00,-1.1554709466162588e-01,3.8703358391862425e-02,1.1845438497707389e-01,-3.9677176897274263e-02,1.1845438497707390e-01,3.9677176897274256e-02,-1.1554709466162588e-01,-3.8703358391862425e-02,1.2189490036718453e-01,0.0000000000000000e+00,-1.2496142598322794e-01,7.3161225401599360e-16,-1.2143482298004180e-01,-4.0675496764437456e-02,1.1845438497707389e-01,3.9677176897274263e-02,-1.2496142598322794e-01,-7.3161225401599360e-16,1.2810509963281541e-01,0.0000000000000000e+00
5.0000000000000000e-01,5.9999999999999998e-01,-5.0000000000000022e-01,3.1415926535897931e+00,1.6159188650836145e-01,9.2585331004860993e+00,True,1.2301492402045464e+10,1.0000000000000000e+00,1.2301492402045464e+10,2.5412330152614754e-01,-1.8993979398863176e-18,-2.4996599315323562e-01,1.8214910941883076e-15,7.7455612527517537e-19,-1.4416341354627955e-19,-5.9364896848263951e-21,-9.3888894641151397e-22,-2.4996599315323562e-01,-1.8212820837433863e-15,2.4587669847385249e-01,-1.1694798177649038e-19,5.8393345790537353e-21,9.2353322649354681e-22,-7.7465328038094746e-19,1.4414805782636194e-19,7.7455612527517537e-19,1.4416341354627947e-19,5.8393345790537353e-21,-9.2353322649356036e-22,2.4587669847385252e-01,1.1962769582638580e-19,-2.4996599315323559e-01,1.8203069688439247e-15,-5.9364896848263951e-21,9.3888894641127925e-22,-7.7465328038094746e-19,-1.4414805782636203e-19,-2.4996599315323559e-01,-1.8205158831581796e-15,2.5412330152614754e-01,1.8956306940103509e-18,2.7755575615628914e-17,0.0000000000000000e+00,-2.5412330152614754e-01,1.8993979398863176e-18,2.4996599315323562e-01,-1.8214910941883076e-15,-3.6021598049859593e-18,2.6848853256504378e-18,2.8805081819207111e-18,-2.5820446086124460e-18,2.4996599315323562e-01,1.8212820837433863e-15,-2.4587669847385249e-01,1.1694798177649038e-19,4.3110111028945680e-18,-2.7818343203668695e-18,-3.6139356292498404e-18,2.6830229034775333e-18,-3.6021598049859593e-18,-2.6848853256504378e-18,4.3110111028945680e-18,2.7818343203668695e-18,2.4587669847385252e-01,1.1962769582638580e-19,-2.4996599315323559e-01,1.8203069688439247e-15,2.8805081819207111e-18,2.5820446086124460e-18,-3.6139356292498404e-18,-2.6830229034775325e-18,-2.4996599315323559e-01,-1.8205158831581796e-15,2.5412330152614754e-01,1.8956306940103509e-18,4.9999999999999989e-01,6.1507462010227299e+09,1.2706165076307374e-01,0.0000000000000000e+00,-1.2498299657661778e-01,9.1082346374008209e-16,1.1852824740386744e-01,-3.9525218124878400e-02,-1.2049985253422263e-01,4.0182682691683347e-02,-1.2498299657661778e-01,-9.1082346374008209e-16,1.2293834923692620e-01,0.0000000000000000e+00,-1.1658890024280412e-01,3.8878510515174027e-02,1.1852824740386744e-01,-3.9525218124878400e-02,1.1852824740386744e-01,3.9525218124878400e-02,-1.1658890024280412e-01,-3.8878510515174027e-02,1.2293834923692620e-01,0.0000000000000000e+00,-1.2498299657661778e-01,9.1084244621448842e-16,-1.2049985253422263e-01,-4.0182682691683347e-02,1.1852824740386744e-01,3.9525218124878400e-02,-1.2498299657661778e-01,-9.1084244621448842e-16,1.2706165076307374e-01,0.0000000000000000e+00
1.0000000000000000e+00,1.0000000000000001e-01,-2.1000000000000001e+00,3.1415926535897931e+00,1.2812264497087317e-01,7.3408868168840744e+00,True,3.4442232514241734e+05,1.0000000000000000e+00,3.4442232514241734e+05,3.7786103918896774e-01,9.7573209655898598e-18,-2.1481803226070961e-01,-2.5639782291016471e-16,5.5516649732475131e-18,1.1722010207167563e-18,-2.2863725155106612e-17,6.8101546819075869e-18,-2.1481803226070961e-01,2.5625992618316096e-16,1.2213896081103219e-01,-2.2798593278904929e-18,1.2987606801040308e-17,-3.9036717298418796e-18,-1.5427783327313817e-17,1.7342819313489499e-18,5.5516649732475131e-18,-1.1722010207167555e-18,1.2987606801040308e-17,3.9036717298418789e-18,1.2213896081103218e-01,2.0412391799046770e-18,-2.1481803226070961e-01,-2.6553012169367734e-16,-2.2863725155106612e-17,-6.8101546819075877e-18,-1.5427783327313817e-17,-1.7342819313489470e-18,-2.1481803226070961e-01,2.5687171330666555e-16,3.7786103918896774e-01,-1.0392423681867762e-17,-4.1633363423443370e-17,-1.4551915228366852e-11,-3.7786103918896774e-01,-9.7573209655898598e-18,2.1481803226070961e-01,2.5639782291016471e-16,-3.2510430205024826e-17,6.1521164523332272e-18,7.0305325369217490e-17,-1.9731061914071096e-17,2.1481803226070961e-01,-2.5625992618316096e-16,-1.2213896081103219e-01,2.2798593278904929e-18,3.4642963811273640e-17,-6.6158936585997420e-18,-6.8361762161171736e-17,1.6865942864082691e-17,-3.2510430205024826e-17,-6.1521164523332272e-18,3.4642963811273640e-17,6.6158936585997420e-18,1.2213896081103218e-01,2.0412391799046770e-18,-2.1481803226070961e-01,-2.6553012169367734e-16,7.0305325369217490e-17,1.9731061914071096e-17,-6.8361762161171736e-17,-1.6865942864082691e-17,-2.1481803226070961e-01,2.5687171330666555e-16,3.7786103918896774e-01,-1.0392423681867762e-17,4.9999999999999989e-01,1.7221116257120867e+05,1.8893051959448387e-01,0.0000000000000000e+00,-1.0740901613035478e-01,-1.1955463046102108e-16,8.7739189268091725e-02,6.1061932260727016e-02,-1.5416137897225207e-01,-1.0728833670050025e-01,-1.0740901613035478e-01,1.1955463046102108e-16,6.1069480405516061e-02,0.0000000000000000e+00,-4.9930591362920593e-02,-3.4749105992132483e-02,8.7739189268091725e-02,6.1061932260727023e-02,8.7739189268091725e-02,-6.1061932260727016e-02,-4.9930591362920593e-02,3.4749105992132483e-02,6.1069480405516088e-02,0.0000000000000000e+00,-1.0740901613035481e-01,-1.2552830045580026e-16,-1.5416137897225207e-01,1.0728833670050025e-01,8.7739189268091725e-02,-6.1061932260727023e-02,-1.0740901613035481e-01,1.2552830045580026e-16,1.8893051959448393e-01,0.0000000000000000e+00
1.0000000000000000e+00,1.0000000000000001e-01,-1.8999999999999999e+00,3.1415926535897931e+00,5.0643873675886138e-02,2.9016802198219662e+00,True,3.0498645741291847e+06,1.0000000000000000e+00,3.0498645741291847e+06,3.7877433099227409e-01,8.0914044086194082e-18,-2.1428153870085392e-01,-8.3780917920089194e-16,-3.7246889900018678e-17,-1.4496407681675432e-17,-2.1614783721690940e-17,2.7264120964972565e-18,-2.1428153870085392e-01,8.3498434310482322e-16,1.2122566900772599e-01,-7.3346592404606918e-19,1.2228158364802607e-17,-1.5425647157680455e-18,2.7860264543130344e-17,1.5680255062404651e-17,-3.7246889900018678e-17,1.4496407681675432e-17,1.2228158364802607e-17,1.5425647157680463e-18,1.2122566900772599e-01,-1.2605093605161802e-18,-2.1428153870085392e-01,-8.2400577065850157e-16,-2.1614783721690940e-17,-2.7264120964972572e-18,2.7860264543130344e-17,-1.5680255062404648e-17,-2.1428153870085392e-01,8.2946142260409899e-16,3.7877433099227409e-01,-8.2575344204445366e-18,0.0000000000000000e+00,1.1641532182693481e-10,-3.7877433099227409e-01,-8.0914044086194082e-18,2.1428153870085392e-01,8.3780917920089194e-16,2.4491287016616736e-17,2.0864960654373429e-17,4.4172943308077790e-17,-1.3989456636246994e-17,2.1428153870085392e-01,-8.3498434310482322e-16,-1.2122566900772599e-01,7.3346592404606918e-19,-2.2701924012324554e-17,-2.1508320189996777e-17,-9.3516550698768134e-18,2.5133937466638728e-17,2.4491287016616736e-17,-2.0864960654373429e-17,-2.2701924012324554e-17,2.1508320189996777e-17,1.2122566900772599e-01,-1.2605093605161802e-18,-2.1428153870085392e-01,-8.2400577065850157e-16,4.4172943308077790e-17,1.3989456636246994e-17,-9.3516550698768134e-18,-2.5133937466638731e-17,-2.1428153870085392e-01,8.2946142260409899e-16,3.7877433099227409e-01,-8.2575344204445366e-18,5.0000000000000000e-01,1.5249322870645924e+06,1.8938716549613699e-01,0.0000000000000000e+00,-1.0714076935042696e-01,-4.1158268239001941e-16,8.7558895483101196e-02,6.0936457122673232e-02,-1.5471937556906634e-01,-1.0767667343669118e-01,-1.0714076935042696e-01,4.1158268239001941e-16,6.0612834503862997e-02,0.0000000000000000e+00,-4.9550749107646536e-02,-3.4484755452142121e-02,8.7558895483101223e-02,6.0936457122673246e-02,8.7558895483101196e-02,-6.0936457122673232e-02,-4.9550749107646536e-02,3.4484755452142121e-02,6.0612834503862976e-02,0.0000000000000000e+00,-1.0714076935042695e-01,-3.9892484986206574e-16,-1.5471937556906634e-01,1.0767667343669118e-01,8.7558895483101223e-02,-6.0936457122673246e-02,-1.0714076935042695e-01,3.9892484986206574e-16,1.8938716549613702e-01,0.0000000000000000e+00
1.0000000000000000e+00,1.0000000000000001e-01,-1.7000000000000002e+00,3.1415926535897931e+00,3.0038990596733407e-02,1.7211073820259906e+00,True,1.2578309257952221e+07,1.0000000000000000e+00,1.2578309257952221e+07,3.7973734787833369e-01,-7.1251441609400454e-18,-2.1370086570093005e-01,-1.6714025962782184e-15,-3.1469563138081639e-17,-3.4163467828603808e-17,-7.6152964962421377e-17,1.6777514231330177e-17,-2.1370086570093005e-01,1.6700788965649939e-15,1.2026265212166636e-01,2.2887070924562111e-18,4.2853596722575373e-17,-9.4410379129451724e-18,-1.8298051017643598e-18,4.1499944146988809e-17,-3.1469563138081639e-17,3.4163467828603808e-17,4.2853596722575373e-17,9.4410379129451724e-18,1.2026265212166638e-01,-1.9466770481508797e-18,-2.1370086570093008e-01,-1.5936193853754999e-15,-7.6152964962421377e-17,-1.6777514231330177e-17,-1.8298051017643598e-18,-4.1499944146988797e-17,-2.1370086570093008e-01,1.5946673054941733e-15,3.7973734787833363e-01,5.5874032029176388e-19,-5.5511151231257827e-17,-4.6566128730773926e-10,-3.7973734787833369e-01,7.1251441609400454e-18,2.1370086570093005e-01,1.6714025962782184e-15,9.8019244303860697e-17,-4.0344435726449265e-17,-4.2111679846995850e-17,1.1567673326529234e-16,2.1370086570093005e-01,-1.6700788965649939e-15,-1.2026265212166636e-01,-2.2887070924562111e-18,-3.0021249854978124e-17,-5.9401985942779887e-18,-2.0987317381136074e-17,-1.4125883582173928e-17,9.8019244303860697e-17,4.0344435726449259e-17,-3.0021249854978124e-17,5.9401985942779887e-18,1.2026265212166638e-01,-1.9466770481508797e-18,-2.1370086570093008e-01,-1.5936193853754999e-15,-4.2111679846995850e-17,-1.1567673326529234e-16,-2.0987317381136074e-17,1.4125883582173925e-17,-2.1370086570093008e-01,1.5946673054941733e-15,3.7973734787833363e-01,5.5874032029176388e-19,4.9999999999999994e-01,6.2891546289761104e+06,1.8986867393916690e-01,0.0000000000000000e+00,-1.0685043285046503e-01,-8.3266805018998762e-16,8.7362999410856235e-02,-6.0800123600637183e-02,-1.5526540898194541e-01,1.0805668441636077e-01,-1.0685043285046503e-01,8.3266805018998762e-16,6.0131326060833164e-02,0.0000000000000000e+00,-4.9156260165731436e-02,3.4210211576712467e-02,8.7362999410856207e-02,-6.0800123600637170e-02,8.7362999410856235e-02,6.0800123600637183e-02,-4.9156260165731436e-02,-3.4210211576712467e-02,6.0131326060833136e-02,0.0000000000000000e+00,-1.0685043285046497e-01,-8.3015257156925055e-16,-1.5526540898194541e-01,-1.0805668441636077e-01,8.7362999410856207e-02,6.0800123600637170e-02,-1.0685043285046497e-01,8.3015257156925055e-16,1.8986867393916676e-01,0.0000000000000000e+00
1.0000000000000000e+00,1.0000000000000001e-01,-1.5000000000000000e+00,3.1415926535897931e+00,1.1447169605554723e-01,6.5587450576872097e+00,True,1.3419838638162068e+06,1.0000000000000000e+00,1.3419838638162068e+06,3.8075468533471168e-01,4.9236195600778834e-18,-2.1307630294412466e-01,-1.8021484865322169e-16,5.0574968957587153e-18,-6.1816093686207470e-18,2.7477360148144090e-17,-6.7237345678405580e-18,-2.1307630294412466e-01,1.8337486088084356e-16,1.1924531466528837e-01,-2.3699587474099588e-18,-1.5379127005536669e-17,3.7733020390919771e-18,7.0407362468487097e-18,3.2311768398721677e-18,5.0574968957587153e-18,6.1816093686207462e-18,-1.5379127005536669e-17,-3.7733020390919771e-18,1.1924531466528840e-01,6.2810259185070130e-20,-2.1307630294412469e-01,-1.7735471187174780e-16,2.7477360148144090e-17,6.7237345678405572e-18,7.0407362468487097e-18,-3.2311768398721677e-18,-2.1307630294412469e-01,1.8196733447971580e-16,3.8075468533471163e-01,-5.0568969509645390e-18,-5.5511151231257827e-17,-5.8207660913467407e-11,-3.8075468533471168e-01,-4.9236195600778834e-18,2.1307630294412466e-01,1.8021484865322169e-16,-2.4823718143404450e-17,1.0212853356423477e-17,7.8223498717392801e-18,-4.4337631266556487e-19,2.1307630294412466e-01,-1.8337486088084356e-16,-1.1924531466528837e-01,2.3699587474099588e-18,1.3514684050243641e-18,-5.4114578016612899e-18,1.8032769010276312e-17,-2.8418325050905900e-19,-2.4823718143404450e-17,-1.0212853356423475e-17,1.3514684050243641e-18,5.4114578016612899e-18,1.1924531466528840e-01,6.2810259185070130e-20,-2.1307630294412469e-01,-1.7735471187174780e-16,7.8223498717392801e-18,4.4337631266556487e-19,1.8032769010276312e-17,2.8418325050905871e-19,-2.1307630294412469e-01,1.8196733447971580e-16,3.8075468533471163e-01,-5.0568969509645390e-18,5.0000000000000000e-01,6.7099193190810340e+05,1.9037734266735584e-01,0.0000000000000000e+00,-1.0653815147206232e-01,-8.8968485736547442e-17,8.7150040064851220e-02,-6.0651914923664403e-02,-1.5580476381942943e-01,1.0843204745339984e-01,-1.0653815147206232e-01,8.8968485736547442e-17,5.9622657332644172e-02,0.0000000000000000e+00,-4.8745911332982395e-02,3.3924630038546039e-02,8.7150040064851192e-02,-6.0651914923664389e-02,8.7150040064851220e-02,6.0651914923664403e-02,-4.8745911332982395e-02,-3.3924630038546039e-02,5.9622657332644199e-02,0.0000000000000000e+00,-1.0653815147206233e-01,-8.8853325599980423e-17,-1.5580476381942943e-01,-1.0843204745339984e-01,8.7150040064851192e-02,6.0651914923664389e-02,-1.0653815147206233e-01,8.8853325599980423e-17,1.9037734266735579e-01,0.0000000000000000e+00
1.0000000000000000e+00,2.0000000000000001e-01,-1.3000000000000000e+00,3.1415926535897931e+00,6.3556190272633692e-02,3.6415014645523276e+00,True,1.7114896342748389e+07,1.0000000000000000e+00,1.7114896342748389e+07,3.0267529762396639e-01,-6.4731468149158213e-18,-2.4438726781493075e-01,-4.5566394289170047e-16,8.7581465804995276e-18,-5.3093381452962987e-19,5.1302839608790978e-18,4.3278411782765929e-19,-2.4438726781493075e-01,4.5641450779192846e-16,1.9732470237603364e-01,3.2462461101597485e-18,-4.1422520860975297e-18,-3.4944880661500328e-19,-7.7701147057179619e-18,6.1426912574228684e-19,8.7581465804995276e-18,5.3093381452963016e-19,-4.1422520860975297e-18,3.4944880661500352e-19,1.9732470237603364e-01,-3.2063568174139445e-18,-2.4438726781493075e-01,-4.5475907779710029e-16,5.1302839608790978e-18,-4.3278411782765967e-19,-7.7701147057179619e-18,-6.1426912574228733e-19,-2.4438726781493075e-01,4.5398330254210085e-16,3.0267529762396639e-01,6.4710069670178705e-18,2.7755575615628914e-17,9.3132257461547852e-10,-3.0267529762396639e-01,6.4731468149158213e-18,2.4438726781493075e-01,4.5566394289170047e-16,-1.0620705933488057e-17,1.3611600845283489e-17,-2.8202544380838362e-18,-1.6621872845278275e-17,2.4438726781493075e-01,-4.5641450779192846e-16,-1.9732470237603364e-01,-3.2462461101597485e-18,1.1496604825168551e-17,-1.1767864776552450e-17,-1.3481698865114315e-18,1.4393833769726149e-17,-1.0620705933488057e-17,-1.3611600845283489e-17,1.1496604825168551e-17,1.1767864776552450e-17,1.9732470237603364e-01,-3.2063568174139445e-18,-2.4438726781493075e-01,-4.5475907779710029e-16,-2.8202544380838362e-18,1.6621872845278269e-17,-1.3481698865114315e-18,-1.4393833769726149e-17,-2.4438726781493075e-01,4.5398330254210085e-16,3.0267529762396639e-01,6.4710069670178705e-18,4.9999999999999989e-01,8.5574481713741943e+06,1.5133764881198317e-01,0.0000000000000000e+00,-1.2219363390746535e-01,-2.2413763167789813e-16,1.0666136078109359e-01,5.9113782888421444e-02,-1.3208600576988333e-01,-7.3204611402855238e-02,-1.2219363390746535e-01,2.2413763167789813e-16,9.8662351188016792e-02,0.0000000000000000e+00,-8.6130338133525108e-02,-4.7735094238868986e-02,1.0666136078109359e-01,5.9113782888421451e-02,1.0666136078109359e-01,-5.9113782888421444e-02,-8.6130338133525108e-02,4.7735094238868986e-02,9.8662351188016792e-02,0.0000000000000000e+00,-1.2219363390746535e-01,-2.2750499775148352e-16,-1.3208600576988333e-01,7.3204611402855238e-02,1.0666136078109359e-01,-5.9113782888421451e-02,-1.2219363390746535e-01,2.2750499775148352e-16,1.5133764881198317e-01,0.0000000000000000e+00
1.0000000000000000e+00,2.0000000000000001e-01,-1.1000000000000001e+00,3.1415926535897931e+00,1.5380132191803156e-01,8.8121666294361312e+00,True,8.8738105793827586e+06,1.0000000000000000e+00,8.8738105793827586e+06,3.0395030280449264e-01,2.5710500589370118e-18,-2.4410850702062301e-01,1.5466167489786078e-16,4.1221432292189169e-18,-3.1409786943284763e-18,-5.3777021730314250e-18,-3.1484455830220415e-20,-2.4410850702062301e-01,-1.5719408192972442e-16,1.9604969719550741e-01,1.6085738609293943e-19,4.3187919522370404e-18,2.5220146428082862e-20,-5.1810534500133030e-18,3.1347143849263393e-18,4.1221432292189169e-18,3.1409786943284767e-18,4.3187919522370404e-18,-2.5220146428082766e-20,1.9604969719550741e-01,-2.1463455490457158e-19,-2.4410850702062303e-01,1.5971899745723624e-16,-5.3777021730314250e-18,3.1484455830220223e-20,-5.1810534500133030e-18,-3.1347143849263389e-18,-2.4410850702062303e-01,-1.5727859689842973e-16,3.0395030280449259e-01,-2.8211650937466698e-18,-4.1633363423443370e-17,0.0000000000000000e+00,-3.0395030280449264e-01,-2.5710500589370118e-18,2.4410850702062301e-01,-1.5466167489786078e-16,1.0539692093442561e-19,5.1521852381504596e-18,1.1776278251400131e-19,-2.4661238594019088e-18,2.4410850702062301e-01,1.5719408192972442e-16,-1.9604969719550741e-01,-1.6085738609293943e-19,7.5399562701940720e-18,-6.6365044204598592e-18,-9.5910972043340408e-18,5.0954806358921561e-18,1.0539692093442561e-19,-5.1521852381504596e-18,7.5399562701940720e-18,6.6365044204598592e-18,1.9604969719550741e-01,-2.1463455490457158e-19,-2.4410850702062303e-01,1.5971899745723624e-16,1.1776278251400131e-19,2.4661238594019088e-18,-9.5910972043340408e-18,-5.0954806358921569e-18,-2.4410850702062303e-01,-1.5727859689842973e-16,3.0395030280449259e-01,-2.8211650937466698e-18,4.9999999999999994e-01,4.4369052896913793e+06,1.5197515140224629e-01,0.0000000000000000e+00,-1.2205425351031149e-01,8.3152650252964417e-17,1.0657379080242774e-01,-5.9065249917639256e-02,-1.3271894788843910e-01,7.3555400129937332e-02,-1.2205425351031149e-01,-8.3152650252964417e-17,9.8024848597753692e-02,0.0000000000000000e+00,-8.5578560336350626e-02,4.7429288343782607e-02,1.0657379080242774e-01,-5.9065249917639256e-02,1.0657379080242774e-01,5.9065249917639256e-02,-8.5578560336350626e-02,-4.7429288343782607e-02,9.8024848597753692e-02,0.0000000000000000e+00,-1.2205425351031149e-01,8.4386157633639844e-17,-1.3271894788843910e-01,-7.3555400129937332e-02,1.0657379080242774e-01,5.9065249917639256e-02,-1.2205425351031149e-01,-8.4386157633639844e-17,1.5197515140224629e-01,0.0000000000000000e+00
1.0000000000000000e+00,3.0000000000000004e-01,-1.1000000000000001e+00,3.1415926535897931e+00,5.3128125120246152e-02,3.0440173428330737e+00,True,1.4724204771696752e+08,1.0000000000000000e+00,1.4724204771696752e+08,2.8003368082414282e-01,-1.7160400692417127e-18,-2.4818934992345396e-01,-3.2155252840612957e-16,4.8682008262104924e-18,-7.2651633769478690e-20,-9.9504188524406069e-18,1.3085907648613964e-18,-2.4818934992345396e-01,3.2012036207597986e-16,2.1996631917585718e-01,-2.1715431255545722e-18,8.8188197394939216e-18,-1.1597803279479506e-18,-5.9997999391571816e-18,2.2146207068292540e-19,4.8682008262104924e-18,7.2651633769478690e-20,8.8188197394939216e-18,1.1597803279479508e-18,2.1996631917585718e-01,8.4842453925725968e-19,-2.4818934992345396e-01,-3.4926738548317211e-16,-9.9504188524406069e-18,-1.3085907648613964e-18,-5.9997999391571816e-18,-2.2146207068292521e-19,-2.4818934992345396e-01,3.4923933024741153e-16,2.8003368082414282e-01,1.6027935371864603e-18,-2.7755575615628914e-17,-7.4505805969238281e-09,-2.8003368082414282e-01,1.7160400692417127e-18,2.4818934992345396e-01,3.2155252840612957e-16,1.0393515427920873e-17,-1.8197843072694529e-18,-7.2679471337179784e-18,8.2520152476090870e-19,2.4818934992345396e-01,-3.2012036207597986e-16,-2.1996631917585718e-01,2.1715431255545722e-18,3.9204797540177860e-18,3.8946025254454488e-19,-8.3757231640136566e-18,6.4858678553989447e-19,1.0393515427920873e-17,1.8197843072694529e-18,3.9204797540177860e-18,-3.8946025254454493e-19,2.1996631917585718e-01,8.4842453925725968e-19,-2.4818934992345396e-01,-3.4926738548317211e-16,-7.2679471337179784e-18,-8.2520152476090850e-19,-8.3757231640136566e-18,-6.4858678553989456e-19,-2.4818934992345396e-01,3.4923933024741153e-16,2.8003368082414282e-01,1.6027935371864603e-18,4.9999999999999989e-01,7.3621023858483747e+07,1.4001684041207135e-01,0.0000000000000000e+00,-1.2409467496172694e-01,-1.6131310775191732e-16,1.0978682936049734e-01,-5.7436290431059384e-02,-1.2387749985114220e-01,6.4807992914711010e-02,-1.2409467496172694e-01,1.6131310775191732e-16,1.0998315958792856e-01,0.0000000000000000e+00,-9.7298888907483894e-02,5.0903075300218599e-02,1.0978682936049734e-01,-5.7436290431059370e-02,1.0978682936049734e-01,5.7436290431059384e-02,-9.7298888907483894e-02,-5.0903075300218599e-02,1.0998315958792859e-01,0.0000000000000000e+00,-1.2409467496172695e-01,-1.7183776707606312e-16,-1.2387749985114220e-01,-6.4807992914711010e-02,1.0978682936049734e-01,5.7436290431059370e-02,-1.2409467496172695e-01,1.7183776707606312e-16,1.4001684041207135e-01,0.0000000000000000e+00
1.0000000000000000e+00,4.0000000000000002e-01,-1.1000000000000001e+00,3.1415926535897931e+00,6.6115801937209132e-02,3.7881564101249556e+00,True,1.4730814346099210e+08,9.9999999999999978e-01,1.4730814346099210e+08,2.6868837072965390e-01,-1.1171383224436580e-18,-2.4930046149863772e-01,-1.3040206104188028e-16,-9.0694650686579923e-18,1.1472140837288094e-18,4.3672880497047378e-18,-5.9317736946649630e-19,-2.4930046149863772e-01,1.2965229893771209e-16,2.3131162927034604e-01,2.5988456389355925e-18,-4.0522073430646610e-18,5.5038815192714627e-19,9.3845457752980682e-18,-1.1900033012681615e-18,-9.0694650686579923e-18,-1.1472140837288079e-18,-4.0522073430646610e-18,-5.5038815192714704e-19,2.3131162927034604e-01,-2.6219142291483573e-18,-2.4930046149863774e-01,-1.3841075323440616e-16,4.3672880497047378e-18,5.9317736946649533e-19,9.3845457752980682e-18,1.1900033012681603e-18,-2.4930046149863774e-01,1.3284619600967197e-16,2.6868837072965390e-01,1.0819981265382844e-18,0.0000000000000000e+00,-7.4505805969238281e-09,-2.6868837072965390e-01,1.1171383224436580e-18,2.4930046149863772e-01,1.3040206104188028e-16,-9.3033952909757740e-19,-2.8234592224472269e-17,6.4108643922633294e-18,2.9785970106317999e-17,2.4930046149863772e-01,-1.2965229893771209e-16,-2.3131162927034604e-01,-2.5988456389355925e-18,-1.1605029523066407e-17,2.7811479511151766e-17,7.4891558636718210e-18,-2.9378157745865913e-17,-9.3033952909757740e-19,2.8234592224472269e-17,-1.1605029523066407e-17,-2.7811479511151766e-17,2.3131162927034604e-01,-2.6219142291483573e-18,-2.4930046149863774e-01,-1.3841075323440616e-16,6.4108643922633294e-18,-2.9785970106317999e-17,7.4891558636718210e-18,2.9378157745865913e-17,-2.4930046149863774e-01,1.3284619600967197e-16,2.6868837072965390e-01,1.0819981265382844e-18,4.9999999999999989e-01,7.3654071730496049e+07,1.3434418536482692e-01,0.0000000000000000e+00,-1.2465023074931886e-01,-6.9005561962666479e-17,1.1090349905537676e-01,5.6501298127828281e-02,-1.1952424568138294e-01,-6.0893254913224587e-02,-1.2465023074931886e-01,6.9005561962666479e-17,1.1565581463517301e-01,0.0000000000000000e+00,-1.0290448731862378e-01,-5.2426092649950497e-02,1.1090349905537676e-01,5.6501298127828274e-02,1.1090349905537676e-01,-5.6501298127828281e-02,-1.0290448731862378e-01,5.2426092649950497e-02,1.1565581463517301e-01,0.0000000000000000e+00,-1.2465023074931886e-01,-6.7216762189852767e-17,-1.1952424568138294e-01,6.0893254913224587e-02,1.1090349905537676e-01,-5.6501298127828274e-02,-1.2465023074931886e-01,6.7216762189852767e-17,1.3434418536482695e-01,0.0000000000000000e+00
1.5000000000000000e+00,2.0000000000000001e-01,-2.2999999999999998e+00,3.1415926535897931e+00,1.0281997410210859e-01,5.8911505656952485e+00,True,9.0774061145230429e+05,1.0000000000000000e+00,9.0774061145230429e+05,3.3159179353285806e-01,7.1896278389407851e-19,-2.3630692356875904e-01,-2.0135495191059895e-16,-2.0474242096428730e-17,-8.6952090626278706e-18,1.2981234424353198e-18,4.2264905296525341e-19,-2.3630692356875904e-01,1.9713225292131281e-16,1.6840820646714191e-01,1.4942836690150692e-18,-9.2410780364154665e-19,-3.0065917740907047e-19,2.0848257735222497e-17,8.8171989381840522e-18,-2.0474242096428730e-17,8.6952090626278706e-18,-9.2410780364154665e-19,3.0065917740907008e-19,1.6840820646714191e-01,-1.5155250142711354e-18,-2.3630692356875904e-01,-1.9536186189319438e-16,1.2981234424353198e-18,-4.2264905296525370e-19,2.0848257735222497e-17,-8.8171989381840506e-18,-2.3630692356875904e-01,1.9952984879488972e-16,3.3159179353285806e-01,-7.3832847683115397e-19,0.0000000000000000e+00,-2.9103830456733704e-11,-3.3159179353285806e-01,-7.1896278389407851e-19,2.3630692356875904e-01,2.0135495191059895e-16,7.6896308142935053e-18,-7.7133946011729138e-19,1.6617775963004563e-17,1.2853581006187157e-17,2.3630692356875904e-01,-1.9713225292131281e-16,-1.6840820646714191e-01,-1.4942836690150692e-18,-2.0997372897155022e-17,-5.9638430409209789e-18,9.9118620603703669e-18,-4.8031229742968034e-20,7.6896308142935053e-18,7.7133946011729109e-19,-2.0997372897155022e-17,5.9638430409209804e-18,1.6840820646714191e-01,-1.5155250142711354e-18,-2.3630692356875904e-01,-1.9536186189319438e-16,1.6617775963004563e-17,-1.2853581006187157e-17,9.9118620603703669e-18,4.8031229742968516e-20,-2.3630692356875904e-01,1.9952984879488972e-16,3.3159179353285806e-01,-7.3832847683115397e-19,4.9999999999999983e-01,4.5387030572615203e+05,1.6579589676642900e-01,0.0000000000000000e+00,-1.1815346178437949e-01,-1.0487952121711244e-16,9.2310315719382280e-02,7.2537199765772775e-02,-1.2944422414544743e-01,-1.0171692591657225e-01,-1.1815346178437949e-01,1.0487952121711244e-16,8.4204103233570943e-02,0.0000000000000000e+00,-6.5826933006802826e-02,-5.1726628300113250e-02,9.2310315719382280e-02,7.2537199765772775e-02,9.2310315719382280e-02,-7.2537199765772775e-02,-6.5826933006802826e-02,5.1726628300113250e-02,8.4204103233570943e-02,0.0000000000000000e+00,-1.1815346178437949e-01,-1.0067120957506914e-16,-1.2944422414544743e-01,1.0171692591657225e-01,9.2310315719382280e-02,-7.2537199765772775e-02,-1.1815346178437949e-01,1.0067120957506914e-16,1.6579589676642900e-01,0.0000000000000000e+00
1.5000000000000000e+00,2.0000000000000001e-01,-2.1000000000000001e+00,3.1415926535897931e+00,8.4021935031039739e-03,4.8141022638009806e-01,True,2.0280649280091375e+08,1.0000000000000000e+00,2.0280649280091375e+08,3.3274960694355382e-01,-5.6487689108156203e-19,-2.3590780752940210e-01,-4.7738002847254681e-15,-2.0859776991044016e-16,-2.6514682062887538e-17,-3.5489202536495658e-17,1.3910873249417605e-19,-2.3590780752940210e-01,4.7682527618284419e-15,1.6725039305644623e-01,3.6447265570153839e-18,2.5160601758384145e-17,-9.8606856921350225e-20,1.9826916913232870e-16,2.6555183938460333e-17,-2.0859776991044016e-16,2.6514682062887538e-17,2.5160601758384145e-17,9.8606856921356388e-20,1.6725039305644623e-01,-3.6402523152528303e-18,-2.3590780752940213e-01,-4.7689573672677295e-15,-3.5489202536495658e-17,-1.3910873249416681e-19,1.9826916913232870e-16,-2.6555183938460339e-17,-2.3590780752940213e-01,4.7744591038834463e-15,3.3274960694355382e-01,6.4122113681340843e-19,0.0000000000000000e+00,-7.4505805969238281e-09,-3.3274960694355382e-01,5.6487689108156203e-19,2.3590780752940210e-01,4.7738002847254681e-15,2.3900805104242912e-16,-6.3344101916659237e-17,-7.4080097244991719e-18,1.2660266138318565e-16,2.3590780752940210e-01,-4.7682527618284419e-15,-1.6725039305644623e-01,-3.6447265570153839e-18,-2.9217449184755193e-16,2.6017805566298274e-17,1.7835824674754934e-16,-6.3106386327243696e-17,2.3900805104242912e-16,6.3344101916659237e-17,-2.9217449184755193e-16,-2.6017805566298283e-17,1.6725039305644623e-01,-3.6402523152528303e-18,-2.3590780752940213e-01,-4.7689573672677295e-15,-7.4080097244991719e-18,-1.2660266138318565e-16,1.7835824674754934e-16,6.3106386327243696e-17,-2.3590780752940213e-01,4.7744591038834463e-15,3.3274960694355382e-01,6.4122113681340843e-19,4.9999999999999989e-01,1.0140324640045688e+08,1.6637480347177691e-01,0.0000000000000000e+00,-1.1795390376470113e-01,-2.3225699840108877e-15,9.2207432881227902e-02,-7.2456354706088660e-02,-1.3006481904664940e-01,1.0220458773389682e-01,-1.1795390376470113e-01,2.3225699840108877e-15,8.3625196528223214e-02,0.0000000000000000e+00,-6.5369016610301048e-02,5.1366798817675675e-02,9.2207432881228096e-02,-7.2456354706088633e-02,9.2207432881227902e-02,7.2456354706088660e-02,-6.5369016610301048e-02,-5.1366798817675675e-02,8.3625196528222978e-02,0.0000000000000000e+00,-1.1795390376470093e-01,-2.4685040276748087e-15,-1.3006481904664940e-01,-1.0220458773389682e-01,9.2207432881228096e-02,7.2456354706088633e-02,-1.1795390376470093e-01,2.4685040276748087e-15,1.6637480347177680e-01,0.0000000000000000e+00
1.5000000000000000e+00,2.0000000000000001e-01,-1.8999999999999999e+00,3.1415926535897931e+00,1.2271391302820532e-01,7.0309893040516123e+00,True,1.5247806713969125e+06,1.0000000000000000e+00,1.5247806713969125e+06,3.3396086620665222e-01,5.3241420645347797e-18,-2.3547667963523550e-01,-1.2171388200644385e-16,2.2761393785648008e-18,-1.9002426555247253e-18,-2.3455421088243130e-17,-2.2708544089689666e-18,-2.3547667963523550e-01,1.2346841665617087e-16,1.6603913379334775e-01,-1.7089994100355993e-18,1.6541206103059642e-17,1.6004603124029600e-18,-9.1903543637482879e-18,1.2298485589587180e-18,2.2761393785648008e-18,1.9002426555247257e-18,1.6541206103059642e-17,-1.6004603124029596e-18,1.6603913379334775e-01,1.7631192219257517e-18,-2.3547667963523550e-01,-1.2371920322296867e-16,-2.3455421088243130e-17,2.2708544089689670e-18,-9.1903543637482879e-18,-1.2298485589587180e-18,-2.3547667963523550e-01,1.2168035196103216e-16,3.3396086620665222e-01,-5.3130265432349705e-18,0.0000000000000000e+00,0.0000000000000000e+00,-3.3396086620665222e-01,-5.3241420645347797e-18,2.3547667963523550e-01,1.2171388200644385e-16,1.5689788198105953e-17,9.6355522508756637e-18,-2.0251368672751231e-18,-8.6848918828801802e-18,2.3547667963523550e-01,-1.2346841665617087e-16,-1.6603913379334775e-01,1.7089994100355993e-18,7.0850032754698188e-18,-6.5582021482000366e-18,-2.4306838993196819e-17,5.7642375295037390e-18,1.5689788198105953e-17,-9.6355522508756653e-18,7.0850032754698188e-18,6.5582021482000366e-18,1.6603913379334775e-01,1.7631192219257517e-18,-2.3547667963523550e-01,-1.2371920322296867e-16,-2.0251368672751231e-18,8.6848918828801802e-18,-2.4306838993196819e-17,-5.7642375295037390e-18,-2.3547667963523550e-01,1.2168035196103216e-16,3.3396086620665222e-01,-5.3130265432349705e-18,4.9999999999999989e-01,7.6239033569845604e+05,1.6698043310332605e-01,0.0000000000000000e+00,-1.1773833981761769e-01,-7.1042941869564482e-17,9.2093034770820786e-02,-7.2366460976198255e-02,-1.3067127461499994e-01,1.0268113890120846e-01,-1.1773833981761769e-01,7.1042941869564482e-17,8.3019566896673835e-02,0.0000000000000000e+00,-6.4902765526980100e-02,5.1000419960573494e-02,9.2093034770820786e-02,-7.2366460976198255e-02,9.2093034770820786e-02,7.2366460976198255e-02,-6.4902765526980100e-02,-5.1000419960573494e-02,8.3019566896673863e-02,0.0000000000000000e+00,-1.1773833981761769e-01,-6.6082989670788287e-17,-1.3067127461499994e-01,-1.0268113890120846e-01,9.2093034770820786e-02,7.2366460976198255e-02,-1.1773833981761769e-01,6.6082989670788287e-17,1.6698043310332605e-01,0.0000000000000000e+00
1.5000000000000000e+00,3.0000000000000004e-01,-1.8999999999999999e+00,3.1415926535897931e+00,9.6337448907048970e-02,5.5197292314311115e+00,True,4.1888400909754019e+06,1.0000000000000000e+00,4.1888400909754019e+06,2.9534257284999171e-01,5.4690038508398353e-18,-2.4585270991016797e-01,-2.5921004951500044e-16,5.8516438504186694e-18,-1.3422153503110966e-19,-2.1236124061833649e-17,1.7152539654828501e-18,-2.4585270991016797e-01,2.5548538833677787e-16,2.0465742715000823e-01,3.3026023382624436e-18,1.7677825602103006e-17,-1.4247934314466065e-18,-9.4099423101493137e-18,4.2468206906735075e-19,5.8516438504186694e-18,1.3422153503110947e-19,1.7677825602103006e-17,1.4247934314466070e-18,2.0465742715000829e-01,-3.3208594118522028e-18,-2.4585270991016800e-01,-2.5817741824089921e-16,-2.1236124061833649e-17,-1.7152539654828501e-18,-9.4099423101493137e-18,-4.2468206906735114e-19,-2.4585270991016800e-01,2.6177771490646787e-16,2.9534257284999166e-01,-5.5664430757863923e-18,1.3877787807814457e-17,0.0000000000000000e+00,-2.9534257284999171e-01,-5.4690038508398353e-18,2.4585270991016797e-01,2.5921004951500044e-16,1.5398870197592242e-17,-8.3532166540591622e-18,-4.2910744459034832e-18,8.4652950357804150e-18,2.4585270991016797e-01,-2.5548538833677787e-16,-2.0465742715000823e-01,-3.3026023382624436e-18,9.7311079910704872e-18,5.4218706321279186e-18,-2.3515079466344410e-17,-5.2131692571297049e-18,1.5398870197592242e-17,8.3532166540591622e-18,9.7311079910704872e-18,-5.4218706321279186e-18,2.0465742715000829e-01,-3.3208594118522028e-18,-2.4585270991016800e-01,-2.5817741824089921e-16,-4.2910744459034832e-18,-8.4652950357804150e-18,-2.3515079466344410e-17,5.2131692571297049e-18,-2.4585270991016800e-01,2.6177771490646787e-16,2.9534257284999166e-01,-5.5664430757863923e-18,4.9999999999999989e-01,2.0944200454877010e+06,1.4767128642499583e-01,0.0000000000000000e+00,-1.2292635495508394e-01,-1.2905137760221566e-16,1.0004356482348489e-01,7.0489608294048822e-02,-1.2014879326376016e-01,-8.4655533707821251e-02,-1.2292635495508394e-01,1.2905137760221566e-16,1.0232871357500409e-01,0.0000000000000000e+00,-8.3301982361277976e-02,-5.8693671273355306e-02,1.0004356482348488e-01,7.0489608294048822e-02,1.0004356482348489e-01,-7.0489608294048822e-02,-8.3301982361277976e-02,5.8693671273355306e-02,1.0232871357500412e-01,0.0000000000000000e+00,-1.2292635495508397e-01,-1.3960093980416402e-16,-1.2014879326376016e-01,8.4655533707821251e-02,1.0004356482348488e-01,-7.0489608294048822e-02,-1.2292635495508397e-01,1.3960093980416402e-16,1.4767128642499583e-01,0.0000000000000000e+00
1.5000000000000000e+00,3.0000000000000004e-01,-1.7000000000000002e+00,3.1415926535897931e+00,1.1062385488971280e-01,6.3382799986481979e+00,True,6.9576714078677054e+06,1.0000000000000000e+00,6.9576714078677054e+06,2.9662372113592039e-01,2.7599526908796625e-18,-2.4561330375119750e-01,-7.9741564526247122e-17,-9.0678937972671639e-18,-2.7657236564137864e-18,1.2917134705244155e-19,2.7045022038139446e-20,-2.4561330375119750e-01,7.9545426136989257e-17,2.0337627886407961e-01,3.7778419893835249e-18,-1.0641337551540359e-19,-2.2516546500661293e-20,9.0906517688041981e-18,2.7702521319512654e-18,-9.0678937972671639e-18,2.7657236564137856e-18,-1.0641337551540359e-19,2.2516546500661197e-20,2.0337627886407963e-01,-3.7956314666230587e-18,-2.4561330375119750e-01,-7.9585289578381111e-17,1.2917134705244155e-19,-2.7045022038139542e-20,9.0906517688041981e-18,-2.7702521319512654e-18,-2.4561330375119750e-01,7.9772332029573349e-17,2.9662372113592039e-01,-2.7470991174264473e-18,1.3877787807814457e-17,0.0000000000000000e+00,-2.9662372113592039e-01,-2.7599526908796625e-18,2.4561330375119750e-01,7.9741564526247122e-17,1.5968741624121131e-18,-4.0258987189405352e-18,8.8938427536165220e-18,8.1771136856160511e-18,2.4561330375119750e-01,-7.9545426136989257e-17,-2.0337627886407961e-01,-3.7778419893835249e-18,-8.9381152406807433e-18,1.0238583473306035e-18,1.8324588849799590e-18,-3.9763371504017340e-18,1.5968741624121131e-18,4.0258987189405352e-18,-8.9381152406807433e-18,-1.0238583473306035e-18,2.0337627886407963e-01,-3.7956314666230587e-18,-2.4561330375119750e-01,-7.9585289578381111e-17,8.8938427536165220e-18,-8.1771136856160511e-18,1.8324588849799590e-18,3.9763371504017340e-18,-2.4561330375119750e-01,7.9772332029573349e-17,2.9662372113592039e-01,-2.7470991174264473e-18,4.9999999999999994e-01,3.4788357039338527e+06,1.4831186056796017e-01,0.0000000000000000e+00,-1.2280665187559874e-01,-3.1777558003043162e-17,9.9994675351894394e-02,-7.0455161303797920e-02,-1.2078673606537571e-01,8.5105021271355968e-02,-1.2280665187559874e-01,3.1777558003043162e-17,1.0168813943203980e-01,0.0000000000000000e+00,-8.2781273320704118e-02,5.8326785343510802e-02,9.9994675351894408e-02,-7.0455161303797920e-02,9.9994675351894394e-02,7.0455161303797920e-02,-8.2781273320704118e-02,-5.8326785343510802e-02,1.0168813943203982e-01,0.0000000000000000e+00,-1.2280665187559874e-01,-3.5136659858523245e-17,-1.2078673606537571e-01,-8.5105021271355968e-02,9.9994675351894408e-02,7.0455161303797920e-02,-1.2280665187559874e-01,3.5136659858523245e-17,1.4831186056796017e-01,0.0000000000000000e+00
1.5000000000000000e+00,4.0000000000000002e-01,-1.7000000000000002e+00,3.1415926535897931e+00,2.7293232659945738e-02,1.5637870406835084e+00,True,1.8394436350297320e+08,1.0000000000000004e+00,1.8394436350297320e+08,2.7862706744982968e-01,2.9410788586087625e-18,-2.4835554805959392e-01,-9.4935294346212316e-16,9.0074464387574615e-18,-1.1229428870457736e-20,-1.5182803344588796e-17,8.6022869792105826e-19,-2.4835554805959392e-01,9.5284213418651631e-16,2.2137293255017049e-01,-4.0349111320288849e-18,1.3533257837064010e-17,-7.6678239027797967e-19,-1.0656991946282247e-17,1.0467573651353815e-19,9.0074464387574615e-18,1.1229428870457736e-20,1.3533257837064010e-17,7.6678239027797967e-19,2.2137293255017049e-01,4.0436446214232297e-18,-2.4835554805959395e-01,-9.3852294797504531e-16,-1.5182803344588796e-17,-8.6022869792105826e-19,-1.0656991946282247e-17,-1.0467573651353825e-19,-2.4835554805959395e-01,9.3787482684049879e-16,2.7862706744982968e-01,2.7385677046468387e-18,2.7755575615628914e-17,1.4901161193847656e-08,-2.7862706744982968e-01,-2.9410788586087625e-18,2.4835554805959392e-01,9.4935294346212316e-16,3.2936927232671461e-18,6.6627770721616084e-18,1.3832567943070205e-18,-8.3258176009028401e-18,2.4835554805959392e-01,-9.5284213418651631e-16,-2.2137293255017049e-01,4.0349111320288849e-18,1.8625414605064565e-17,-6.7176829886112073e-18,-2.5422368458385657e-17,8.2897881603606479e-18,3.2936927232671461e-18,-6.6627770721616084e-18,1.8625414605064565e-17,6.7176829886112073e-18,2.2137293255017049e-01,4.0436446214232297e-18,-2.4835554805959395e-01,-9.3852294797504531e-16,1.3832567943070205e-18,8.3258176009028401e-18,-2.5422368458385657e-17,-8.2897881603606479e-18,-2.4835554805959395e-01,9.3787482684049879e-16,2.7862706744982968e-01,2.7385677046468387e-18,5.0000000000000000e-01,9.1972181751486599e+07,1.3931353372491481e-01,0.0000000000000000e+00,-1.2417777402979693e-01,-4.7673122928238037e-16,1.0267481964371793e-01,6.9031166236747682e-02,-1.1518512057924910e-01,-7.7442193074186066e-02,-1.2417777402979693e-01,4.7673122928238037e-16,1.1068646627508520e-01,0.0000000000000000e+00,-9.1523248454148901e-02,-6.1533651585547446e-02,1.0267481964371793e-01,6.9031166236747682e-02,1.0267481964371793e-01,-6.9031166236747682e-02,-9.1523248454148901e-02,6.1533651585547446e-02,1.1068646627508520e-01,0.0000000000000000e+00,-1.2417777402979695e-01,-4.7246757183447356e-16,-1.1518512057924910e-01,7.7442193074186066e-02,1.0267481964371793e-01,-6.9031166236747682e-02,-1.2417777402979695e-01,4.7246757183447356e-16,1.3931353372491484e-01,0.0000000000000000e+00
2.0000000000000000e+00,3.0000000000000004e-01,-2.5000000000000000e+00,3.1415926535897931e+00,5.6141855421807441e-02,3.2166913697032244e+00,True,5.5839104271982629e+06,1.0000000000000000e+00,5.5839104271982629e+06,3.1325254897895022e-01,-3.6654734959630830e-18,-2.4186532793622112e-01,-3.5410943495049055e-16,1.6614982507843043e-17,1.1020131949973737e-17,9.4327669024867468e-18,4.2832660414880060e-18,-2.4186532793622112e-01,3.5087324678826280e-16,1.8674745102104984e-01,-4.6881975150173493e-18,-7.2828313006199363e-18,-3.3066952408710831e-18,-1.4465046905976228e-17,-1.0043561149356819e-17,1.6614982507843043e-17,-1.1020131949973740e-17,-7.2828313006199363e-18,3.3066952408710827e-18,1.8674745102104984e-01,4.6614081597856449e-18,-2.4186532793622117e-01,-3.6224233430390866e-16,9.4327669024867468e-18,-4.2832660414880060e-18,-1.4465046905976228e-17,1.0043561149356818e-17,-2.4186532793622117e-01,3.5511849024052489e-16,3.1325254897895022e-01,3.5239858412449612e-18,1.3877787807814457e-17,2.3283064365386963e-10,-3.1325254897895022e-01,3.6654734959630830e-18,2.4186532793622112e-01,3.5410943495049055e-16,-2.6653870768022558e-17,5.8410360534636728e-18,3.5790254912520748e-18,-2.6144841562129388e-17,2.4186532793622112e-01,-3.5087324678826280e-16,-1.8674745102104984e-01,4.6881975150173493e-18,2.6127223007571361e-17,6.7902187897942349e-19,-9.9382725649158732e-18,1.3430997335822761e-17,-2.6653870768022558e-17,-5.8410360534636721e-18,2.6127223007571361e-17,-6.7902187897942359e-19,1.8674745102104984e-01,4.6614081597856449e-18,-2.4186532793622117e-01,-3.6224233430390866e-16,3.5790254912520748e-18,2.6144841562129388e-17,-9.9382725649158732e-18,-1.3430997335822761e-17,-2.4186532793622117e-01,3.5511849024052489e-16,3.1325254897895022e-01,3.5239858412449612e-18,5.0000000000000000e-01,2.7919552135991314e+06,1.5662627448947508e-01,0.0000000000000000e+00,-1.2093266396811055e-01,-1.7631260684610607e-16,8.8578923349750954e-02,-8.0790943796867160e-02,-1.1475567961175666e-01,1.0466620400518525e-01,-1.2093266396811055e-01,1.7631260684610607e-16,9.3373725510524891e-02,0.0000000000000000e+00,-6.8372983220527359e-02,6.2361537436877348e-02,8.8578923349750940e-02,-8.0790943796867160e-02,8.8578923349750954e-02,8.0790943796867160e-02,-6.8372983220527359e-02,-6.2361537436877348e-02,9.3373725510524919e-02,0.0000000000000000e+00,-1.2093266396811056e-01,-1.5966440238646232e-16,-1.1475567961175666e-01,-1.0466620400518525e-01,8.8578923349750940e-02,8.0790943796867160e-02,-1.2093266396811056e-01,1.5966440238646232e-16,1.5662627448947508e-01,0.0000000000000000e+00
2.0000000000000000e+00,4.0000000000000002e-01,-2.5000000000000000e+00,3.1415926535897931e+00,1.7166055316666570e-01,9.8354252053310240e+00,True,8.8434852966407861e+05,1.0000000000000000e+00,8.8434852966407861e+05,2.8793544179491781e-01,-4.0607311916191216e-18,-2.4710141300914407e-01,-8.3500476145568623e-17,7.0627230950278499e-18,-3.1018737104364608e-19,7.5210351709857015e-18,1.8245039722932916e-18,-2.4710141300914407e-01,8.6284665482010103e-17,2.1206455820508222e-01,-3.8352101322580273e-18,-6.4544206353523660e-18,-1.5662668570570853e-18,-5.9961085593945175e-18,5.6842448627985176e-19,7.0627230950278499e-18,3.1018737104364608e-19,-6.4544206353523660e-18,1.5662668570570851e-18,2.1206455820508224e-01,3.8086332581511197e-18,-2.4710141300914407e-01,-8.2295018410578481e-17,7.5210351709857015e-18,-1.8245039722932920e-18,-5.9961085593945175e-18,-5.6842448627985176e-19,-2.4710141300914407e-01,7.9613351919511429e-17,2.8793544179491781e-01,4.2473217489980445e-18,1.3877787807814457e-17,0.0000000000000000e+00,-2.8793544179491781e-01,4.0607311916191216e-18,2.4710141300914407e-01,8.3500476145568623e-17,-4.0581344285536202e-19,1.1511367912218683e-19,-1.5266409450235075e-17,-1.5879474444397054e-18,2.4710141300914407e-01,-8.6284665482010103e-17,-2.1206455820508222e-01,3.8352101322580273e-18,-4.9044223032766850e-20,-1.9430940567432301e-18,1.3569642363482706e-17,3.5058845084725639e-18,-4.0581344285536202e-19,-1.1511367912218688e-19,-4.9044223032766850e-20,1.9430940567432301e-18,2.1206455820508224e-01,3.8086332581511197e-18,-2.4710141300914407e-01,-8.2295018410578481e-17,-1.5266409450235075e-17,1.5879474444397054e-18,1.3569642363482706e-17,-3.5058845084725639e-18,-2.4710141300914407e-01,7.9613351919511429e-17,2.8793544179491781e-01,4.2473217489980445e-18,4.9999999999999994e-01,4.4217426483203919e+05,1.4396772089745888e-01,0.0000000000000000e+00,-1.2355070650457201e-01,-4.2658446327584053e-17,9.3601756542432385e-02,7.9168015805277880e-02,-1.0899252177007542e-01,-9.2185467504969129e-02,-1.2355070650457201e-01,4.2658446327584053e-17,1.0603227910254109e-01,0.0000000000000000e+00,-8.0381938923077420e-02,-6.7986743477791794e-02,9.3601756542432385e-02,7.9168015805277867e-02,9.3601756542432385e-02,-7.9168015805277880e-02,-8.0381938923077420e-02,6.7986743477791794e-02,1.0603227910254109e-01,0.0000000000000000e+00,-1.2355070650457201e-01,-4.2912039841285561e-17,-1.0899252177007542e-01,9.2185467504969129e-02,9.3601756542432385e-02,-7.9168015805277867e-02,-1.2355070650457201e-01,4.2912039841285561e-17,1.4396772089745888e-01,0.0000000000000000e+00
2.0000000000000000e+00,4.0000000000000002e-01,-2.2999999999999998e+00,3.1415926535897931e+00,4.3288955364410076e-02,2.4802744419109017e+00,True,2.6269123250405960e+07,1.0000000000000000e+00,2.6269123250405960e+07,2.8921476586993311e-01,-1.5586862044906857e-19,-2.4690511640414220e-01,-4.8725398690930278e-16,3.5422991342765890e-17,8.3117771092376614e-18,-4.2706236618406675e-18,4.4647350461285001e-19,-2.4690511640414220e-01,4.8887857540601826e-16,2.1078523413006692e-01,-3.5055447014253602e-18,3.6459891194053621e-18,-3.8116014024599535e-19,-3.6047625885201188e-17,-8.2464637448708021e-18,3.5422991342765890e-17,-8.3117771092376614e-18,3.6459891194053621e-18,3.8116014024599690e-19,2.1078523413006692e-01,3.4933149152762349e-18,-2.4690511640414220e-01,-4.8748661825498729e-16,-4.2706236618406675e-18,-4.4647350461285040e-19,-3.6047625885201188e-17,8.2464637448708021e-18,-2.4690511640414220e-01,4.8581660361654218e-16,2.8921476586993311e-01,1.5117735434286268e-19,0.0000000000000000e+00,9.3132257461547852e-10,-2.8921476586993311e-01,1.5586862044906857e-19,2.4690511640414220e-01,4.8725398690930278e-16,9.3946821117856525e-18,-2.2051090710134288e-17,-4.8227069005900272e-17,1.5653898918452661e-17,2.4690511640414220e-01,-4.8887857540601826e-16,-2.1078523413006692e-01,3.5055447014253602e-18,2.5866350183104683e-17,2.5548306011280580e-17,1.4780693305396185e-18,-2.1223457065275441e-17,9.3946821117856525e-18,2.2051090710134288e-17,2.5866350183104683e-17,-2.5548306011280580e-17,2.1078523413006692e-01,3.4933149152762349e-18,-2.4690511640414220e-01,-4.8748661825498729e-16,-4.8227069005900272e-17,-1.5653898918452661e-17,1.4780693305396185e-18,2.1223457065275438e-17,-2.4690511640414220e-01,4.8581660361654218e-16,2.8921476586993311e-01,1.5117735434286268e-19,5.0000000000000000e-01,1.3134561625202980e+07,1.4460738293496658e-01,0.0000000000000000e+00,-1.2345255820207107e-01,-2.6378271519655113e-16,9.3588584121663293e-02,-7.9156874621029827e-02,-1.0963940086633231e-01,9.2732595426584408e-02,-1.2345255820207107e-01,2.6378271519655113e-16,1.0539261706503342e-01,0.0000000000000000e+00,-7.9887463331455105e-02,6.7568517870721601e-02,9.3588584121663265e-02,-7.9156874621029855e-02,9.3588584121663293e-02,7.9156874621029827e-02,-7.9887463331455105e-02,-6.7568517870721601e-02,1.0539261706503344e-01,0.0000000000000000e+00,-1.2345255820207107e-01,-2.2880280282208099e-16,-1.0963940086633231e-01,-9.2732595426584408e-02,9.3588584121663265e-02,7.9156874621029855e-02,-1.2345255820207107e-01,2.2880280282208099e-16,1.4460738293496656e-01,0.0000000000000000e+00
2.0000000000000000e+00,5.0000000000000000e-01,-2.2999999999999998e+00,3.1415926535897931e+00,1.4150101819807331e-01,8.1074111395534576e+00,True,3.5725812328461837e+06,1.0000000000000000e+00,3.5725812328461837e+06,2.7484072740115151e-01,-6.5664404006202540e-19,-2.4876183821109407e-01,-4.2379957149348276e-17,-1.4955227162352906e-18,-1.1763338312388610e-18,7.5404800931040185e-18,-3.5906656282428368e-19,-2.4876183821109407e-01,4.5263909268753064e-17,2.2515927259884849e-01,1.0260069175540100e-18,-6.8248105032237336e-18,3.2691392562531276e-19,2.2111923061155767e-18,1.1441811940398927e-18,-1.4955227162352906e-18,1.1763338312388614e-18,-6.8248105032237336e-18,-3.2691392562531382e-19,2.2515927259884849e-01,-9.7905007044604863e-19,-2.4876183821109410e-01,-4.7766846853338778e-17,7.5404800931040185e-18,3.5906656282428253e-19,2.2111923061155767e-18,-1.1441811940398918e-18,-2.4876183821109410e-01,4.4899560336936303e-17,2.7484072740115151e-01,7.4648226243116032e-19,2.7755575615628914e-17,1.1641532182693481e-10,-2.7484072740115151e-01,6.5664404006202540e-19,2.4876183821109407e-01,4.2379957149348276e-17,-5.5002064856706099e-18,1.9908015208443551e-17,1.8837945626992331e-19,-2.0331470514317046e-17,2.4876183821109407e-01,-4.5263909268753064e-17,-2.2515927259884849e-01,-1.0260069175540100e-18,-3.1998621109042401e-18,-1.8763638193545918e-17,8.8650841106571392e-18,1.9222034719993955e-17,-5.5002064856706099e-18,-1.9908015208443551e-17,-3.1998621109042401e-18,1.8763638193545921e-17,2.2515927259884849e-01,-9.7905007044604863e-19,-2.4876183821109410e-01,-4.7766846853338778e-17,1.8837945626992331e-19,2.0331470514317046e-17,8.8650841106571392e-18,-1.9222034719993955e-17,-2.4876183821109410e-01,4.4899560336936303e-17,2.7484072740115151e-01,7.4648226243116032e-19,4.9999999999999994e-01,1.7862906164230919e+06,1.3742036370057573e-01,0.0000000000000000e+00,-1.2438091910554701e-01,-2.6416523009860275e-17,9.5898510917907548e-02,7.7893236099950025e-02,-1.0591670053045565e-01,-8.6030476202168998e-02,-1.2438091910554701e-01,2.6416523009860275e-17,1.1257963629942425e-01,0.0000000000000000e+00,-8.6827213066338949e-02,-7.0525105578193831e-02,9.5898510917907548e-02,7.7893236099950025e-02,9.5898510917907548e-02,-7.7893236099950025e-02,-8.6827213066338949e-02,7.0525105578193831e-02,1.1257963629942425e-01,0.0000000000000000e+00,-1.2438091910554701e-01,-2.7408973011792967e-17,-1.0591670053045565e-01,8.6030476202168998e-02,9.5898510917907548e-02,-7.7893236099950025e-02,-1.2438091910554701e-01,2.7408973011792967e-17,1.3742036370057573e-01,0.0000000000000000e+00
2.0000000000000000e+00,5.9999999999999998e-01,-2.1000000000000001e+00,3.1415926535897931e+00,9.5651521059568714e-02,5.4804284607199998e+00,True,3.8821763595645651e+07,1.0000000000000000e+00,3.8821763595645651e+07,2.6692544804929286e-01,4.3213375769377190e-19,-2.4942630186569564e-01,3.4761556748013473e-17,1.4415693680441044e-18,9.4065881539104378e-19,5.8327162100540274e-18,-1.2684099531217566e-18,-2.4942630186569564e-01,-3.1435850937781839e-17,2.3307455195070717e-01,4.7210405114431323e-18,-5.4504358496567463e-18,1.1852059429653598e-18,-1.0592890076468232e-18,-1.0238628255474414e-18,1.4415693680441044e-18,-9.4065881539104398e-19,-5.4504358496567463e-18,-1.1852059429653598e-18,2.3307455195070717e-01,-4.7655060906446208e-18,-2.4942630186569567e-01,3.2997560574514494e-17,5.8327162100540274e-18,1.2684099531217566e-18,-1.0592890076468232e-18,1.0238628255474414e-18,-2.4942630186569567e-01,-3.6272405178321928e-17,2.6692544804929291e-01,-3.8147558188164274e-19,2.7755575615628914e-17,0.0000000000000000e+00,-2.6692544804929286e-01,-4.3213375769377190e-19,2.4942630186569564e-01,-3.4761556748013473e-17,-4.6854507617252995e-18,6.1267218558174009e-18,-2.3592740039654241e-18,-6.2938609181707248e-18,2.4942630186569564e-01,3.1435850937781839e-17,-2.3307455195070717e-01,-4.7210405114431323e-18,2.7324625020906622e-19,-3.6629870822089281e-18,6.5977012979854734e-18,3.6731059597302835e-18,-4.6854507617252995e-18,-6.1267218558174009e-18,2.7324625020906622e-19,3.6629870822089281e-18,2.3307455195070717e-01,-4.7655060906446208e-18,-2.4942630186569567e-01,3.2997560574514494e-17,-2.3592740039654241e-18,6.2938609181707240e-18,6.5977012979854734e-18,-3.6731059597302835e-18,-2.4942630186569567e-01,-3.6272405178321928e-17,2.6692544804929291e-01,-3.8147558188164274e-19,4.9999999999999989e-01,1.9410881797822818e+07,1.3346272402464640e-01,0.0000000000000000e+00,-1.2471315093284781e-01,1.0722082329862767e-17,9.7193638091233742e-02,-7.6972069389608072e-02,-1.0402246367786645e-01,8.2380127439770051e-02,-1.2471315093284781e-01,-1.0722082329862767e-17,1.1653727597535354e-01,0.0000000000000000e+00,-9.0813036671242506e-02,7.1918980474611538e-02,9.7193638091233742e-02,-7.6972069389608072e-02,9.7193638091233742e-02,7.6972069389608072e-02,-9.0813036671242506e-02,-7.1918980474611538e-02,1.1653727597535354e-01,0.0000000000000000e+00,-1.2471315093284781e-01,1.2048112278991438e-17,-1.0402246367786645e-01,-8.2380127439770051e-02,9.7193638091233742e-02,7.6972069389608072e-02,-1.2471315093284781e-01,-1.2048112278991438e-17,1.3346272402464640e-01,0.0000000000000000e+00
