panel_index,mode,x_name,y_name,x_label,y_label,retained_minima,polarization_clusters,representative_minima,example_polarization_cluster,objective_name,global_minimum,plot_path,contour_version,example_configuration_path,objective_absolute_cut,objective_cut_basis
0,clustered,,,,,1384,4,4,,one_minus_C_e_p,8.703361253914466e-09,Output\GradientPhaseSpaceScan\muon\Plots\CEP\polarization_correlations\with_contours\clustered\00_summary_CEP.pdf,with_contours,,0.01,absolute
1,clustered,sqrt_s,qOut,$\sqrt{s}$ [GeV],$E_\gamma$ [GeV],1384,4,4,,one_minus_C_e_p,8.703361253914466e-09,Output\GradientPhaseSpaceScan\muon\Plots\CEP\polarization_correlations\with_contours\clustered\01_qOut_vs_sqrt_s_clustered_CEP.pdf,with_contours,,0.01,absolute
2,clustered,sqrt_s,theta_gamma_out,$\sqrt{s}$ [GeV],$\theta_\gamma$,1384,4,4,,one_minus_C_e_p,8.703361253914466e-09,Output\GradientPhaseSpaceScan\muon\Plots\CEP\polarization_correlations\with_contours\clustered\02_theta_gamma_out_vs_sqrt_s_clustered_CEP.pdf,with_contours,,0.01,absolute
3,clustered,theta_p_out,theta_gamma_out,$\theta_{p'}$,$\theta_\gamma$,1384,4,4,,one_minus_C_e_p,8.703361253914466e-09,Output\GradientPhaseSpaceScan\muon\Plots\CEP\polarization_correlations\with_contours\clustered\03_theta_gamma_out_vs_theta_p_out_clustered_CEP.pdf,with_contours,,0.01,absolute
4,clustered,theta_p_out,qOut,$\theta_{p'}$,$E_\gamma$ [GeV],1384,4,4,,one_minus_C_e_p,8.703361253914466e-09,Output\GradientPhaseSpaceScan\muon\Plots\CEP\polarization_correlations\with_contours\clustered\04_qOut_vs_theta_p_out_clustered_CEP.pdf,with_contours,,0.01,absolute
5,clustered,theta_gamma_out,qOut,$\theta_\gamma$,$E_\gamma$ [GeV],1384,4,4,,one_minus_C_e_p,8.703361253914466e-09,Output\GradientPhaseSpaceScan\muon\Plots\CEP\polarization_correlations\with_contours\clustered\05_qOut_vs_theta_gamma_out_clustered_CEP.pdf,with_contours,,0.01,absolute
6,clustered,phi_p_out,phi_gamma_out,$\phi_{p'}$,$\phi_\gamma$,1384,4,4,,one_minus_C_e_p,8.703361253914466e-09,Output\GradientPhaseSpaceScan\muon\Plots\CEP\polarization_correlations\with_contours\clustered\06_phi_gamma_out_vs_phi_p_out_clustered_CEP.pdf,with_contours,,0.01,absolute
7,clustered,alpha_e,alpha_p,$\alpha_e$,$\alpha_p$,1384,4,4,,one_minus_C_e_p,8.703361253914466e-09,Output\GradientPhaseSpaceScan\muon\Plots\CEP\polarization_correlations\with_contours\clustered\07_alpha_p_vs_alpha_e_clustered_CEP.pdf,with_contours,,0.01,absolute
8,clustered,sqrt_s,alpha_e,$\sqrt{s}$ [GeV],$\alpha_e$,1384,4,4,,one_minus_C_e_p,8.703361253914466e-09,Output\GradientPhaseSpaceScan\muon\Plots\CEP\polarization_correlations\with_contours\clustered\08_alpha_e_vs_sqrt_s_clustered_CEP.pdf,with_contours,,0.01,absolute
9,clustered,sqrt_s,alpha_p,$\sqrt{s}$ [GeV],$\alpha_p$,1384,4,4,,one_minus_C_e_p,8.703361253914466e-09,Output\GradientPhaseSpaceScan\muon\Plots\CEP\polarization_correlations\with_contours\clustered\09_alpha_p_vs_sqrt_s_clustered_CEP.pdf,with_contours,,0.01,absolute
0,unclustered,,,,,1384,4,0,,one_minus_C_e_p,8.703361253914466e-09,Output\GradientPhaseSpaceScan\muon\Plots\CEP\polarization_correlations\with_contours\unclustered\00_summary_CEP.pdf,with_contours,Output\GradientPhaseSpaceScan\muon\Plots\CEP\polarization_correlations\unclustered\Example_P02_local_minimum_0007_configuration.pdf,0.01,absolute
1,unclustered,sqrt_s,qOut,$\sqrt{s}$ [GeV],$E_\gamma$ [GeV],1384,4,0,,one_minus_C_e_p,8.703361253914466e-09,Output\GradientPhaseSpaceScan\muon\Plots\CEP\polarization_correlations\with_contours\unclustered\01_qOut_vs_sqrt_s_unclustered_CEP.pdf,with_contours,Output\GradientPhaseSpaceScan\muon\Plots\CEP\polarization_correlations\unclustered\Example_P02_local_minimum_0007_configuration.pdf,0.01,absolute
2,unclustered,sqrt_s,theta_gamma_out,$\sqrt{s}$ [GeV],$\theta_\gamma$,1384,4,0,,one_minus_C_e_p,8.703361253914466e-09,Output\GradientPhaseSpaceScan\muon\Plots\CEP\polarization_correlations\with_contours\unclustered\02_theta_gamma_out_vs_sqrt_s_unclustered_CEP.pdf,with_contours,Output\GradientPhaseSpaceScan\muon\Plots\CEP\polarization_correlations\unclustered\Example_P02_local_minimum_0007_configuration.pdf,0.01,absolute
3,unclustered,theta_p_out,theta_gamma_out,$\theta_{p'}$,$\theta_\gamma$,1384,4,0,,one_minus_C_e_p,8.703361253914466e-09,Output\GradientPhaseSpaceScan\muon\Plots\CEP\polarization_correlations\with_contours\unclustered\03_theta_gamma_out_vs_theta_p_out_unclustered_CEP.pdf,with_contours,Output\GradientPhaseSpaceScan\muon\Plots\CEP\polarization_correlations\unclustered\Example_P02_local_minimum_0007_configuration.pdf,0.01,absolute
4,unclustered,theta_p_out,qOut,$\theta_{p'}$,$E_\gamma$ [GeV],1384,4,0,,one_minus_C_e_p,8.703361253914466e-09,Output\GradientPhaseSpaceScan\muon\Plots\CEP\polarization_correlations\with_contours\unclustered\04_qOut_vs_theta_p_out_unclustered_CEP.pdf,with_contours,Output\GradientPhaseSpaceScan\muon\Plots\CEP\polarization_correlations\unclustered\Example_P02_local_minimum_0007_configuration.pdf,0.01,absolute
5,unclustered,theta_gamma_out,qOut,$\theta_\gamma$,$E_\gamma$ [GeV],1384,4,0,,one_minus_C_e_p,8.703361253914466e-09,Output\GradientPhaseSpaceScan\muon\Plots\CEP\polarization_correlations\with_contours\unclustered\05_qOut_vs_theta_gamma_out_unclustered_CEP.pdf,with_contours,Output\GradientPhaseSpaceScan\muon\Plots\CEP\polarization_correlations\unclustered\Example_P02_local_minimum_0007_configuration.pdf,0.01,absolute
6,unclustered,phi_p_out,phi_gamma_out,$\phi_{p'}$,$\phi_\gamma$,1384,4,0,,one_minus_C_e_p,8.703361253914466e-09,Output\GradientPhaseSpaceScan\muon\Plots\CEP\polarization_correlations\with_contours\unclustered\06_phi_gamma_out_vs_phi_p_out_unclustered_CEP.pdf,with_contours,Output\GradientPhaseSpaceScan\muon\Plots\CEP\polarization_correlations\unclustered\Example_P02_local_minimum_0007_configuration.pdf,0.01,absolute
7,unclustered,alpha_e,alpha_p,$\alpha_e$,$\alpha_p$,1384,4,0,,one_minus_C_e_p,8.703361253914466e-09,Output\GradientPhaseSpaceScan\muon\Plots\CEP\polarization_correlations\with_contours\unclustered\07_alpha_p_vs_alpha_e_unclustered_CEP.pdf,with_contours,Output\GradientPhaseSpaceScan\muon\Plots\CEP\polarization_correlations\unclustered\Example_P02_local_minimum_0007_configuration.pdf,0.01,absolute
8,unclustered,sqrt_s,alpha_e,$\sqrt{s}$ [GeV],$\alpha_e$,1384,4,0,,one_minus_C_e_p,8.703361253914466e-09,Output\GradientPhaseSpaceScan\muon\Plots\CEP\polarization_correlations\with_contours\unclustered\08_alpha_e_vs_sqrt_s_unclustered_CEP.pdf,with_contours,Output\GradientPhaseSpaceScan\muon\Plots\CEP\polarization_correlations\unclustered\Example_P02_local_minimum_0007_configuration.pdf,0.01,absolute
9,unclustered,sqrt_s,alpha_p,$\sqrt{s}$ [GeV],$\alpha_p$,1384,4,0,,one_minus_C_e_p,8.703361253914466e-09,Output\GradientPhaseSpaceScan\muon\Plots\CEP\polarization_correlations\with_contours\unclustered\09_alpha_p_vs_sqrt_s_unclustered_CEP.pdf,with_contours,Output\GradientPhaseSpaceScan\muon\Plots\CEP\polarization_correlations\unclustered\Example_P02_local_minimum_0007_configuration.pdf,0.01,absolute
0,clustered,,,,,1384,4,4,,one_minus_C_e_p,8.703361253914466e-09,Output\GradientPhaseSpaceScan\muon\Plots\CEP\polarization_correlations\without_contours\clustered\00_summary_CEP.pdf,without_contours,,0.01,absolute
1,clustered,sqrt_s,qOut,$\sqrt{s}$ [GeV],$E_\gamma$ [GeV],1384,4,4,,one_minus_C_e_p,8.703361253914466e-09,Output\GradientPhaseSpaceScan\muon\Plots\CEP\polarization_correlations\without_contours\clustered\01_qOut_vs_sqrt_s_clustered_CEP.pdf,without_contours,,0.01,absolute
2,clustered,sqrt_s,theta_gamma_out,$\sqrt{s}$ [GeV],$\theta_\gamma$,1384,4,4,,one_minus_C_e_p,8.703361253914466e-09,Output\GradientPhaseSpaceScan\muon\Plots\CEP\polarization_correlations\without_contours\clustered\02_theta_gamma_out_vs_sqrt_s_clustered_CEP.pdf,without_contours,,0.01,absolute
3,clustered,theta_p_out,theta_gamma_out,$\theta_{p'}$,$\theta_\gamma$,1384,4,4,,one_minus_C_e_p,8.703361253914466e-09,Output\GradientPhaseSpaceScan\muon\Plots\CEP\polarization_correlations\without_contours\clustered\03_theta_gamma_out_vs_theta_p_out_clustered_CEP.pdf,without_contours,,0.01,absolute
4,clustered,theta_p_out,qOut,$\theta_{p'}$,$E_\gamma$ [GeV],1384,4,4,,one_minus_C_e_p,8.703361253914466e-09,Output\GradientPhaseSpaceScan\muon\Plots\CEP\polarization_correlations\without_contours\clustered\04_qOut_vs_theta_p_out_clustered_CEP.pdf,without_contours,,0.01,absolute
5,clustered,theta_gamma_out,qOut,$\theta_\gamma$,$E_\gamma$ [GeV],1384,4,4,,one_minus_C_e_p,8.703361253914466e-09,Output\GradientPhaseSpaceScan\muon\Plots\CEP\polarization_correlations\without_contours\clustered\05_qOut_vs_theta_gamma_out_clustered_CEP.pdf,without_contours,,0.01,absolute
6,clustered,phi_p_out,phi_gamma_out,$\phi_{p'}$,$\phi_\gamma$,1384,4,4,,one_minus_C_e_p,8.703361253914466e-09,Output\GradientPhaseSpaceScan\muon\Plots\CEP\polarization_correlations\without_contours\clustered\06_phi_gamma_out_vs_phi_p_out_clustered_CEP.pdf,without_contours,,0.01,absolute
7,clustered,alpha_e,alpha_p,$\alpha_e$,$\alpha_p$,1384,4,4,,one_minus_C_e_p,8.703361253914466e-09,Output\GradientPhaseSpaceScan\muon\Plots\CEP\polarization_correlations\without_contours\clustered\07_alpha_p_vs_alpha_e_clustered_CEP.pdf,without_contours,,0.01,absolute
8,clustered,sqrt_s,alpha_e,$\sqrt{s}$ [GeV],$\alpha_e$,1384,4,4,,one_minus_C_e_p,8.703361253914466e-09,Output\GradientPhaseSpaceScan\muon\Plots\CEP\polarization_correlations\without_contours\clustered\08_alpha_e_vs_sqrt_s_clustered_CEP.pdf,without_contours,,0.01,absolute
9,clustered,sqrt_s,alpha_p,$\sqrt{s}$ [GeV],$\alpha_p$,1384,4,4,,one_minus_C_e_p,8.703361253914466e-09,Output\GradientPhaseSpaceScan\muon\Plots\CEP\polarization_correlations\without_contours\clustered\09_alpha_p_vs_sqrt_s_clustered_CEP.pdf,without_contours,,0.01,absolute
0,unclustered,,,,,1384,4,0,,one_minus_C_e_p,8.703361253914466e-09,Output\GradientPhaseSpaceScan\muon\Plots\CEP\polarization_correlations\without_contours\unclustered\00_summary_CEP.pdf,without_contours,Output\GradientPhaseSpaceScan\muon\Plots\CEP\polarization_correlations\unclustered\Example_P02_local_minimum_0007_configuration.pdf,0.01,absolute
1,unclustered,sqrt_s,qOut,$\sqrt{s}$ [GeV],$E_\gamma$ [GeV],1384,4,0,,one_minus_C_e_p,8.703361253914466e-09,Output\GradientPhaseSpaceScan\muon\Plots\CEP\polarization_correlations\without_contours\unclustered\01_qOut_vs_sqrt_s_unclustered_CEP.pdf,without_contours,Output\GradientPhaseSpaceScan\muon\Plots\CEP\polarization_correlations\unclustered\Example_P02_local_minimum_0007_configuration.pdf,0.01,absolute
2,unclustered,sqrt_s,theta_gamma_out,$\sqrt{s}$ [GeV],$\theta_\gamma$,1384,4,0,,one_minus_C_e_p,8.703361253914466e-09,Output\GradientPhaseSpaceScan\muon\Plots\CEP\polarization_correlations\without_contours\unclustered\02_theta_gamma_out_vs_sqrt_s_unclustered_CEP.pdf,without_contours,Output\GradientPhaseSpaceScan\muon\Plots\CEP\polarization_correlations\unclustered\Example_P02_local_minimum_0007_configuration.pdf,0.01,absolute
3,unclustered,theta_p_out,theta_gamma_out,$\theta_{p'}$,$\theta_\gamma$,1384,4,0,,one_minus_C_e_p,8.703361253914466e-09,Output\GradientPhaseSpaceScan\muon\Plots\CEP\polarization_correlations\without_contours\unclustered\03_theta_gamma_out_vs_theta_p_out_unclustered_CEP.pdf,without_contours,Output\GradientPhaseSpaceScan\muon\Plots\CEP\polarization_correlations\unclustered\Example_P02_local_minimum_0007_configuration.pdf,0.01,absolute
4,unclustered,theta_p_out,qOut,$\theta_{p'}$,$E_\gamma$ [GeV],1384,4,0,,one_minus_C_e_p,8.703361253914466e-09,Output\GradientPhaseSpaceScan\muon\Plots\CEP\polarization_correlations\without_contours\unclustered\04_qOut_vs_theta_p_out_unclustered_CEP.pdf,without_contours,Output\GradientPhaseSpaceScan\muon\Plots\CEP\polarization_correlations\unclustered\Example_P02_local_minimum_0007_configuration.pdf,0.01,absolute
5,unclustered,theta_gamma_out,qOut,$\theta_\gamma$,$E_\gamma$ [GeV],1384,4,0,,one_minus_C_e_p,8.703361253914466e-09,Output\GradientPhaseSpaceScan\muon\Plots\CEP\polarization_correlations\without_contours\unclustered\05_qOut_vs_theta_gamma_out_unclustered_CEP.pdf,without_contours,Output\GradientPhaseSpaceScan\muon\Plots\CEP\polarization_correlations\unclustered\Example_P02_local_minimum_0007_configuration.pdf,0.01,absolute
6,unclustered,phi_p_out,phi_gamma_out,$\phi_{p'}$,$\phi_\gamma$,1384,4,0,,one_minus_C_e_p,8.703361253914466e-09,Output\GradientPhaseSpaceScan\muon\Plots\CEP\polarization_correlations\without_contours\unclustered\06_phi_gamma_out_vs_phi_p_out_unclustered_CEP.pdf,without_contours,Output\GradientPhaseSpaceScan\muon\Plots\CEP\polarization_correlations\unclustered\Example_P02_local_minimum_0007_configuration.pdf,0.01,absolute
7,unclustered,alpha_e,alpha_p,$\alpha_e$,$\alpha_p$,1384,4,0,,one_minus_C_e_p,8.703361253914466e-09,Output\GradientPhaseSpaceScan\muon\Plots\CEP\polarization_correlations\without_contours\unclustered\07_alpha_p_vs_alpha_e_unclustered_CEP.pdf,without_contours,Output\GradientPhaseSpaceScan\muon\Plots\CEP\polarization_correlations\unclustered\Example_P02_local_minimum_0007_configuration.pdf,0.01,absolute
8,unclustered,sqrt_s,alpha_e,$\sqrt{s}$ [GeV],$\alpha_e$,1384,4,0,,one_minus_C_e_p,8.703361253914466e-09,Output\GradientPhaseSpaceScan\muon\Plots\CEP\polarization_correlations\without_contours\unclustered\08_alpha_e_vs_sqrt_s_unclustered_CEP.pdf,without_contours,Output\GradientPhaseSpaceScan\muon\Plots\CEP\polarization_correlations\unclustered\Example_P02_local_minimum_0007_configuration.pdf,0.01,absolute
9,unclustered,sqrt_s,alpha_p,$\sqrt{s}$ [GeV],$\alpha_p$,1384,4,0,,one_minus_C_e_p,8.703361253914466e-09,Output\GradientPhaseSpaceScan\muon\Plots\CEP\polarization_correlations\without_contours\unclustered\09_alpha_p_vs_sqrt_s_unclustered_CEP.pdf,without_contours,Output\GradientPhaseSpaceScan\muon\Plots\CEP\polarization_correlations\unclustered\Example_P02_local_minimum_0007_configuration.pdf,0.01,absolute
