detail_id,polarization,polarization_label,momentum,E,px,py,pz,mass_shell
unpolarized_low_Egamma_W_0,unpolarized,Unpolarized,k,2.224417666614393,4.086188855256489e-16,2.2244176079184372,-2.9513459302684256e-06,2.611199274582532e-07
unpolarized_low_Egamma_W_0,unpolarized,Unpolarized,p,2.4140997689462407,-4.086188855256489e-16,-2.2244176079184372,2.9513459302684256e-06,0.8798439999999994
unpolarized_low_Egamma_W_0,unpolarized,Unpolarized,kp,1.725905973334372,-0.049008570164780045,-1.7252099372892977,0.0,2.61119927014164e-07
unpolarized_low_Egamma_W_0,unpolarized,Unpolarized,pp,2.4126114622262644,0.0,2.2228023006253963,0.0,0.8798439999999994
unpolarized_low_Egamma_W_0,unpolarized,Unpolarized,qout,0.5,0.049008570164780045,-0.49759236333609846,0.0,0.0
unpolarized_low_Egamma_W_1,unpolarized,Unpolarized,k,2.224417666614393,4.086188855256489e-16,2.2244176079184372,-2.9513459302684256e-06,2.611199274582532e-07
unpolarized_low_Egamma_W_1,unpolarized,Unpolarized,p,2.4140997689462407,-4.086188855256489e-16,-2.2244176079184372,2.9513459302684256e-06,0.8798439999999994
unpolarized_low_Egamma_W_1,unpolarized,Unpolarized,kp,2.1974830839482546,0.04900857016478032,-2.1969364586098545,0.0,2.6111992657007477e-07
unpolarized_low_Egamma_W_1,unpolarized,Unpolarized,pp,1.9410343516130208,0.0,1.699344095273756,0.0,0.8798440000000003
unpolarized_low_Egamma_W_1,unpolarized,Unpolarized,qout,0.5,-0.04900857016478032,0.49759236333609846,0.0,0.0
unpolarized_low_Egamma_W_2,unpolarized,Unpolarized,k,2.224417666614393,-0.21803105282688584,2.213706429141132,-2.9513459302684256e-06,2.611199274582532e-07
unpolarized_low_Egamma_W_2,unpolarized,Unpolarized,p,2.4140997689462407,0.21803105282688584,-2.213706429141132,2.9513459302684256e-06,0.8798439999999994
unpolarized_low_Egamma_W_2,unpolarized,Unpolarized,kp,1.7476971980220526,0.19134171618254517,-1.7371912912809935,0.0,2.6111992657007477e-07
unpolarized_low_Egamma_W_2,unpolarized,Unpolarized,pp,2.390820237538198,0.0,2.1991310575366367,0.0,0.8798440000000003
unpolarized_low_Egamma_W_2,unpolarized,Unpolarized,qout,0.5,-0.19134171618254517,-0.46193976625564326,0.0,0.0
unpolarized_low_Egamma_W_3,unpolarized,Unpolarized,k,2.224417666614393,0.21803105282688665,2.213706429141132,-2.9513459302684256e-06,2.611199274582532e-07
unpolarized_low_Egamma_W_3,unpolarized,Unpolarized,p,2.4140997689462407,-0.21803105282688665,-2.213706429141132,2.9513459302684256e-06,0.8798439999999994
unpolarized_low_Egamma_W_3,unpolarized,Unpolarized,kp,2.184497461163049,-0.19134171618254492,-2.176101386506658,0.0,2.6111992657007477e-07
unpolarized_low_Egamma_W_3,unpolarized,Unpolarized,pp,1.9540199743967774,0.0,1.7141616202510144,0.0,0.8798440000000003
unpolarized_low_Egamma_W_3,unpolarized,Unpolarized,qout,0.5,0.19134171618254492,0.46193976625564337,0.0,0.0
unpolarized_mid_Egamma_W_0,unpolarized,Unpolarized,k,2.224417666614393,4.086188855256489e-16,2.2244176079184372,-2.9513459302684256e-06,2.611199274582532e-07
unpolarized_mid_Egamma_W_0,unpolarized,Unpolarized,p,2.4140997689462407,-4.086188855256489e-16,-2.2244176079184372,2.9513459302684256e-06,0.8798439999999994
unpolarized_mid_Egamma_W_0,unpolarized,Unpolarized,kp,1.2286045180141763,0.09801714032956045,-1.224688303515035,0.0,2.6111992679211937e-07
unpolarized_mid_Egamma_W_0,unpolarized,Unpolarized,pp,2.409912917545496,0.0,2.219873030187232,0.0,0.8798440000000003
unpolarized_mid_Egamma_W_0,unpolarized,Unpolarized,qout,1.0,-0.09801714032956045,-0.9951847266721969,0.0,0.0
unpolarized_mid_Egamma_W_1,unpolarized,Unpolarized,k,2.224417666614393,4.086188855256489e-16,2.2244176079184372,-2.9513459302684256e-06,2.611199274582532e-07
unpolarized_mid_Egamma_W_1,unpolarized,Unpolarized,p,2.4140997689462407,-4.086188855256489e-16,-2.2244176079184372,2.9513459302684256e-06,0.8798439999999994
unpolarized_mid_Egamma_W_1,unpolarized,Unpolarized,kp,2.1514002974636584,0.09801714032956065,-2.1491662613693725,0.0,2.611199274582532e-07
unpolarized_mid_Egamma_W_1,unpolarized,Unpolarized,pp,1.4871171380970793,0.0,1.1539815346971753,0.0,0.8798439999999998
unpolarized_mid_Egamma_W_1,unpolarized,Unpolarized,qout,1.0,-0.09801714032956065,0.9951847266721969,0.0,0.0
unpolarized_mid_Egamma_W_2,unpolarized,Unpolarized,k,2.224417666614393,1.8495356460548986,1.2358202087641517,-2.9513459302684256e-06,2.611199274582532e-07
unpolarized_mid_Egamma_W_2,unpolarized,Unpolarized,p,2.4140997689462407,-1.8495356460548986,-1.2358202087641517,2.9513459302684256e-06,0.8798439999999994
unpolarized_mid_Egamma_W_2,unpolarized,Unpolarized,kp,1.2244176896022099,1.8369701987210297e-16,-1.224417582971956,0.0,2.61119927014164e-07
unpolarized_mid_Egamma_W_2,unpolarized,Unpolarized,pp,2.4140997459580658,0.0,2.224417582971956,0.0,0.8798439999999994
unpolarized_mid_Egamma_W_2,unpolarized,Unpolarized,qout,1.0,-1.8369701987210297e-16,-1.0,0.0,0.0
unpolarized_mid_Egamma_W_3,unpolarized,Unpolarized,k,2.224417666614393,-1.719498063565086,-1.4111555916388174,-2.9513459302684256e-06,2.611199283464316e-07
unpolarized_mid_Egamma_W_3,unpolarized,Unpolarized,p,2.4140997689462407,1.719498063565086,1.4111555916388174,2.9513459302684256e-06,0.8798440000000003
unpolarized_mid_Egamma_W_3,unpolarized,Unpolarized,kp,1.2244176896022099,1.8369701987210297e-16,-1.224417582971956,0.0,2.61119927014164e-07
unpolarized_mid_Egamma_W_3,unpolarized,Unpolarized,pp,2.4140997459580658,0.0,2.224417582971956,0.0,0.8798439999999994
unpolarized_mid_Egamma_W_3,unpolarized,Unpolarized,qout,1.0,-1.8369701987210297e-16,-1.0,0.0,0.0
unpolarized_high_Egamma_W_0,unpolarized,Unpolarized,k,2.224417666614393,-1.0485832017110426,1.9617611892141718,-2.9513459302684256e-06,2.611199274582532e-07
unpolarized_high_Egamma_W_0,unpolarized,Unpolarized,p,2.4140997689462407,1.0485832017110426,-1.9617611892141718,2.9513459302684256e-06,0.8798439999999994
unpolarized_high_Egamma_W_0,unpolarized,Unpolarized,kp,1.8938903177833675,1.0000264194352835,-1.6083430713330735,0.0,2.61119927014164e-07
unpolarized_high_Egamma_W_0,unpolarized,Unpolarized,pp,0.9446271177780604,0.0,0.11169776918849203,0.0,0.879844
unpolarized_high_Egamma_W_0,unpolarized,Unpolarized,qout,1.8,-1.0000264194352835,1.4966453021445816,0.0,8.881784197001252e-16
unpolarized_high_Egamma_W_1,unpolarized,Unpolarized,k,2.224417666614393,1.0485832017110435,1.9617611892141715,-2.9513459302684256e-06,2.6111992657007477e-07
unpolarized_high_Egamma_W_1,unpolarized,Unpolarized,p,2.4140997689462407,-1.0485832017110435,-1.9617611892141715,2.9513459302684256e-06,0.8798439999999985
unpolarized_high_Egamma_W_1,unpolarized,Unpolarized,kp,1.8938903177833677,-1.0000264194352841,-1.6083430713330733,0.0,2.61119927014164e-07
unpolarized_high_Egamma_W_1,unpolarized,Unpolarized,pp,0.9446271177780604,0.0,0.11169776918849203,0.0,0.879844
unpolarized_high_Egamma_W_1,unpolarized,Unpolarized,qout,1.8,1.0000264194352841,1.4966453021445814,0.0,0.0
unpolarized_high_Egamma_W_2,unpolarized,Unpolarized,k,2.224417666614393,0.21803105282688665,2.213706429141132,-2.9513459302684256e-06,2.611199274582532e-07
unpolarized_high_Egamma_W_2,unpolarized,Unpolarized,p,2.4140997689462407,-0.21803105282688665,-2.213706429141132,2.9513459302684256e-06,0.8798439999999994
unpolarized_high_Egamma_W_2,unpolarized,Unpolarized,kp,1.8954883147988217,-0.351162579629031,-1.8626756381848222,0.0,2.61119927014164e-07
unpolarized_high_Egamma_W_2,unpolarized,Unpolarized,pp,0.9430291207619188,0.0,0.09726213345900729,0.0,0.879844
unpolarized_high_Egamma_W_2,unpolarized,Unpolarized,qout,1.8,0.351162579629031,1.7654135047258148,0.0,0.0
unpolarized_high_Egamma_W_3,unpolarized,Unpolarized,k,2.224417666614393,-0.21803105282688584,2.213706429141132,-2.9513459302684256e-06,2.611199274582532e-07
unpolarized_high_Egamma_W_3,unpolarized,Unpolarized,p,2.4140997689462407,0.21803105282688584,-2.213706429141132,2.9513459302684256e-06,0.8798439999999994
unpolarized_high_Egamma_W_3,unpolarized,Unpolarized,kp,1.8954883147988217,0.35116257962903075,-1.8626756381848222,0.0,2.611199274582532e-07
unpolarized_high_Egamma_W_3,unpolarized,Unpolarized,pp,0.9430291207619188,0.0,0.09726213345900729,0.0,0.879844
unpolarized_high_Egamma_W_3,unpolarized,Unpolarized,qout,1.8,-0.35116257962903075,1.7654135047258148,0.0,4.440892098500626e-16
L_proton_low_Egamma_W_0,L_proton,L proton,k,2.224417666614393,-1.362062951752163e-16,-2.2244176079184372,-2.9513459302684256e-06,2.611199274582532e-07
L_proton_low_Egamma_W_0,L_proton,L proton,p,2.4140997689462407,1.362062951752163e-16,2.2244176079184372,2.9513459302684256e-06,0.8798439999999994
L_proton_low_Egamma_W_0,L_proton,L proton,kp,1.7376510105561884,-0.14514233862723103,-1.7315786077752386,0.0,2.611199274582532e-07
L_proton_low_Egamma_W_0,L_proton,L proton,pp,2.4008664250044816,0.0,2.210048775641343,0.0,0.8798440000000003
L_proton_low_Egamma_W_0,L_proton,L proton,qout,0.5,0.14514233862723103,-0.47847016786610447,0.0,0.0
L_proton_low_Egamma_W_1,L_proton,L proton,k,2.224417666614393,-1.362062951752163e-16,-2.2244176079184372,-2.9513459302684256e-06,2.611199274582532e-07
L_proton_low_Egamma_W_1,L_proton,L proton,p,2.4140997689462407,1.362062951752163e-16,2.2244176079184372,2.9513459302684256e-06,0.8798439999999994
L_proton_low_Egamma_W_1,L_proton,L proton,kp,1.7376510105561886,0.14514233862723122,-1.7315786077752389,0.0,2.61119927014164e-07
L_proton_low_Egamma_W_1,L_proton,L proton,pp,2.4008664250044816,0.0,2.210048775641343,0.0,0.8798440000000003
L_proton_low_Egamma_W_1,L_proton,L proton,qout,0.5,-0.14514233862723122,-0.4784701678661044,0.0,0.0
L_proton_low_Egamma_W_2,L_proton,L proton,k,2.224417666614393,-1.362062951752163e-16,-2.2244176079184372,-2.9513459302684256e-06,2.611199274582532e-07
L_proton_low_Egamma_W_2,L_proton,L proton,p,2.4140997689462407,1.362062951752163e-16,2.2244176079184372,2.9513459302684256e-06,0.8798439999999994
L_proton_low_Egamma_W_2,L_proton,L proton,kp,1.8112047777159392,-0.3535533905932737,-1.7763621493662596,0.0,2.611199274582532e-07
L_proton_low_Egamma_W_2,L_proton,L proton,pp,2.3273126578440446,0.0,2.1299155399595335,0.0,0.8798440000000003
L_proton_low_Egamma_W_2,L_proton,L proton,qout,0.5,0.3535533905932737,-0.35355339059327384,0.0,0.0
L_proton_low_Egamma_W_3,L_proton,L proton,k,2.224417666614393,-1.362062951752163e-16,-2.2244176079184372,-2.9513459302684256e-06,2.611199274582532e-07
L_proton_low_Egamma_W_3,L_proton,L proton,p,2.4140997689462407,1.362062951752163e-16,2.2244176079184372,2.9513459302684256e-06,0.8798439999999994
L_proton_low_Egamma_W_3,L_proton,L proton,kp,1.8112047777159395,0.35355339059327384,-1.7763621493662598,0.0,2.611199274582532e-07
L_proton_low_Egamma_W_3,L_proton,L proton,pp,2.3273126578440446,0.0,2.1299155399595335,0.0,0.8798440000000003
L_proton_low_Egamma_W_3,L_proton,L proton,qout,0.5,-0.35355339059327384,-0.35355339059327373,0.0,-5.551115123125783e-17
L_proton_mid_Egamma_W_0,L_proton,L proton,k,2.224417666614393,-1.362062951752163e-16,-2.2244176079184372,-2.9513459302684256e-06,2.611199274582532e-07
L_proton_mid_Egamma_W_0,L_proton,L proton,p,2.4140997689462407,1.362062951752163e-16,2.2244176079184372,2.9513459302684256e-06,0.8798439999999994
L_proton_mid_Egamma_W_0,L_proton,L proton,kp,1.2410264059601237,0.19509032201612866,-1.2255961999884049,0.0,2.61119927014164e-07
L_proton_mid_Egamma_W_0,L_proton,L proton,pp,2.3974910296005665,0.0,2.2063814803916353,0.0,0.8798440000000003
L_proton_mid_Egamma_W_0,L_proton,L proton,qout,1.0,-0.19509032201612866,-0.9807852804032303,0.0,1.1102230246251565e-16
L_proton_mid_Egamma_W_1,L_proton,L proton,k,2.224417666614393,-1.362062951752163e-16,-2.2244176079184372,-2.9513459302684256e-06,2.611199274582532e-07
L_proton_mid_Egamma_W_1,L_proton,L proton,p,2.4140997689462407,1.362062951752163e-16,2.2244176079184372,2.9513459302684256e-06,0.8798439999999994
L_proton_mid_Egamma_W_1,L_proton,L proton,kp,1.2612778709086132,-0.29028467725446205,-1.227418597168509,0.0,2.6111992679211937e-07
L_proton_mid_Egamma_W_1,L_proton,L proton,pp,2.3772395646512288,0.0,2.184358932900718,0.0,0.8798440000000003
L_proton_mid_Egamma_W_1,L_proton,L proton,qout,1.0,0.29028467725446205,-0.9569403357322089,0.0,0.0
L_proton_mid_Egamma_W_2,L_proton,L proton,k,2.224417666614393,-1.362062951752163e-16,-2.2244176079184372,-2.9513459302684256e-06,2.611199274582532e-07
L_proton_mid_Egamma_W_2,L_proton,L proton,p,2.4140997689462407,1.362062951752163e-16,2.2244176079184372,2.9513459302684256e-06,0.8798439999999994
L_proton_mid_Egamma_W_2,L_proton,L proton,kp,1.4051680580200108,0.6343932841636458,-1.2538110587994769,0.0,2.61119927014164e-07
L_proton_mid_Egamma_W_2,L_proton,L proton,pp,2.233349377541168,0.0,2.0268215121622135,0.0,0.8798440000000012
L_proton_mid_Egamma_W_2,L_proton,L proton,qout,1.0,-0.6343932841636458,-0.7730104533627367,0.0,0.0
L_proton_mid_Egamma_W_3,L_proton,L proton,k,2.224417666614393,-0.21803105282688637,-2.213706429141132,-2.9513459302684256e-06,2.611199274582532e-07
L_proton_mid_Egamma_W_3,L_proton,L proton,p,2.4140997689462407,0.21803105282688637,2.213706429141132,2.9513459302684256e-06,0.8798439999999994
L_proton_mid_Egamma_W_3,L_proton,L proton,kp,1.8357704238870267,1.0,-1.5394975765159316,0.0,2.611199274582532e-07
L_proton_mid_Egamma_W_3,L_proton,L proton,pp,1.8027470116736917,0.0,1.5394975765159313,0.0,0.8798439999999994
L_proton_mid_Egamma_W_3,L_proton,L proton,qout,1.0,-1.0,1.2246467991473532e-16,0.0,0.0
L_proton_high_Egamma_W_0,L_proton,L proton,k,2.224417666614393,-1.362062951752163e-16,-2.2244176079184372,-2.9513459302684256e-06,2.611199274582532e-07
L_proton_high_Egamma_W_0,L_proton,L proton,p,2.4140997689462407,1.362062951752163e-16,2.2244176079184372,2.9513459302684256e-06,0.8798439999999994
L_proton_high_Egamma_W_0,L_proton,L proton,kp,0.44601119623559826,-0.17643085259320818,-0.40963139564835127,0.0,2.611199269031417e-07
L_proton_high_Egamma_W_0,L_proton,L proton,pp,2.392506239324531,0.0,2.2009639036583057,0.0,0.8798440000000012
L_proton_high_Egamma_W_0,L_proton,L proton,qout,1.8,0.17643085259320818,-1.7913325080099545,0.0,4.440892098500626e-16
L_proton_high_Egamma_W_1,L_proton,L proton,k,2.224417666614393,-1.362062951752163e-16,-2.2244176079184372,-2.9513459302684256e-06,2.611199274582532e-07
L_proton_high_Egamma_W_1,L_proton,L proton,p,2.4140997689462407,1.362062951752163e-16,2.2244176079184372,2.9513459302684256e-06,0.8798439999999994
L_proton_high_Egamma_W_1,L_proton,L proton,kp,0.726127539267774,0.6888301782571626,-0.22972576626349794,0.0,2.6111992679211937e-07
L_proton_high_Egamma_W_1,L_proton,L proton,pp,2.1123898962919463,0.0,1.8927089247838138,0.0,0.879843999999999
L_proton_high_Egamma_W_1,L_proton,L proton,qout,1.8,-0.6888301782571626,-1.6629831585203159,0.0,-4.440892098500626e-16
L_proton_high_Egamma_W_2,L_proton,L proton,k,2.224417666614393,-1.362062951752163e-16,-2.2244176079184372,-2.9513459302684256e-06,2.611199274582532e-07
L_proton_high_Egamma_W_2,L_proton,L proton,p,2.4140997689462407,1.362062951752163e-16,2.2244176079184372,2.9513459302684256e-06,0.8798439999999994
L_proton_high_Egamma_W_2,L_proton,L proton,kp,1.0032831085839613,-1.0000264194352833,-0.08077063378120064,0.0,2.6111992679211937e-07
L_proton_high_Egamma_W_2,L_proton,L proton,pp,1.835234326976425,0.0,1.5774159359257824,0.0,0.8798439999999998
L_proton_high_Egamma_W_2,L_proton,L proton,qout,1.8,1.0000264194352833,-1.4966453021445818,0.0,4.440892098500626e-16
L_proton_high_Egamma_W_3,L_proton,L proton,k,2.224417666614393,-2.0550938997135604,-0.8512477652115701,-2.9513459302684256e-06,2.611199283464316e-07
L_proton_high_Egamma_W_3,L_proton,L proton,p,2.4140997689462407,2.0550938997135604,0.8512477652115701,2.9513459302684256e-06,0.8798440000000003
L_proton_high_Egamma_W_3,L_proton,L proton,kp,1.2729389347806432,-1.2727922061357853,0.019320211193278647,0.0,2.6111992657007477e-07
L_proton_high_Egamma_W_3,L_proton,L proton,pp,1.5655785007801906,0.0,1.2534719949425073,0.0,0.8798440000000003
L_proton_high_Egamma_W_3,L_proton,L proton,qout,1.8,1.2727922061357853,-1.272792206135786,0.0,0.0
L_electron_low_Egamma_W_0,L_electron,L electron,k,2.224417666614393,-1.362062951752163e-16,-2.2244176079184372,-2.9513459302684256e-06,2.611199274582532e-07
L_electron_low_Egamma_W_0,L_electron,L electron,p,2.4140997689462407,1.362062951752163e-16,2.2244176079184372,2.9513459302684256e-06,0.8798439999999994
L_electron_low_Egamma_W_0,L_electron,L electron,kp,1.7376510105561886,0.14514233862723122,-1.7315786077752389,0.0,2.61119927014164e-07
L_electron_low_Egamma_W_0,L_electron,L electron,pp,2.4008664250044816,0.0,2.210048775641343,0.0,0.8798440000000003
L_electron_low_Egamma_W_0,L_electron,L electron,qout,0.5,-0.14514233862723122,-0.4784701678661044,0.0,0.0
L_electron_low_Egamma_W_1,L_electron,L electron,k,2.224417666614393,-1.362062951752163e-16,-2.2244176079184372,-2.9513459302684256e-06,2.611199274582532e-07
L_electron_low_Egamma_W_1,L_electron,L electron,p,2.4140997689462407,1.362062951752163e-16,2.2244176079184372,2.9513459302684256e-06,0.8798439999999994
L_electron_low_Egamma_W_1,L_electron,L electron,kp,1.7376510105561884,-0.14514233862723103,-1.7315786077752386,0.0,2.611199274582532e-07
L_electron_low_Egamma_W_1,L_electron,L electron,pp,2.4008664250044816,0.0,2.210048775641343,0.0,0.8798440000000003
L_electron_low_Egamma_W_1,L_electron,L electron,qout,0.5,0.14514233862723103,-0.47847016786610447,0.0,0.0
L_electron_low_Egamma_W_2,L_electron,L electron,k,2.224417666614393,-1.362062951752163e-16,-2.2244176079184372,-2.9513459302684256e-06,2.611199274582532e-07
L_electron_low_Egamma_W_2,L_electron,L electron,p,2.4140997689462407,1.362062951752163e-16,2.2244176079184372,2.9513459302684256e-06,0.8798439999999994
L_electron_low_Egamma_W_2,L_electron,L electron,kp,1.8112047777159395,0.35355339059327384,-1.7763621493662598,0.0,2.611199274582532e-07
L_electron_low_Egamma_W_2,L_electron,L electron,pp,2.3273126578440446,0.0,2.1299155399595335,0.0,0.8798440000000003
L_electron_low_Egamma_W_2,L_electron,L electron,qout,0.5,-0.35355339059327384,-0.35355339059327373,0.0,-5.551115123125783e-17
L_electron_low_Egamma_W_3,L_electron,L electron,k,2.224417666614393,-1.362062951752163e-16,-2.2244176079184372,-2.9513459302684256e-06,2.611199274582532e-07
L_electron_low_Egamma_W_3,L_electron,L electron,p,2.4140997689462407,1.362062951752163e-16,2.2244176079184372,2.9513459302684256e-06,0.8798439999999994
L_electron_low_Egamma_W_3,L_electron,L electron,kp,1.8112047777159392,-0.3535533905932737,-1.7763621493662596,0.0,2.611199274582532e-07
L_electron_low_Egamma_W_3,L_electron,L electron,pp,2.3273126578440446,0.0,2.1299155399595335,0.0,0.8798440000000003
L_electron_low_Egamma_W_3,L_electron,L electron,qout,0.5,0.3535533905932737,-0.35355339059327384,0.0,0.0
L_electron_mid_Egamma_W_0,L_electron,L electron,k,2.224417666614393,-1.362062951752163e-16,-2.2244176079184372,-2.9513459302684256e-06,2.611199274582532e-07
L_electron_mid_Egamma_W_0,L_electron,L electron,p,2.4140997689462407,1.362062951752163e-16,2.2244176079184372,2.9513459302684256e-06,0.8798439999999994
L_electron_mid_Egamma_W_0,L_electron,L electron,kp,1.2410264059601237,0.19509032201612866,-1.2255961999884049,0.0,2.61119927014164e-07
L_electron_mid_Egamma_W_0,L_electron,L electron,pp,2.3974910296005665,0.0,2.2063814803916353,0.0,0.8798440000000003
L_electron_mid_Egamma_W_0,L_electron,L electron,qout,1.0,-0.19509032201612866,-0.9807852804032303,0.0,1.1102230246251565e-16
L_electron_mid_Egamma_W_1,L_electron,L electron,k,2.224417666614393,-1.362062951752163e-16,-2.2244176079184372,-2.9513459302684256e-06,2.611199274582532e-07
L_electron_mid_Egamma_W_1,L_electron,L electron,p,2.4140997689462407,1.362062951752163e-16,2.2244176079184372,2.9513459302684256e-06,0.8798439999999994
L_electron_mid_Egamma_W_1,L_electron,L electron,kp,1.2612778709086132,-0.29028467725446205,-1.227418597168509,0.0,2.6111992679211937e-07
L_electron_mid_Egamma_W_1,L_electron,L electron,pp,2.3772395646512288,0.0,2.184358932900718,0.0,0.8798440000000003
L_electron_mid_Egamma_W_1,L_electron,L electron,qout,1.0,0.29028467725446205,-0.9569403357322089,0.0,0.0
L_electron_mid_Egamma_W_2,L_electron,L electron,k,2.224417666614393,-1.362062951752163e-16,-2.2244176079184372,-2.9513459302684256e-06,2.611199274582532e-07
L_electron_mid_Egamma_W_2,L_electron,L electron,p,2.4140997689462407,1.362062951752163e-16,2.2244176079184372,2.9513459302684256e-06,0.8798439999999994
L_electron_mid_Egamma_W_2,L_electron,L electron,kp,1.4051680580200108,0.6343932841636458,-1.2538110587994769,0.0,2.61119927014164e-07
L_electron_mid_Egamma_W_2,L_electron,L electron,pp,2.233349377541168,0.0,2.0268215121622135,0.0,0.8798440000000012
L_electron_mid_Egamma_W_2,L_electron,L electron,qout,1.0,-0.6343932841636458,-0.7730104533627367,0.0,0.0
L_electron_mid_Egamma_W_3,L_electron,L electron,k,2.224417666614393,-1.362062951752163e-16,-2.2244176079184372,-2.9513459302684256e-06,2.611199274582532e-07
L_electron_mid_Egamma_W_3,L_electron,L electron,p,2.4140997689462407,1.362062951752163e-16,2.2244176079184372,2.9513459302684256e-06,0.8798439999999994
L_electron_mid_Egamma_W_3,L_electron,L electron,kp,1.4519123732099333,-0.7071067811865474,-1.2680888290495165,0.0,2.61119927014164e-07
L_electron_mid_Egamma_W_3,L_electron,L electron,pp,2.1866050623502673,0.0,1.9751956102360642,0.0,0.8798439999999985
L_electron_mid_Egamma_W_3,L_electron,L electron,qout,1.0,0.7071067811865474,-0.7071067811865477,0.0,0.0
L_electron_high_Egamma_W_0,L_electron,L electron,k,2.224417666614393,-1.362062951752163e-16,-2.2244176079184372,-2.9513459302684256e-06,2.611199274582532e-07
L_electron_high_Egamma_W_0,L_electron,L electron,p,2.4140997689462407,1.362062951752163e-16,2.2244176079184372,2.9513459302684256e-06,0.8798439999999994
L_electron_high_Egamma_W_0,L_electron,L electron,kp,0.44601119623559826,-0.17643085259320818,-0.40963139564835127,0.0,2.611199269031417e-07
L_electron_high_Egamma_W_0,L_electron,L electron,pp,2.392506239324531,0.0,2.2009639036583057,0.0,0.8798440000000012
L_electron_high_Egamma_W_0,L_electron,L electron,qout,1.8,0.17643085259320818,-1.7913325080099545,0.0,4.440892098500626e-16
L_electron_high_Egamma_W_1,L_electron,L electron,k,2.224417666614393,-1.362062951752163e-16,-2.2244176079184372,-2.9513459302684256e-06,2.611199274582532e-07
L_electron_high_Egamma_W_1,L_electron,L electron,p,2.4140997689462407,1.362062951752163e-16,2.2244176079184372,2.9513459302684256e-06,0.8798439999999994
L_electron_high_Egamma_W_1,L_electron,L electron,kp,0.726127539267774,0.6888301782571626,-0.22972576626349794,0.0,2.6111992679211937e-07
L_electron_high_Egamma_W_1,L_electron,L electron,pp,2.1123898962919463,0.0,1.8927089247838138,0.0,0.879843999999999
L_electron_high_Egamma_W_1,L_electron,L electron,qout,1.8,-0.6888301782571626,-1.6629831585203159,0.0,-4.440892098500626e-16
L_electron_high_Egamma_W_2,L_electron,L electron,k,2.224417666614393,-1.362062951752163e-16,-2.2244176079184372,-2.9513459302684256e-06,2.611199274582532e-07
L_electron_high_Egamma_W_2,L_electron,L electron,p,2.4140997689462407,1.362062951752163e-16,2.2244176079184372,2.9513459302684256e-06,0.8798439999999994
L_electron_high_Egamma_W_2,L_electron,L electron,kp,1.0032831085839613,-1.0000264194352833,-0.08077063378120064,0.0,2.6111992679211937e-07
L_electron_high_Egamma_W_2,L_electron,L electron,pp,1.835234326976425,0.0,1.5774159359257824,0.0,0.8798439999999998
L_electron_high_Egamma_W_2,L_electron,L electron,qout,1.8,1.0000264194352833,-1.4966453021445818,0.0,4.440892098500626e-16
L_electron_high_Egamma_W_3,L_electron,L electron,k,2.224417666614393,-1.362062951752163e-16,-2.2244176079184372,-2.9513459302684256e-06,2.611199274582532e-07
L_electron_high_Egamma_W_3,L_electron,L electron,p,2.4140997689462407,1.362062951752163e-16,2.2244176079184372,2.9513459302684256e-06,0.8798439999999994
L_electron_high_Egamma_W_3,L_electron,L electron,kp,1.392015841624926,1.3914188160529268,0.040761753503687936,0.0,2.61119927014164e-07
L_electron_high_Egamma_W_3,L_electron,L electron,pp,1.4465015939355415,0.0,1.1011461579908737,0.0,0.8798439999999998
L_electron_high_Egamma_W_3,L_electron,L electron,qout,1.8,-1.3914188160529268,-1.1419079114945616,0.0,0.0
Tx_proton_low_Egamma_W_0,Tx_proton,Tx proton,k,2.224417666614393,0.2180310528268861,-2.213706429141132,-2.9513459302684256e-06,2.611199274582532e-07
Tx_proton_low_Egamma_W_0,Tx_proton,Tx proton,p,2.4140997689462407,-0.2180310528268861,2.213706429141132,2.9513459302684256e-06,0.8798439999999994
Tx_proton_low_Egamma_W_0,Tx_proton,Tx proton,kp,2.176748586384131,0.23569836841299885,-2.163950190353936,0.0,2.6111992657007477e-07
Tx_proton_low_Egamma_W_0,Tx_proton,Tx proton,pp,1.9617688491757839,0.0,1.7229895581797585,0.0,0.8798439999999998
Tx_proton_low_Egamma_W_0,Tx_proton,Tx proton,qout,0.5,-0.23569836841299885,0.4409606321741775,0.0,0.0
Tx_proton_low_Egamma_W_1,Tx_proton,Tx proton,k,2.224417666614393,-0.21803105282688637,-2.213706429141132,-2.9513459302684256e-06,2.611199274582532e-07
Tx_proton_low_Egamma_W_1,Tx_proton,Tx proton,p,2.4140997689462407,0.21803105282688637,2.213706429141132,2.9513459302684256e-06,0.8798439999999994
Tx_proton_low_Egamma_W_1,Tx_proton,Tx proton,kp,2.176748586384131,-0.2356983684129989,-2.163950190353936,0.0,2.6111992657007477e-07
Tx_proton_low_Egamma_W_1,Tx_proton,Tx proton,pp,1.9617688491757839,0.0,1.7229895581797585,0.0,0.8798439999999998
Tx_proton_low_Egamma_W_1,Tx_proton,Tx proton,qout,0.5,0.2356983684129989,0.44096063217417747,0.0,0.0
Tx_proton_low_Egamma_W_2,Tx_proton,Tx proton,k,2.224417666614393,-1.362062951752163e-16,-2.2244176079184372,-2.9513459302684256e-06,2.611199274582532e-07
Tx_proton_low_Egamma_W_2,Tx_proton,Tx proton,p,2.4140997689462407,1.362062951752163e-16,2.2244176079184372,2.9513459302684256e-06,0.8798439999999994
Tx_proton_low_Egamma_W_2,Tx_proton,Tx proton,kp,1.7476971980220526,-0.191341716182545,-1.7371912912809935,0.0,2.6111992657007477e-07
Tx_proton_low_Egamma_W_2,Tx_proton,Tx proton,pp,2.390820237538198,0.0,2.1991310575366367,0.0,0.8798440000000003
Tx_proton_low_Egamma_W_2,Tx_proton,Tx proton,qout,0.5,0.191341716182545,-0.4619397662556433,0.0,2.7755575615628914e-17
Tx_proton_low_Egamma_W_3,Tx_proton,Tx proton,k,2.224417666614393,-1.362062951752163e-16,-2.2244176079184372,-2.9513459302684256e-06,2.611199274582532e-07
Tx_proton_low_Egamma_W_3,Tx_proton,Tx proton,p,2.4140997689462407,1.362062951752163e-16,2.2244176079184372,2.9513459302684256e-06,0.8798439999999994
Tx_proton_low_Egamma_W_3,Tx_proton,Tx proton,kp,1.7476971980220526,0.19134171618254517,-1.7371912912809935,0.0,2.6111992657007477e-07
Tx_proton_low_Egamma_W_3,Tx_proton,Tx proton,pp,2.390820237538198,0.0,2.1991310575366367,0.0,0.8798440000000003
Tx_proton_low_Egamma_W_3,Tx_proton,Tx proton,qout,0.5,-0.19134171618254517,-0.46193976625564326,0.0,0.0
Tx_proton_mid_Egamma_W_0,Tx_proton,Tx proton,k,2.224417666614393,-1.235820208764152,-1.8495356460548984,-2.9513459302684256e-06,2.611199274582532e-07
Tx_proton_mid_Egamma_W_0,Tx_proton,Tx proton,p,2.4140997689462407,1.235820208764152,1.8495356460548984,2.9513459302684256e-06,0.8798439999999994
Tx_proton_mid_Egamma_W_0,Tx_proton,Tx proton,kp,1.9133998279083888,-0.9807852804032304,-1.6429117061072642,0.0,2.61119927014164e-07
Tx_proton_mid_Egamma_W_0,Tx_proton,Tx proton,pp,1.7251176076521777,0.0,1.447821384091136,0.0,0.8798440000000003
Tx_proton_mid_Egamma_W_0,Tx_proton,Tx proton,qout,1.0,0.9807852804032304,0.19509032201612825,0.0,0.0
Tx_proton_mid_Egamma_W_1,Tx_proton,Tx proton,k,2.224417666614393,1.2358202087641517,-1.8495356460548984,-2.9513459302684256e-06,2.611199283464316e-07
Tx_proton_mid_Egamma_W_1,Tx_proton,Tx proton,p,2.4140997689462407,-1.2358202087641517,1.8495356460548984,2.9513459302684256e-06,0.8798440000000003
Tx_proton_mid_Egamma_W_1,Tx_proton,Tx proton,kp,1.9133998279083893,0.9807852804032304,-1.6429117061072647,0.0,2.61119927014164e-07
Tx_proton_mid_Egamma_W_1,Tx_proton,Tx proton,pp,1.7251176076521777,0.0,1.447821384091136,0.0,0.8798440000000003
Tx_proton_mid_Egamma_W_1,Tx_proton,Tx proton,qout,1.0,-0.9807852804032304,0.1950903220161286,0.0,-2.220446049250313e-16
Tx_proton_mid_Egamma_W_2,Tx_proton,Tx proton,k,2.224417666614393,-1.9617611892141715,-1.048583201711043,-2.9513459302684256e-06,2.611199274582532e-07
Tx_proton_mid_Egamma_W_2,Tx_proton,Tx proton,p,2.4140997689462407,1.9617611892141715,1.048583201711043,2.9513459302684256e-06,0.8798439999999994
Tx_proton_mid_Egamma_W_2,Tx_proton,Tx proton,kp,2.0576416679582463,-0.773010453362737,-1.9069199803846002,0.0,2.6111992568189635e-07
Tx_proton_mid_Egamma_W_2,Tx_proton,Tx proton,pp,1.5808757676032035,0.0,1.2725266962209547,0.0,0.8798439999999998
Tx_proton_mid_Egamma_W_2,Tx_proton,Tx proton,qout,1.0,0.773010453362737,0.6343932841636455,0.0,0.0
Tx_proton_mid_Egamma_W_3,Tx_proton,Tx proton,k,2.224417666614393,1.9617611892141715,-1.0485832017110432,-2.9513459302684256e-06,2.611199274582532e-07
Tx_proton_mid_Egamma_W_3,Tx_proton,Tx proton,p,2.4140997689462407,-1.9617611892141715,1.0485832017110432,2.9513459302684256e-06,0.8798439999999994
Tx_proton_mid_Egamma_W_3,Tx_proton,Tx proton,kp,2.0576416679582463,0.773010453362737,-1.9069199803846002,0.0,2.6111992568189635e-07
Tx_proton_mid_Egamma_W_3,Tx_proton,Tx proton,pp,1.5808757676032035,0.0,1.2725266962209547,0.0,0.8798439999999998
Tx_proton_mid_Egamma_W_3,Tx_proton,Tx proton,qout,1.0,-0.773010453362737,0.6343932841636455,0.0,0.0
Tx_proton_high_Egamma_W_0,Tx_proton,Tx proton,k,2.224417666614393,-2.1286349325301064,-0.6457143473937466,-2.9513459302684256e-06,2.611199283464316e-07
Tx_proton_high_Egamma_W_0,Tx_proton,Tx proton,p,2.4140997689462407,2.1286349325301064,0.6457143473937466,2.9513459302684256e-06,0.8798440000000003
Tx_proton_high_Egamma_W_0,Tx_proton,Tx proton,kp,1.1421210507566701,-1.141907911494562,-0.02205799464414593,0.0,2.6111992657007477e-07
Tx_proton_high_Egamma_W_0,Tx_proton,Tx proton,pp,1.696396384804674,0.0,1.4134768106970723,0.0,0.8798439999999998
Tx_proton_high_Egamma_W_0,Tx_proton,Tx proton,qout,1.8,1.141907911494562,-1.3914188160529264,0.0,4.440892098500626e-16
Tx_proton_high_Egamma_W_1,Tx_proton,Tx proton,k,2.224417666614393,2.1286349325301064,-0.6457143473937468,-2.9513459302684256e-06,2.611199274582532e-07
Tx_proton_high_Egamma_W_1,Tx_proton,Tx proton,p,2.4140997689462407,-2.1286349325301064,0.6457143473937468,2.9513459302684256e-06,0.8798439999999994
Tx_proton_high_Egamma_W_1,Tx_proton,Tx proton,kp,1.1421210507566706,1.1419079114945625,-0.022057994644146373,0.0,2.6111992657007477e-07
Tx_proton_high_Egamma_W_1,Tx_proton,Tx proton,pp,1.696396384804674,0.0,1.4134768106970723,0.0,0.8798439999999998
Tx_proton_high_Egamma_W_1,Tx_proton,Tx proton,qout,1.8,-1.1419079114945625,-1.391418816052926,0.0,4.440892098500626e-16
Tx_proton_high_Egamma_W_2,Tx_proton,Tx proton,k,2.224417666614393,-1.4111555916388185,-1.7194980635650856,-2.9513459302684256e-06,2.6111992657007477e-07
Tx_proton_high_Egamma_W_2,Tx_proton,Tx proton,p,2.4140997689462407,1.4111555916388185,1.7194980635650856,2.9513459302684256e-06,0.8798439999999985
Tx_proton_high_Egamma_W_2,Tx_proton,Tx proton,kp,1.2729389347806432,-1.2727922061357853,0.019320211193278647,0.0,2.6111992657007477e-07
Tx_proton_high_Egamma_W_2,Tx_proton,Tx proton,pp,1.5655785007801906,0.0,1.2534719949425073,0.0,0.8798440000000003
Tx_proton_high_Egamma_W_2,Tx_proton,Tx proton,qout,1.8,1.2727922061357853,-1.272792206135786,0.0,0.0
Tx_proton_high_Egamma_W_3,Tx_proton,Tx proton,k,2.224417666614393,1.411155591638818,-1.7194980635650856,-2.9513459302684256e-06,2.611199283464316e-07
Tx_proton_high_Egamma_W_3,Tx_proton,Tx proton,p,2.4140997689462407,-1.411155591638818,1.7194980635650856,2.9513459302684256e-06,0.8798440000000003
Tx_proton_high_Egamma_W_3,Tx_proton,Tx proton,kp,1.272938934780644,1.272792206135786,0.019320211193278203,0.0,2.6111992657007477e-07
Tx_proton_high_Egamma_W_3,Tx_proton,Tx proton,pp,1.5655785007801906,0.0,1.2534719949425073,0.0,0.8798440000000003
Tx_proton_high_Egamma_W_3,Tx_proton,Tx proton,qout,1.8,-1.272792206135786,-1.2727922061357855,0.0,-4.440892098500626e-16
Ty_proton_low_Egamma_W_0,Ty_proton,Ty proton,k,2.224417666614393,0.2180310528268861,-2.213706429141132,-2.9513459302684256e-06,2.611199274582532e-07
Ty_proton_low_Egamma_W_0,Ty_proton,Ty proton,p,2.4140997689462407,-0.2180310528268861,2.213706429141132,2.9513459302684256e-06,0.8798439999999994
Ty_proton_low_Egamma_W_0,Ty_proton,Ty proton,kp,2.1435769812803,0.35355339059327373,-2.1142190079447394,0.0,2.6111992657007477e-07
Ty_proton_low_Egamma_W_0,Ty_proton,Ty proton,pp,1.9949404542801814,0.0,1.7606656173514654,0.0,0.8798439999999994
Ty_proton_low_Egamma_W_0,Ty_proton,Ty proton,qout,0.5,-0.35355339059327373,0.3535533905932738,0.0,0.0
Ty_proton_low_Egamma_W_1,Ty_proton,Ty proton,k,2.224417666614393,-0.21803105282688637,-2.213706429141132,-2.9513459302684256e-06,2.611199274582532e-07
Ty_proton_low_Egamma_W_1,Ty_proton,Ty proton,p,2.4140997689462407,0.21803105282688637,2.213706429141132,2.9513459302684256e-06,0.8798439999999994
Ty_proton_low_Egamma_W_1,Ty_proton,Ty proton,kp,2.1435769812803,-0.3535533905932738,-2.1142190079447394,0.0,2.6111992657007477e-07
Ty_proton_low_Egamma_W_1,Ty_proton,Ty proton,pp,1.9949404542801814,0.0,1.7606656173514654,0.0,0.8798439999999994
Ty_proton_low_Egamma_W_1,Ty_proton,Ty proton,qout,0.5,0.3535533905932738,0.35355339059327373,0.0,0.0
Ty_proton_low_Egamma_W_2,Ty_proton,Ty proton,k,2.224417666614393,-1.362062951752163e-16,-2.2244176079184372,-2.9513459302684256e-06,2.611199274582532e-07
Ty_proton_low_Egamma_W_2,Ty_proton,Ty proton,p,2.4140997689462407,1.362062951752163e-16,2.2244176079184372,2.9513459302684256e-06,0.8798439999999994
Ty_proton_low_Egamma_W_2,Ty_proton,Ty proton,kp,1.7376510105561884,-0.14514233862723103,-1.7315786077752386,0.0,2.611199274582532e-07
Ty_proton_low_Egamma_W_2,Ty_proton,Ty proton,pp,2.4008664250044816,0.0,2.210048775641343,0.0,0.8798440000000003
Ty_proton_low_Egamma_W_2,Ty_proton,Ty proton,qout,0.5,0.14514233862723103,-0.47847016786610447,0.0,0.0
Ty_proton_low_Egamma_W_3,Ty_proton,Ty proton,k,2.224417666614393,-1.362062951752163e-16,-2.2244176079184372,-2.9513459302684256e-06,2.611199274582532e-07
Ty_proton_low_Egamma_W_3,Ty_proton,Ty proton,p,2.4140997689462407,1.362062951752163e-16,2.2244176079184372,2.9513459302684256e-06,0.8798439999999994
Ty_proton_low_Egamma_W_3,Ty_proton,Ty proton,kp,1.7376510105561886,0.14514233862723122,-1.7315786077752389,0.0,2.61119927014164e-07
Ty_proton_low_Egamma_W_3,Ty_proton,Ty proton,pp,2.4008664250044816,0.0,2.210048775641343,0.0,0.8798440000000003
Ty_proton_low_Egamma_W_3,Ty_proton,Ty proton,qout,0.5,-0.14514233862723122,-0.4784701678661044,0.0,0.0
Ty_proton_mid_Egamma_W_0,Ty_proton,Ty proton,k,2.224417666614393,-1.719498063565086,-1.4111555916388174,-2.9513459302684256e-06,2.611199283464316e-07
Ty_proton_mid_Egamma_W_0,Ty_proton,Ty proton,p,2.4140997689462407,1.719498063565086,1.4111555916388174,2.9513459302684256e-06,0.8798440000000003
Ty_proton_mid_Egamma_W_0,Ty_proton,Ty proton,kp,2.008483832071664,-0.881921264348355,-1.8045004644121179,0.0,2.6111992657007477e-07
Ty_proton_mid_Egamma_W_0,Ty_proton,Ty proton,pp,1.6300336034892067,0.0,1.3331037275861202,0.0,0.8798439999999998
Ty_proton_mid_Egamma_W_0,Ty_proton,Ty proton,qout,1.0,0.881921264348355,0.47139673682599764,0.0,0.0
Ty_proton_mid_Egamma_W_1,Ty_proton,Ty proton,k,2.224417666614393,1.7194980635650854,-1.4111555916388185,-2.9513459302684256e-06,2.611199274582532e-07
Ty_proton_mid_Egamma_W_1,Ty_proton,Ty proton,p,2.4140997689462407,-1.7194980635650854,1.4111555916388185,2.9513459302684256e-06,0.8798439999999994
Ty_proton_mid_Egamma_W_1,Ty_proton,Ty proton,kp,2.0084838320716645,0.8819212643483549,-1.804500464412118,0.0,2.611199274582532e-07
Ty_proton_mid_Egamma_W_1,Ty_proton,Ty proton,pp,1.6300336034892067,0.0,1.3331037275861202,0.0,0.8798439999999998
Ty_proton_mid_Egamma_W_1,Ty_proton,Ty proton,qout,1.0,-0.8819212643483549,0.47139673682599786,0.0,0.0
Ty_proton_mid_Egamma_W_2,Ty_proton,Ty proton,k,2.224417666614393,-1.9617611892141715,-1.048583201711043,-2.9513459302684256e-06,2.611199274582532e-07
Ty_proton_mid_Egamma_W_2,Ty_proton,Ty proton,p,2.4140997689462407,1.9617611892141715,1.048583201711043,2.9513459302684256e-06,0.8798439999999994
Ty_proton_mid_Egamma_W_2,Ty_proton,Ty proton,kp,2.11121102453706,-0.5555702330196023,-2.036799804887422,0.0,2.611199274582532e-07
Ty_proton_mid_Egamma_W_2,Ty_proton,Ty proton,pp,1.5273064110245511,0.0,1.2053301925848765,0.0,0.8798439999999998
Ty_proton_mid_Egamma_W_2,Ty_proton,Ty proton,qout,1.0,0.5555702330196023,0.8314696123025452,0.0,0.0
Ty_proton_mid_Egamma_W_3,Ty_proton,Ty proton,k,2.224417666614393,1.9617611892141715,-1.0485832017110432,-2.9513459302684256e-06,2.611199274582532e-07
Ty_proton_mid_Egamma_W_3,Ty_proton,Ty proton,p,2.4140997689462407,-1.9617611892141715,1.0485832017110432,2.9513459302684256e-06,0.8798439999999994
Ty_proton_mid_Egamma_W_3,Ty_proton,Ty proton,kp,2.11121102453706,0.555570233019602,-2.036799804887422,0.0,2.611199274582532e-07
Ty_proton_mid_Egamma_W_3,Ty_proton,Ty proton,pp,1.5273064110245511,0.0,1.2053301925848765,0.0,0.8798439999999998
Ty_proton_mid_Egamma_W_3,Ty_proton,Ty proton,qout,1.0,-0.555570233019602,0.8314696123025453,0.0,1.1102230246251565e-16
Ty_proton_high_Egamma_W_0,Ty_proton,Ty proton,k,2.224417666614393,-0.8512477652115711,-2.0550938997135604,-2.9513459302684256e-06,2.6111992657007477e-07
Ty_proton_high_Egamma_W_0,Ty_proton,Ty proton,p,2.4140997689462407,0.8512477652115711,2.0550938997135604,2.9513459302684256e-06,0.8798439999999985
Ty_proton_high_Egamma_W_0,Ty_proton,Ty proton,kp,1.8665208758645813,1.7654135047258148,-0.6059827359340128,0.0,2.611199274582532e-07
Ty_proton_high_Egamma_W_0,Ty_proton,Ty proton,pp,0.971996559695195,0.0,0.2548201563049812,0.0,0.8798439999999997
Ty_proton_high_Egamma_W_0,Ty_proton,Ty proton,qout,1.8,-1.7654135047258148,0.3511625796290315,0.0,-4.440892098500626e-16
Ty_proton_high_Egamma_W_1,Ty_proton,Ty proton,k,2.224417666614393,0.8512477652115709,-2.0550938997135604,-2.9513459302684256e-06,2.611199274582532e-07
Ty_proton_high_Egamma_W_1,Ty_proton,Ty proton,p,2.4140997689462407,-0.8512477652115709,2.0550938997135604,2.9513459302684256e-06,0.8798439999999994
Ty_proton_high_Egamma_W_1,Ty_proton,Ty proton,kp,1.8665208758645808,-1.7654135047258148,-0.6059827359340121,0.0,2.6111992657007477e-07
Ty_proton_high_Egamma_W_1,Ty_proton,Ty proton,pp,0.971996559695195,0.0,0.2548201563049812,0.0,0.8798439999999997
Ty_proton_high_Egamma_W_1,Ty_proton,Ty proton,qout,1.8,1.7654135047258148,0.35116257962903086,0.0,0.0
Ty_proton_high_Egamma_W_2,Ty_proton,Ty proton,k,2.224417666614393,2.1816760473161674,-0.43396234742715445,-2.9513459302684256e-06,2.611199283464316e-07
Ty_proton_high_Egamma_W_2,Ty_proton,Ty proton,p,2.4140997689462407,-2.1816760473161674,0.43396234742715445,2.9513459302684256e-06,0.8798440000000003
Ty_proton_high_Egamma_W_2,Ty_proton,Ty proton,kp,1.8952727475720423,-0.5225124190580323,-1.8218230700316305,0.0,2.6111992657007477e-07
Ty_proton_high_Egamma_W_2,Ty_proton,Ty proton,pp,0.9432446879886954,0.0,0.0993304657136545,0.0,0.8798439999999998
Ty_proton_high_Egamma_W_2,Ty_proton,Ty proton,qout,1.8,0.5225124190580323,1.722492604317976,0.0,0.0
Ty_proton_high_Egamma_W_3,Ty_proton,Ty proton,k,2.224417666614393,-2.1816760473161674,-0.4339623474271541,-2.9513459302684256e-06,2.611199283464316e-07
Ty_proton_high_Egamma_W_3,Ty_proton,Ty proton,p,2.4140997689462407,2.1816760473161674,0.4339623474271541,2.9513459302684256e-06,0.8798440000000003
Ty_proton_high_Egamma_W_3,Ty_proton,Ty proton,kp,1.8952727475720423,0.5225124190580319,-1.8218230700316305,0.0,2.61119927014164e-07
Ty_proton_high_Egamma_W_3,Ty_proton,Ty proton,pp,0.9432446879886954,0.0,0.0993304657136545,0.0,0.8798439999999998
Ty_proton_high_Egamma_W_3,Ty_proton,Ty proton,qout,1.8,-0.5225124190580319,1.722492604317976,0.0,4.440892098500626e-16
Tx_electron_low_Egamma_W_0,Tx_electron,Tx electron,k,2.224417666614393,2.1816760473161674,0.4339623474271539,-2.9513459302684256e-06,2.6111992923461e-07
Tx_electron_low_Egamma_W_0,Tx_electron,Tx electron,p,2.4140997689462407,-2.1816760473161674,-0.4339623474271539,2.9513459302684256e-06,0.8798440000000012
Tx_electron_low_Egamma_W_0,Tx_electron,Tx electron,kp,1.724417674775655,9.184850993605148e-17,-1.724417599063159,0.0,2.61119927014164e-07
Tx_electron_low_Egamma_W_0,Tx_electron,Tx electron,pp,2.4140997607849406,0.0,2.224417599063159,0.0,0.8798439999999994
Tx_electron_low_Egamma_W_0,Tx_electron,Tx electron,qout,0.5,-9.184850993605148e-17,-0.5,0.0,0.0
Tx_electron_low_Egamma_W_1,Tx_electron,Tx electron,k,2.224417666614393,-2.1816760473161674,0.43396234742715467,-2.9513459302684256e-06,2.611199283464316e-07
Tx_electron_low_Egamma_W_1,Tx_electron,Tx electron,p,2.4140997689462407,2.1816760473161674,-0.43396234742715467,2.9513459302684256e-06,0.8798440000000003
Tx_electron_low_Egamma_W_1,Tx_electron,Tx electron,kp,1.724417674775655,9.184850993605148e-17,-1.724417599063159,0.0,2.61119927014164e-07
Tx_electron_low_Egamma_W_1,Tx_electron,Tx electron,pp,2.4140997607849406,0.0,2.224417599063159,0.0,0.8798439999999994
Tx_electron_low_Egamma_W_1,Tx_electron,Tx electron,qout,0.5,-9.184850993605148e-17,-0.5,0.0,0.0
Tx_electron_low_Egamma_W_2,Tx_electron,Tx electron,k,2.224417666614393,-2.2244176079184372,-0.0,-2.9513459302684256e-06,2.611199274582532e-07
Tx_electron_low_Egamma_W_2,Tx_electron,Tx electron,p,2.4140997689462407,2.2244176079184372,0.0,2.9513459302684256e-06,0.8798439999999994
Tx_electron_low_Egamma_W_2,Tx_electron,Tx electron,kp,1.9931633830757152,0.5,-1.9294299703575413,0.0,2.611199274582532e-07
Tx_electron_low_Egamma_W_2,Tx_electron,Tx electron,pp,2.145354052485021,0.0,1.9294299703575413,0.0,0.879843999999999
Tx_electron_low_Egamma_W_2,Tx_electron,Tx electron,qout,0.5,-0.5,6.123233995736766e-17,0.0,0.0
Tx_electron_low_Egamma_W_3,Tx_electron,Tx electron,k,2.224417666614393,2.2244176079184372,-2.724125903504326e-16,-2.9513459302684256e-06,2.611199274582532e-07
Tx_electron_low_Egamma_W_3,Tx_electron,Tx electron,p,2.4140997689462407,-2.2244176079184372,2.724125903504326e-16,2.9513459302684256e-06,0.8798439999999994
Tx_electron_low_Egamma_W_3,Tx_electron,Tx electron,kp,1.9931633830757152,-0.5,-1.9294299703575413,0.0,2.611199274582532e-07
Tx_electron_low_Egamma_W_3,Tx_electron,Tx electron,pp,2.145354052485021,0.0,1.9294299703575413,0.0,0.879843999999999
Tx_electron_low_Egamma_W_3,Tx_electron,Tx electron,qout,0.5,0.5,0.0,0.0,0.0
Tx_electron_mid_Egamma_W_0,Tx_electron,Tx electron,k,2.224417666614393,-2.1816760473161674,-0.4339623474271541,-2.9513459302684256e-06,2.611199283464316e-07
Tx_electron_mid_Egamma_W_0,Tx_electron,Tx electron,p,2.4140997689462407,2.1816760473161674,0.4339623474271541,2.9513459302684256e-06,0.8798440000000003
Tx_electron_mid_Egamma_W_0,Tx_electron,Tx electron,kp,1.7477457046919396,0.9807852804032304,-1.4466081089547211,0.0,2.6111992657007477e-07
Tx_electron_mid_Egamma_W_0,Tx_electron,Tx electron,pp,1.8907717308686813,0.0,1.6416984309708496,0.0,0.8798439999999998
Tx_electron_mid_Egamma_W_0,Tx_electron,Tx electron,qout,1.0,-0.9807852804032304,-0.19509032201612836,0.0,0.0
Tx_electron_mid_Egamma_W_1,Tx_electron,Tx electron,k,2.224417666614393,2.1816760473161674,-0.43396234742715445,-2.9513459302684256e-06,2.611199283464316e-07
Tx_electron_mid_Egamma_W_1,Tx_electron,Tx electron,p,2.4140997689462407,-2.1816760473161674,0.43396234742715445,2.9513459302684256e-06,0.8798440000000003
Tx_electron_mid_Egamma_W_1,Tx_electron,Tx electron,kp,1.7477457046919394,-0.9807852804032303,-1.446608108954721,0.0,2.61119927014164e-07
Tx_electron_mid_Egamma_W_1,Tx_electron,Tx electron,pp,1.8907717308686813,0.0,1.6416984309708496,0.0,0.8798439999999998
Tx_electron_mid_Egamma_W_1,Tx_electron,Tx electron,qout,1.0,0.9807852804032303,-0.19509032201612872,0.0,0.0
Tx_electron_mid_Egamma_W_2,Tx_electron,Tx electron,k,2.224417666614393,-1.362062951752163e-16,-2.2244176079184372,-2.9513459302684256e-06,2.611199274582532e-07
Tx_electron_mid_Egamma_W_2,Tx_electron,Tx electron,p,2.4140997689462407,1.362062951752163e-16,2.2244176079184372,2.9513459302684256e-06,0.8798439999999994
Tx_electron_mid_Egamma_W_2,Tx_electron,Tx electron,kp,1.2286045180141763,0.09801714032956045,-1.224688303515035,0.0,2.6111992679211937e-07
Tx_electron_mid_Egamma_W_2,Tx_electron,Tx electron,pp,2.409912917545496,0.0,2.219873030187232,0.0,0.8798440000000003
Tx_electron_mid_Egamma_W_2,Tx_electron,Tx electron,qout,1.0,-0.09801714032956045,-0.9951847266721969,0.0,0.0
Tx_electron_mid_Egamma_W_3,Tx_electron,Tx electron,k,2.224417666614393,2.1816760473161674,0.4339623474271539,-2.9513459302684256e-06,2.6111992923461e-07
Tx_electron_mid_Egamma_W_3,Tx_electron,Tx electron,p,2.4140997689462407,-2.1816760473161674,-0.4339623474271539,2.9513459302684256e-06,0.8798440000000012
Tx_electron_mid_Egamma_W_3,Tx_electron,Tx electron,kp,1.2244176896022099,1.8369701987210297e-16,-1.224417582971956,0.0,2.61119927014164e-07
Tx_electron_mid_Egamma_W_3,Tx_electron,Tx electron,pp,2.4140997459580658,0.0,2.224417582971956,0.0,0.8798439999999994
Tx_electron_mid_Egamma_W_3,Tx_electron,Tx electron,qout,1.0,-1.8369701987210297e-16,-1.0,0.0,0.0
Tx_electron_high_Egamma_W_0,Tx_electron,Tx electron,k,2.224417666614393,-2.213706429141132,0.21803105282688676,-2.9513459302684256e-06,2.611199274582532e-07
Tx_electron_high_Egamma_W_0,Tx_electron,Tx electron,p,2.4140997689462407,2.213706429141132,-0.21803105282688676,2.9513459302684256e-06,0.8798439999999994
Tx_electron_high_Egamma_W_0,Tx_electron,Tx electron,kp,0.44601119623559854,0.17643085259320881,-0.40963139564835127,0.0,2.611199269031417e-07
Tx_electron_high_Egamma_W_0,Tx_electron,Tx electron,pp,2.392506239324531,0.0,2.2009639036583057,0.0,0.8798440000000012
Tx_electron_high_Egamma_W_0,Tx_electron,Tx electron,qout,1.8,-0.17643085259320881,-1.7913325080099545,0.0,0.0
Tx_electron_high_Egamma_W_1,Tx_electron,Tx electron,k,2.224417666614393,2.213706429141132,0.21803105282688695,-2.9513459302684256e-06,2.611199274582532e-07
Tx_electron_high_Egamma_W_1,Tx_electron,Tx electron,p,2.4140997689462407,-2.213706429141132,-0.21803105282688695,2.9513459302684256e-06,0.8798439999999994
Tx_electron_high_Egamma_W_1,Tx_electron,Tx electron,kp,0.44601119623559826,-0.17643085259320818,-0.40963139564835127,0.0,2.611199269031417e-07
Tx_electron_high_Egamma_W_1,Tx_electron,Tx electron,pp,2.392506239324531,0.0,2.2009639036583057,0.0,0.8798440000000012
Tx_electron_high_Egamma_W_1,Tx_electron,Tx electron,qout,1.8,0.17643085259320818,-1.7913325080099545,0.0,4.440892098500626e-16
Tx_electron_high_Egamma_W_2,Tx_electron,Tx electron,k,2.224417666614393,2.1816760473161674,-0.43396234742715445,-2.9513459302684256e-06,2.611199283464316e-07
Tx_electron_high_Egamma_W_2,Tx_electron,Tx electron,p,2.4140997689462407,-2.1816760473161674,0.43396234742715445,2.9513459302684256e-06,0.8798440000000003
Tx_electron_high_Egamma_W_2,Tx_electron,Tx electron,kp,0.6048529158418204,0.5225124190580324,-0.3046761569479117,0.0,2.611199269586528e-07
Tx_electron_high_Egamma_W_2,Tx_electron,Tx electron,pp,2.233664519719171,0.0,2.0271687612658877,0.0,0.8798440000000003
Tx_electron_high_Egamma_W_2,Tx_electron,Tx electron,qout,1.8,-0.5225124190580324,-1.722492604317976,0.0,0.0
Tx_electron_high_Egamma_W_3,Tx_electron,Tx electron,k,2.224417666614393,-2.1816760473161674,-0.4339623474271541,-2.9513459302684256e-06,2.611199283464316e-07
Tx_electron_high_Egamma_W_3,Tx_electron,Tx electron,p,2.4140997689462407,2.1816760473161674,0.4339623474271541,2.9513459302684256e-06,0.8798440000000003
Tx_electron_high_Egamma_W_3,Tx_electron,Tx electron,kp,0.6048529158418198,-0.5225124190580317,-0.3046761569479117,0.0,2.611199268476305e-07
Tx_electron_high_Egamma_W_3,Tx_electron,Tx electron,pp,2.233664519719171,0.0,2.0271687612658877,0.0,0.8798440000000003
Tx_electron_high_Egamma_W_3,Tx_electron,Tx electron,qout,1.8,0.5225124190580317,-1.722492604317976,0.0,4.440892098500626e-16
Ty_electron_low_Egamma_W_0,Ty_electron,Ty electron,k,2.224417666614393,-2.1816760473161674,0.43396234742715467,-2.9513459302684256e-06,2.611199283464316e-07
Ty_electron_low_Egamma_W_0,Ty_electron,Ty electron,p,2.4140997689462407,2.1816760473161674,-0.43396234742715467,2.9513459302684256e-06,0.8798440000000003
Ty_electron_low_Egamma_W_0,Ty_electron,Ty electron,kp,1.724417674775655,9.184850993605148e-17,-1.724417599063159,0.0,2.61119927014164e-07
Ty_electron_low_Egamma_W_0,Ty_electron,Ty electron,pp,2.4140997607849406,0.0,2.224417599063159,0.0,0.8798439999999994
Ty_electron_low_Egamma_W_0,Ty_electron,Ty electron,qout,0.5,-9.184850993605148e-17,-0.5,0.0,0.0
Ty_electron_low_Egamma_W_1,Ty_electron,Ty electron,k,2.224417666614393,2.1816760473161674,0.4339623474271539,-2.9513459302684256e-06,2.6111992923461e-07
Ty_electron_low_Egamma_W_1,Ty_electron,Ty electron,p,2.4140997689462407,-2.1816760473161674,-0.4339623474271539,2.9513459302684256e-06,0.8798440000000012
Ty_electron_low_Egamma_W_1,Ty_electron,Ty electron,kp,1.724417674775655,9.184850993605148e-17,-1.724417599063159,0.0,2.61119927014164e-07
Ty_electron_low_Egamma_W_1,Ty_electron,Ty electron,pp,2.4140997607849406,0.0,2.224417599063159,0.0,0.8798439999999994
Ty_electron_low_Egamma_W_1,Ty_electron,Ty electron,qout,0.5,-9.184850993605148e-17,-0.5,0.0,0.0
Ty_electron_low_Egamma_W_2,Ty_electron,Ty electron,k,2.224417666614393,-2.2244176079184372,-0.0,-2.9513459302684256e-06,2.611199274582532e-07
Ty_electron_low_Egamma_W_2,Ty_electron,Ty electron,p,2.4140997689462407,2.2244176079184372,0.0,2.9513459302684256e-06,0.8798439999999994
Ty_electron_low_Egamma_W_2,Ty_electron,Ty electron,kp,1.9931633830757152,0.5,-1.9294299703575413,0.0,2.611199274582532e-07
Ty_electron_low_Egamma_W_2,Ty_electron,Ty electron,pp,2.145354052485021,0.0,1.9294299703575413,0.0,0.879843999999999
Ty_electron_low_Egamma_W_2,Ty_electron,Ty electron,qout,0.5,-0.5,6.123233995736766e-17,0.0,0.0
Ty_electron_low_Egamma_W_3,Ty_electron,Ty electron,k,2.224417666614393,2.2244176079184372,-2.724125903504326e-16,-2.9513459302684256e-06,2.611199274582532e-07
Ty_electron_low_Egamma_W_3,Ty_electron,Ty electron,p,2.4140997689462407,-2.2244176079184372,2.724125903504326e-16,2.9513459302684256e-06,0.8798439999999994
Ty_electron_low_Egamma_W_3,Ty_electron,Ty electron,kp,1.9931633830757152,-0.5,-1.9294299703575413,0.0,2.611199274582532e-07
Ty_electron_low_Egamma_W_3,Ty_electron,Ty electron,pp,2.145354052485021,0.0,1.9294299703575413,0.0,0.879843999999999
Ty_electron_low_Egamma_W_3,Ty_electron,Ty electron,qout,0.5,0.5,0.0,0.0,0.0
Ty_electron_mid_Egamma_W_0,Ty_electron,Ty electron,k,2.224417666614393,-2.1816760473161674,-0.4339623474271541,-2.9513459302684256e-06,2.611199283464316e-07
Ty_electron_mid_Egamma_W_0,Ty_electron,Ty electron,p,2.4140997689462407,2.1816760473161674,0.4339623474271541,2.9513459302684256e-06,0.8798440000000003
Ty_electron_mid_Egamma_W_0,Ty_electron,Ty electron,kp,1.7477457046919396,0.9807852804032304,-1.4466081089547211,0.0,2.6111992657007477e-07
Ty_electron_mid_Egamma_W_0,Ty_electron,Ty electron,pp,1.8907717308686813,0.0,1.6416984309708496,0.0,0.8798439999999998
Ty_electron_mid_Egamma_W_0,Ty_electron,Ty electron,qout,1.0,-0.9807852804032304,-0.19509032201612836,0.0,0.0
Ty_electron_mid_Egamma_W_1,Ty_electron,Ty electron,k,2.224417666614393,2.1816760473161674,-0.43396234742715445,-2.9513459302684256e-06,2.611199283464316e-07
Ty_electron_mid_Egamma_W_1,Ty_electron,Ty electron,p,2.4140997689462407,-2.1816760473161674,0.43396234742715445,2.9513459302684256e-06,0.8798440000000003
Ty_electron_mid_Egamma_W_1,Ty_electron,Ty electron,kp,1.7477457046919394,-0.9807852804032303,-1.446608108954721,0.0,2.61119927014164e-07
Ty_electron_mid_Egamma_W_1,Ty_electron,Ty electron,pp,1.8907717308686813,0.0,1.6416984309708496,0.0,0.8798439999999998
Ty_electron_mid_Egamma_W_1,Ty_electron,Ty electron,qout,1.0,0.9807852804032303,-0.19509032201612872,0.0,0.0
Ty_electron_mid_Egamma_W_2,Ty_electron,Ty electron,k,2.224417666614393,-1.362062951752163e-16,-2.2244176079184372,-2.9513459302684256e-06,2.611199274582532e-07
Ty_electron_mid_Egamma_W_2,Ty_electron,Ty electron,p,2.4140997689462407,1.362062951752163e-16,2.2244176079184372,2.9513459302684256e-06,0.8798439999999994
Ty_electron_mid_Egamma_W_2,Ty_electron,Ty electron,kp,1.2286045180141763,0.09801714032956045,-1.224688303515035,0.0,2.6111992679211937e-07
Ty_electron_mid_Egamma_W_2,Ty_electron,Ty electron,pp,2.409912917545496,0.0,2.219873030187232,0.0,0.8798440000000003
Ty_electron_mid_Egamma_W_2,Ty_electron,Ty electron,qout,1.0,-0.09801714032956045,-0.9951847266721969,0.0,0.0
Ty_electron_mid_Egamma_W_3,Ty_electron,Ty electron,k,2.224417666614393,2.1816760473161674,0.4339623474271539,-2.9513459302684256e-06,2.6111992923461e-07
Ty_electron_mid_Egamma_W_3,Ty_electron,Ty electron,p,2.4140997689462407,-2.1816760473161674,-0.4339623474271539,2.9513459302684256e-06,0.8798440000000012
Ty_electron_mid_Egamma_W_3,Ty_electron,Ty electron,kp,1.2244176896022099,1.8369701987210297e-16,-1.224417582971956,0.0,2.61119927014164e-07
Ty_electron_mid_Egamma_W_3,Ty_electron,Ty electron,pp,2.4140997459580658,0.0,2.224417582971956,0.0,0.8798439999999994
Ty_electron_mid_Egamma_W_3,Ty_electron,Ty electron,qout,1.0,-1.8369701987210297e-16,-1.0,0.0,0.0
Ty_electron_high_Egamma_W_0,Ty_electron,Ty electron,k,2.224417666614393,2.213706429141132,0.21803105282688695,-2.9513459302684256e-06,2.611199274582532e-07
Ty_electron_high_Egamma_W_0,Ty_electron,Ty electron,p,2.4140997689462407,-2.213706429141132,-0.21803105282688695,2.9513459302684256e-06,0.8798439999999994
Ty_electron_high_Egamma_W_0,Ty_electron,Ty electron,kp,0.44601119623559826,-0.17643085259320818,-0.40963139564835127,0.0,2.611199269031417e-07
Ty_electron_high_Egamma_W_0,Ty_electron,Ty electron,pp,2.392506239324531,0.0,2.2009639036583057,0.0,0.8798440000000012
Ty_electron_high_Egamma_W_0,Ty_electron,Ty electron,qout,1.8,0.17643085259320818,-1.7913325080099545,0.0,4.440892098500626e-16
Ty_electron_high_Egamma_W_1,Ty_electron,Ty electron,k,2.224417666614393,-2.213706429141132,0.21803105282688676,-2.9513459302684256e-06,2.611199274582532e-07
Ty_electron_high_Egamma_W_1,Ty_electron,Ty electron,p,2.4140997689462407,2.213706429141132,-0.21803105282688676,2.9513459302684256e-06,0.8798439999999994
Ty_electron_high_Egamma_W_1,Ty_electron,Ty electron,kp,0.44601119623559854,0.17643085259320881,-0.40963139564835127,0.0,2.611199269031417e-07
Ty_electron_high_Egamma_W_1,Ty_electron,Ty electron,pp,2.392506239324531,0.0,2.2009639036583057,0.0,0.8798440000000012
Ty_electron_high_Egamma_W_1,Ty_electron,Ty electron,qout,1.8,-0.17643085259320881,-1.7913325080099545,0.0,0.0
Ty_electron_high_Egamma_W_2,Ty_electron,Ty electron,k,2.224417666614393,-2.1816760473161674,-0.4339623474271541,-2.9513459302684256e-06,2.611199283464316e-07
Ty_electron_high_Egamma_W_2,Ty_electron,Ty electron,p,2.4140997689462407,2.1816760473161674,0.4339623474271541,2.9513459302684256e-06,0.8798440000000003
Ty_electron_high_Egamma_W_2,Ty_electron,Ty electron,kp,0.6048529158418198,-0.5225124190580317,-0.3046761569479117,0.0,2.611199268476305e-07
Ty_electron_high_Egamma_W_2,Ty_electron,Ty electron,pp,2.233664519719171,0.0,2.0271687612658877,0.0,0.8798440000000003
Ty_electron_high_Egamma_W_2,Ty_electron,Ty electron,qout,1.8,0.5225124190580317,-1.722492604317976,0.0,4.440892098500626e-16
Ty_electron_high_Egamma_W_3,Ty_electron,Ty electron,k,2.224417666614393,2.1816760473161674,-0.43396234742715445,-2.9513459302684256e-06,2.611199283464316e-07
Ty_electron_high_Egamma_W_3,Ty_electron,Ty electron,p,2.4140997689462407,-2.1816760473161674,0.43396234742715445,2.9513459302684256e-06,0.8798440000000003
Ty_electron_high_Egamma_W_3,Ty_electron,Ty electron,kp,0.6048529158418204,0.5225124190580324,-0.3046761569479117,0.0,2.611199269586528e-07
Ty_electron_high_Egamma_W_3,Ty_electron,Ty electron,pp,2.233664519719171,0.0,2.0271687612658877,0.0,0.8798440000000003
Ty_electron_high_Egamma_W_3,Ty_electron,Ty electron,qout,1.8,-0.5225124190580324,-1.722492604317976,0.0,0.0
LL_low_Egamma_W_0,LL,L electron + L proton,k,2.224417666614393,-0.8512477652115705,2.0550938997135604,-2.9513459302684256e-06,2.611199274582532e-07
LL_low_Egamma_W_0,LL,L electron + L proton,p,2.4140997689462407,0.8512477652115705,-2.0550938997135604,2.9513459302684256e-06,0.8798439999999994
LL_low_Egamma_W_0,LL,L electron + L proton,kp,2.184497461163049,0.19134171618254486,-2.176101386506658,0.0,2.6111992657007477e-07
LL_low_Egamma_W_0,LL,L electron + L proton,pp,1.9540199743967774,0.0,1.7141616202510144,0.0,0.8798440000000003
LL_low_Egamma_W_0,LL,L electron + L proton,qout,0.5,-0.19134171618254486,0.46193976625564337,0.0,2.7755575615628914e-17
LL_low_Egamma_W_1,LL,L electron + L proton,k,2.224417666614393,0.8512477652115713,2.05509389971356,-2.9513459302684256e-06,2.611199283464316e-07
LL_low_Egamma_W_1,LL,L electron + L proton,p,2.4140997689462407,-0.8512477652115713,-2.05509389971356,2.9513459302684256e-06,0.8798440000000003
LL_low_Egamma_W_1,LL,L electron + L proton,kp,2.184497461163049,-0.19134171618254492,-2.176101386506658,0.0,2.6111992657007477e-07
LL_low_Egamma_W_1,LL,L electron + L proton,pp,1.9540199743967774,0.0,1.7141616202510144,0.0,0.8798440000000003
LL_low_Egamma_W_1,LL,L electron + L proton,qout,0.5,0.19134171618254492,0.46193976625564337,0.0,0.0
LL_low_Egamma_W_2,LL,L electron + L proton,k,2.224417666614393,1.5729007747498862,1.5729007747498858,-2.9513459302684256e-06,2.611199274582532e-07
LL_low_Egamma_W_2,LL,L electron + L proton,p,2.4140997689462407,-1.5729007747498862,-1.5729007747498858,2.9513459302684256e-06,0.8798439999999994
LL_low_Egamma_W_2,LL,L electron + L proton,kp,2.1435769812803,-0.3535533905932738,-2.1142190079447394,0.0,2.6111992657007477e-07
LL_low_Egamma_W_2,LL,L electron + L proton,pp,1.9949404542801814,0.0,1.7606656173514654,0.0,0.8798439999999994
LL_low_Egamma_W_2,LL,L electron + L proton,qout,0.5,0.3535533905932738,0.35355339059327373,0.0,0.0
LL_low_Egamma_W_3,LL,L electron + L proton,k,2.224417666614393,-1.5729007747498855,1.5729007747498862,-2.9513459302684256e-06,2.611199274582532e-07
LL_low_Egamma_W_3,LL,L electron + L proton,p,2.4140997689462407,1.5729007747498855,-1.5729007747498862,2.9513459302684256e-06,0.8798439999999994
LL_low_Egamma_W_3,LL,L electron + L proton,kp,2.1435769812803,0.35355339059327373,-2.1142190079447394,0.0,2.6111992657007477e-07
LL_low_Egamma_W_3,LL,L electron + L proton,pp,1.9949404542801814,0.0,1.7606656173514654,0.0,0.8798439999999994
LL_low_Egamma_W_3,LL,L electron + L proton,qout,0.5,-0.35355339059327373,0.3535533905932738,0.0,0.0
LL_mid_Egamma_W_0,LL,L electron + L proton,k,2.224417666614393,-0.6457143473937461,2.1286349325301064,-2.9513459302684256e-06,2.611199283464316e-07
LL_mid_Egamma_W_0,LL,L electron + L proton,p,2.4140997689462407,0.6457143473937461,-2.1286349325301064,2.9513459302684256e-06,0.8798440000000003
LL_mid_Egamma_W_0,LL,L electron + L proton,kp,2.1423366230933722,0.29028467725446216,-2.122578797519296,0.0,2.6111992657007477e-07
LL_mid_Egamma_W_0,LL,L electron + L proton,pp,1.496180812467987,0.0,1.1656384617870867,0.0,0.8798439999999998
LL_mid_Egamma_W_0,LL,L electron + L proton,qout,1.0,-0.29028467725446216,0.9569403357322089,0.0,0.0
LL_mid_Egamma_W_1,LL,L electron + L proton,k,2.224417666614393,0.6457143473937469,2.1286349325301064,-2.9513459302684256e-06,2.611199274582532e-07
LL_mid_Egamma_W_1,LL,L electron + L proton,p,2.4140997689462407,-0.6457143473937469,-2.1286349325301064,2.9513459302684256e-06,0.8798439999999994
LL_mid_Egamma_W_1,LL,L electron + L proton,kp,2.1423366230933722,-0.29028467725446233,-2.122578797519296,0.0,2.6111992657007477e-07
LL_mid_Egamma_W_1,LL,L electron + L proton,pp,1.496180812467987,0.0,1.1656384617870867,0.0,0.8798439999999998
LL_mid_Egamma_W_1,LL,L electron + L proton,qout,1.0,0.29028467725446233,0.9569403357322088,0.0,1.1102230246251565e-16
LL_mid_Egamma_W_2,LL,L electron + L proton,k,2.224417666614393,-1.362062951752163e-16,-2.2244176079184372,-2.9513459302684256e-06,2.611199274582532e-07
LL_mid_Egamma_W_2,LL,L electron + L proton,p,2.4140997689462407,1.362062951752163e-16,2.2244176079184372,2.9513459302684256e-06,0.8798439999999994
LL_mid_Egamma_W_2,LL,L electron + L proton,kp,1.3225057762056165,0.4713967368259979,-1.2356400703631678,0.0,2.6111992679211937e-07
LL_mid_Egamma_W_2,LL,L electron + L proton,pp,2.3160116593543405,0.0,2.1175613347115227,0.0,0.8798440000000003
LL_mid_Egamma_W_2,LL,L electron + L proton,qout,1.0,-0.4713967368259979,-0.8819212643483549,0.0,0.0
LL_mid_Egamma_W_3,LL,L electron + L proton,k,2.224417666614393,-1.362062951752163e-16,-2.2244176079184372,-2.9513459302684256e-06,2.611199274582532e-07
LL_mid_Egamma_W_3,LL,L electron + L proton,p,2.4140997689462407,1.362062951752163e-16,2.2244176079184372,2.9513459302684256e-06,0.8798439999999994
LL_mid_Egamma_W_3,LL,L electron + L proton,kp,1.3225057762056165,-0.4713967368259976,-1.2356400703631678,0.0,2.61119927014164e-07
LL_mid_Egamma_W_3,LL,L electron + L proton,pp,2.3160116593543405,0.0,2.1175613347115227,0.0,0.8798440000000003
LL_mid_Egamma_W_3,LL,L electron + L proton,qout,1.0,0.4713967368259976,-0.881921264348355,0.0,0.0
LL_high_Egamma_W_0,LL,L electron + L proton,k,2.224417666614393,2.055093899713561,0.8512477652115699,-2.9513459302684256e-06,2.6111992657007477e-07
LL_high_Egamma_W_0,LL,L electron + L proton,p,2.4140997689462407,-2.055093899713561,-0.8512477652115699,2.9513459302684256e-06,0.8798439999999985
LL_high_Egamma_W_0,LL,L electron + L proton,kp,1.8813039113049583,-1.662983158520316,-0.8796540001893932,0.0,2.6111992657007477e-07
LL_high_Egamma_W_0,LL,L electron + L proton,pp,0.9572135242550764,0.0,0.19082382193223157,0.0,0.8798439999999998
LL_high_Egamma_W_0,LL,L electron + L proton,qout,1.8,1.662983158520316,0.6888301782571616,0.0,4.440892098500626e-16
LL_high_Egamma_W_1,LL,L electron + L proton,k,2.224417666614393,-2.05509389971356,0.8512477652115714,-2.9513459302684256e-06,2.611199274582532e-07
LL_high_Egamma_W_1,LL,L electron + L proton,p,2.4140997689462407,2.05509389971356,-0.8512477652115714,2.9513459302684256e-06,0.8798439999999994
LL_high_Egamma_W_1,LL,L electron + L proton,kp,1.8813039113049586,1.662983158520316,-0.8796540001893934,0.0,2.61119927014164e-07
LL_high_Egamma_W_1,LL,L electron + L proton,pp,0.9572135242550764,0.0,0.19082382193223157,0.0,0.8798439999999998
LL_high_Egamma_W_1,LL,L electron + L proton,qout,1.8,-1.662983158520316,0.6888301782571619,0.0,0.0
LL_high_Egamma_W_2,LL,L electron + L proton,k,2.224417666614393,-0.6457143473937461,2.1286349325301064,-2.9513459302684256e-06,2.611199283464316e-07
LL_high_Egamma_W_2,LL,L electron + L proton,p,2.4140997689462407,0.6457143473937461,-2.1286349325301064,2.9513459302684256e-06,0.8798440000000003
LL_high_Egamma_W_2,LL,L electron + L proton,kp,1.8952727475720423,0.5225124190580319,-1.8218230700316305,0.0,2.61119927014164e-07
LL_high_Egamma_W_2,LL,L electron + L proton,pp,0.9432446879886954,0.0,0.0993304657136545,0.0,0.8798439999999998
LL_high_Egamma_W_2,LL,L electron + L proton,qout,1.8,-0.5225124190580319,1.722492604317976,0.0,4.440892098500626e-16
LL_high_Egamma_W_3,LL,L electron + L proton,k,2.224417666614393,0.6457143473937469,2.1286349325301064,-2.9513459302684256e-06,2.611199274582532e-07
LL_high_Egamma_W_3,LL,L electron + L proton,p,2.4140997689462407,-0.6457143473937469,-2.1286349325301064,2.9513459302684256e-06,0.8798439999999994
LL_high_Egamma_W_3,LL,L electron + L proton,kp,1.8952727475720423,-0.5225124190580323,-1.8218230700316305,0.0,2.6111992657007477e-07
LL_high_Egamma_W_3,LL,L electron + L proton,pp,0.9432446879886954,0.0,0.0993304657136545,0.0,0.8798439999999998
LL_high_Egamma_W_3,LL,L electron + L proton,qout,1.8,0.5225124190580323,1.722492604317976,0.0,0.0
LTx_low_Egamma_W_0,LTx,L electron + Tx proton,k,2.224417666614393,-1.362062951752163e-16,-2.2244176079184372,-2.9513459302684256e-06,2.611199274582532e-07
LTx_low_Egamma_W_0,LTx,L electron + Tx proton,p,2.4140997689462407,1.362062951752163e-16,2.2244176079184372,2.9513459302684256e-06,0.8798439999999994
LTx_low_Egamma_W_0,LTx,L electron + Tx proton,kp,1.7303438110041822,0.09754516100806433,-1.7275920770611508,0.0,2.61119927014164e-07
LTx_low_Egamma_W_0,LTx,L electron + Tx proton,pp,2.4081736245568326,0.0,2.217984717262766,0.0,0.8798440000000003
LTx_low_Egamma_W_0,LTx,L electron + Tx proton,qout,0.5,-0.09754516100806433,-0.49039264020161516,0.0,2.7755575615628914e-17
LTx_low_Egamma_W_1,LTx,L electron + Tx proton,k,2.224417666614393,-0.21803105282688637,-2.213706429141132,-2.9513459302684256e-06,2.611199274582532e-07
LTx_low_Egamma_W_1,LTx,L electron + Tx proton,p,2.4140997689462407,0.21803105282688637,2.213706429141132,2.9513459302684256e-06,0.8798439999999994
LTx_low_Egamma_W_1,LTx,L electron + Tx proton,kp,2.176748586384131,0.23569836841299885,-2.163950190353936,0.0,2.6111992657007477e-07
LTx_low_Egamma_W_1,LTx,L electron + Tx proton,pp,1.9617688491757839,0.0,1.7229895581797585,0.0,0.8798439999999998
LTx_low_Egamma_W_1,LTx,L electron + Tx proton,qout,0.5,-0.23569836841299885,0.4409606321741775,0.0,0.0
LTx_low_Egamma_W_2,LTx,L electron + Tx proton,k,2.224417666614393,0.2180310528268861,-2.213706429141132,-2.9513459302684256e-06,2.611199274582532e-07
LTx_low_Egamma_W_2,LTx,L electron + Tx proton,p,2.4140997689462407,-0.2180310528268861,2.213706429141132,2.9513459302684256e-06,0.8798439999999994
LTx_low_Egamma_W_2,LTx,L electron + Tx proton,kp,2.1948791258501203,-0.09754516100806417,-2.1927104363177032,0.0,2.6111992657007477e-07
LTx_low_Egamma_W_2,LTx,L electron + Tx proton,pp,1.9436383097103058,0.0,1.702317796116088,0.0,0.8798439999999998
LTx_low_Egamma_W_2,LTx,L electron + Tx proton,qout,0.5,0.09754516100806417,0.4903926402016152,0.0,0.0
LTx_low_Egamma_W_3,LTx,L electron + Tx proton,k,2.224417666614393,-0.21803105282688637,-2.213706429141132,-2.9513459302684256e-06,2.611199274582532e-07
LTx_low_Egamma_W_3,LTx,L electron + Tx proton,p,2.4140997689462407,0.21803105282688637,2.213706429141132,2.9513459302684256e-06,0.8798439999999994
LTx_low_Egamma_W_3,LTx,L electron + Tx proton,kp,2.167323554054034,-0.27778511650980114,-2.1494479653816043,0.0,2.6111992568189635e-07
LTx_low_Egamma_W_3,LTx,L electron + Tx proton,pp,1.9711938815064383,0.0,1.7337131592303319,0.0,0.8798440000000003
LTx_low_Egamma_W_3,LTx,L electron + Tx proton,qout,0.5,0.27778511650980114,0.4157348061512726,0.0,0.0
LTx_mid_Egamma_W_0,LTx,L electron + Tx proton,k,2.224417666614393,-1.362062951752163e-16,-2.2244176079184372,-2.9513459302684256e-06,2.611199274582532e-07
LTx_mid_Egamma_W_0,LTx,L electron + Tx proton,p,2.4140997689462407,1.362062951752163e-16,2.2244176079184372,2.9513459302684256e-06,0.8798439999999994
LTx_mid_Egamma_W_0,LTx,L electron + Tx proton,kp,1.4519123732099333,-0.7071067811865474,-1.2680888290495165,0.0,2.61119927014164e-07
LTx_mid_Egamma_W_0,LTx,L electron + Tx proton,pp,2.1866050623502673,0.0,1.9751956102360642,0.0,0.8798439999999985
LTx_mid_Egamma_W_0,LTx,L electron + Tx proton,qout,1.0,0.7071067811865474,-0.7071067811865477,0.0,0.0
LTx_mid_Egamma_W_1,LTx,L electron + Tx proton,k,2.224417666614393,-0.4339623474271542,-2.1816760473161674,-2.9513459302684256e-06,2.611199283464316e-07
LTx_mid_Egamma_W_1,LTx,L electron + Tx proton,p,2.4140997689462407,0.4339623474271542,2.1816760473161674,2.9513459302684256e-06,0.8798440000000003
LTx_mid_Egamma_W_1,LTx,L electron + Tx proton,kp,1.7477457046919394,-0.9807852804032303,-1.446608108954721,0.0,2.61119927014164e-07
LTx_mid_Egamma_W_1,LTx,L electron + Tx proton,pp,1.8907717308686813,0.0,1.6416984309708496,0.0,0.8798439999999998
LTx_mid_Egamma_W_1,LTx,L electron + Tx proton,qout,1.0,0.9807852804032303,-0.19509032201612872,0.0,0.0
LTx_mid_Egamma_W_2,LTx,L electron + Tx proton,k,2.224417666614393,0.8512477652115709,-2.0550938997135604,-2.9513459302684256e-06,2.611199274582532e-07
LTx_mid_Egamma_W_2,LTx,L electron + Tx proton,p,2.4140997689462407,-0.8512477652115709,2.0550938997135604,2.9513459302684256e-06,0.8798439999999994
LTx_mid_Egamma_W_2,LTx,L electron + Tx proton,kp,2.008483832071664,-0.881921264348355,-1.8045004644121179,0.0,2.6111992657007477e-07
LTx_mid_Egamma_W_2,LTx,L electron + Tx proton,pp,1.6300336034892067,0.0,1.3331037275861202,0.0,0.8798439999999998
LTx_mid_Egamma_W_2,LTx,L electron + Tx proton,qout,1.0,0.881921264348355,0.47139673682599764,0.0,0.0
LTx_mid_Egamma_W_3,LTx,L electron + Tx proton,k,2.224417666614393,-0.4339623474271542,-2.1816760473161674,-2.9513459302684256e-06,2.611199283464316e-07
LTx_mid_Egamma_W_3,LTx,L electron + Tx proton,p,2.4140997689462407,0.4339623474271542,2.1816760473161674,2.9513459302684256e-06,0.8798440000000003
LTx_mid_Egamma_W_3,LTx,L electron + Tx proton,kp,1.7929533656750547,0.9951847266721969,-1.491404998705571,0.0,2.6111992657007477e-07
LTx_mid_Egamma_W_3,LTx,L electron + Tx proton,pp,1.8455640698862268,0.0,1.5894221390351317,0.0,0.8798439999999994
LTx_mid_Egamma_W_3,LTx,L electron + Tx proton,qout,1.0,-0.9951847266721969,-0.09801714032956059,0.0,0.0
LTx_high_Egamma_W_0,LTx,L electron + Tx proton,k,2.224417666614393,-0.21803105282688637,-2.213706429141132,-2.9513459302684256e-06,2.611199274582532e-07
LTx_high_Egamma_W_0,LTx,L electron + Tx proton,p,2.4140997689462407,0.21803105282688637,2.213706429141132,2.9513459302684256e-06,0.8798439999999994
LTx_high_Egamma_W_0,LTx,L electron + Tx proton,kp,1.1421210507566706,1.1419079114945625,-0.022057994644146373,0.0,2.6111992657007477e-07
LTx_high_Egamma_W_0,LTx,L electron + Tx proton,pp,1.696396384804674,0.0,1.4134768106970723,0.0,0.8798439999999998
LTx_high_Egamma_W_0,LTx,L electron + Tx proton,qout,1.8,-1.1419079114945625,-1.391418816052926,0.0,4.440892098500626e-16
LTx_high_Egamma_W_1,LTx,L electron + Tx proton,k,2.224417666614393,-0.6457143473937467,-2.1286349325301064,-2.9513459302684256e-06,2.611199274582532e-07
LTx_high_Egamma_W_1,LTx,L electron + Tx proton,p,2.4140997689462407,0.6457143473937467,2.1286349325301064,2.9513459302684256e-06,0.8798439999999994
LTx_high_Egamma_W_1,LTx,L electron + Tx proton,kp,1.5875958082321937,-1.5874582758270388,0.02089046923242366,0.0,2.61119927014164e-07
LTx_high_Egamma_W_1,LTx,L electron + Tx proton,pp,1.250921627327649,0.0,0.8276236570543727,0.0,0.879844
LTx_high_Egamma_W_1,LTx,L electron + Tx proton,qout,1.8,1.5874582758270388,-0.8485141262867963,0.0,0.0
LTx_high_Egamma_W_2,LTx,L electron + Tx proton,k,2.224417666614393,-0.4339623474271542,-2.1816760473161674,-2.9513459302684256e-06,2.611199283464316e-07
LTx_high_Egamma_W_2,LTx,L electron + Tx proton,p,2.4140997689462407,0.4339623474271542,2.1816760473161674,2.9513459302684256e-06,0.8798440000000003
LTx_high_Egamma_W_2,LTx,L electron + Tx proton,kp,1.6630978551753155,1.6629831585203163,-0.019525092742413985,0.0,2.61119927014164e-07
LTx_high_Egamma_W_2,LTx,L electron + Tx proton,pp,1.175419580385184,0.0,0.7083552709995754,0.0,0.8798439999999998
LTx_high_Egamma_W_2,LTx,L electron + Tx proton,qout,1.8,-1.6629831585203163,-0.6888301782571614,0.0,0.0
LTx_high_Egamma_W_3,LTx,L electron + Tx proton,k,2.224417666614393,0.2180310528268861,-2.213706429141132,-2.9513459302684256e-06,2.611199274582532e-07
LTx_high_Egamma_W_3,LTx,L electron + Tx proton,p,2.4140997689462407,-0.2180310528268861,2.213706429141132,2.9513459302684256e-06,0.8798439999999994
LTx_high_Egamma_W_3,LTx,L electron + Tx proton,kp,1.8349962136206421,-1.8,-0.3566662906445831,0.0,2.61119927014164e-07
LTx_high_Egamma_W_3,LTx,L electron + Tx proton,pp,1.0035212219391108,0.0,0.3566662906445831,0.0,0.8798439999999997
LTx_high_Egamma_W_3,LTx,L electron + Tx proton,qout,1.8,1.8,0.0,0.0,0.0
LTy_low_Egamma_W_0,LTy,L electron + Ty proton,k,2.224417666614393,-1.362062951752163e-16,-2.2244176079184372,-2.9513459302684256e-06,2.611199274582532e-07
LTy_low_Egamma_W_0,LTy,L electron + Ty proton,p,2.4140997689462407,1.362062951752163e-16,2.2244176079184372,2.9513459302684256e-06,0.8798439999999994
LTy_low_Egamma_W_0,LTy,L electron + Ty proton,kp,1.7303438110041822,0.09754516100806433,-1.7275920770611508,0.0,2.61119927014164e-07
LTy_low_Egamma_W_0,LTy,L electron + Ty proton,pp,2.4081736245568326,0.0,2.217984717262766,0.0,0.8798440000000003
LTy_low_Egamma_W_0,LTy,L electron + Ty proton,qout,0.5,-0.09754516100806433,-0.49039264020161516,0.0,2.7755575615628914e-17
LTy_low_Egamma_W_1,LTy,L electron + Ty proton,k,2.224417666614393,-0.21803105282688637,-2.213706429141132,-2.9513459302684256e-06,2.611199274582532e-07
LTy_low_Egamma_W_1,LTy,L electron + Ty proton,p,2.4140997689462407,0.21803105282688637,2.213706429141132,2.9513459302684256e-06,0.8798439999999994
LTy_low_Egamma_W_1,LTy,L electron + Ty proton,kp,2.1435769812803,-0.3535533905932738,-2.1142190079447394,0.0,2.6111992657007477e-07
LTy_low_Egamma_W_1,LTy,L electron + Ty proton,pp,1.9949404542801814,0.0,1.7606656173514654,0.0,0.8798439999999994
LTy_low_Egamma_W_1,LTy,L electron + Ty proton,qout,0.5,0.3535533905932738,0.35355339059327373,0.0,0.0
LTy_low_Egamma_W_2,LTy,L electron + Ty proton,k,2.224417666614393,0.2180310528268861,-2.213706429141132,-2.9513459302684256e-06,2.611199274582532e-07
LTy_low_Egamma_W_2,LTy,L electron + Ty proton,p,2.4140997689462407,-0.2180310528268861,2.213706429141132,2.9513459302684256e-06,0.8798439999999994
LTy_low_Egamma_W_2,LTy,L electron + Ty proton,kp,2.1435769812803,0.35355339059327373,-2.1142190079447394,0.0,2.6111992657007477e-07
LTy_low_Egamma_W_2,LTy,L electron + Ty proton,pp,1.9949404542801814,0.0,1.7606656173514654,0.0,0.8798439999999994
LTy_low_Egamma_W_2,LTy,L electron + Ty proton,qout,0.5,-0.35355339059327373,0.3535533905932738,0.0,0.0
LTy_low_Egamma_W_3,LTy,L electron + Ty proton,k,2.224417666614393,-0.21803105282688637,-2.213706429141132,-2.9513459302684256e-06,2.611199274582532e-07
LTy_low_Egamma_W_3,LTy,L electron + Ty proton,p,2.4140997689462407,0.21803105282688637,2.213706429141132,2.9513459302684256e-06,0.8798439999999994
LTy_low_Egamma_W_3,LTy,L electron + Ty proton,kp,2.184497461163049,0.19134171618254486,-2.176101386506658,0.0,2.6111992657007477e-07
LTy_low_Egamma_W_3,LTy,L electron + Ty proton,pp,1.9540199743967774,0.0,1.7141616202510144,0.0,0.8798440000000003
LTy_low_Egamma_W_3,LTy,L electron + Ty proton,qout,0.5,-0.19134171618254486,0.46193976625564337,0.0,2.7755575615628914e-17
LTy_mid_Egamma_W_0,LTy,L electron + Ty proton,k,2.224417666614393,-1.362062951752163e-16,-2.2244176079184372,-2.9513459302684256e-06,2.611199274582532e-07
LTy_mid_Egamma_W_0,LTy,L electron + Ty proton,p,2.4140997689462407,1.362062951752163e-16,2.2244176079184372,2.9513459302684256e-06,0.8798439999999994
LTy_mid_Egamma_W_0,LTy,L electron + Ty proton,kp,1.2410264059601237,0.19509032201612866,-1.2255961999884049,0.0,2.61119927014164e-07
LTy_mid_Egamma_W_0,LTy,L electron + Ty proton,pp,2.3974910296005665,0.0,2.2063814803916353,0.0,0.8798440000000003
LTy_mid_Egamma_W_0,LTy,L electron + Ty proton,qout,1.0,-0.19509032201612866,-0.9807852804032303,0.0,1.1102230246251565e-16
LTy_mid_Egamma_W_1,LTy,L electron + Ty proton,k,2.224417666614393,-0.21803105282688637,-2.213706429141132,-2.9513459302684256e-06,2.611199274582532e-07
LTy_mid_Egamma_W_1,LTy,L electron + Ty proton,p,2.4140997689462407,0.21803105282688637,2.213706429141132,2.9513459302684256e-06,0.8798439999999994
LTy_mid_Egamma_W_1,LTy,L electron + Ty proton,kp,1.651540875665474,-0.9238795325112865,-1.3689534733805528,0.0,2.61119927014164e-07
LTy_mid_Egamma_W_1,LTy,L electron + Ty proton,pp,1.9869765598944975,0.0,1.7516369057456433,0.0,0.8798439999999998
LTy_mid_Egamma_W_1,LTy,L electron + Ty proton,qout,1.0,0.9238795325112865,-0.3826834323650904,0.0,0.0
LTy_mid_Egamma_W_2,LTy,L electron + Ty proton,k,2.224417666614393,0.2180310528268861,-2.213706429141132,-2.9513459302684256e-06,2.611199274582532e-07
LTy_mid_Egamma_W_2,LTy,L electron + Ty proton,p,2.4140997689462407,-0.2180310528268861,2.213706429141132,2.9513459302684256e-06,0.8798439999999994
LTy_mid_Egamma_W_2,LTy,L electron + Ty proton,kp,1.6515408756654748,0.9238795325112868,-1.3689534733805537,0.0,2.61119927014164e-07
LTy_mid_Egamma_W_2,LTy,L electron + Ty proton,pp,1.9869765598944975,0.0,1.7516369057456433,0.0,0.8798439999999998
LTy_mid_Egamma_W_2,LTy,L electron + Ty proton,qout,1.0,-0.9238795325112868,-0.38268343236508967,0.0,-2.220446049250313e-16
LTy_mid_Egamma_W_3,LTy,L electron + Ty proton,k,2.224417666614393,-1.4111555916388185,-1.7194980635650856,-2.9513459302684256e-06,2.6111992657007477e-07
LTy_mid_Egamma_W_3,LTy,L electron + Ty proton,p,2.4140997689462407,1.4111555916388185,1.7194980635650856,2.9513459302684256e-06,0.8798439999999985
LTy_mid_Egamma_W_3,LTy,L electron + Ty proton,kp,2.11121102453706,0.555570233019602,-2.036799804887422,0.0,2.611199274582532e-07
LTy_mid_Egamma_W_3,LTy,L electron + Ty proton,pp,1.5273064110245511,0.0,1.2053301925848765,0.0,0.8798439999999998
LTy_mid_Egamma_W_3,LTy,L electron + Ty proton,qout,1.0,-0.555570233019602,0.8314696123025453,0.0,1.1102230246251565e-16
LTy_high_Egamma_W_0,LTy,L electron + Ty proton,k,2.224417666614393,-1.362062951752163e-16,-2.2244176079184372,-2.9513459302684256e-06,2.611199274582532e-07
LTy_high_Egamma_W_0,LTy,L electron + Ty proton,p,2.4140997689462407,1.362062951752163e-16,2.2244176079184372,2.9513459302684256e-06,0.8798439999999994
LTy_high_Egamma_W_0,LTy,L electron + Ty proton,kp,0.44601119623559854,0.17643085259320881,-0.40963139564835127,0.0,2.611199269031417e-07
LTy_high_Egamma_W_0,LTy,L electron + Ty proton,pp,2.392506239324531,0.0,2.2009639036583057,0.0,0.8798440000000012
LTy_high_Egamma_W_0,LTy,L electron + Ty proton,qout,1.8,-0.17643085259320881,-1.7913325080099545,0.0,0.0
LTy_high_Egamma_W_1,LTy,L electron + Ty proton,k,2.224417666614393,-1.362062951752163e-16,-2.2244176079184372,-2.9513459302684256e-06,2.611199274582532e-07
LTy_high_Egamma_W_1,LTy,L electron + Ty proton,p,2.4140997689462407,1.362062951752163e-16,2.2244176079184372,2.9513459302684256e-06,0.8798439999999994
LTy_high_Egamma_W_1,LTy,L electron + Ty proton,kp,1.6630978551753148,-1.6629831585203159,-0.019525092742412653,0.0,2.6111992657007477e-07
LTy_high_Egamma_W_1,LTy,L electron + Ty proton,pp,1.175419580385184,0.0,0.7083552709995754,0.0,0.8798439999999998
LTy_high_Egamma_W_1,LTy,L electron + Ty proton,qout,1.8,1.6629831585203159,-0.6888301782571628,0.0,0.0
LTy_high_Egamma_W_2,LTy,L electron + Ty proton,k,2.224417666614393,-1.362062951752163e-16,-2.2244176079184372,-2.9513459302684256e-06,2.611199274582532e-07
LTy_high_Egamma_W_2,LTy,L electron + Ty proton,p,2.4140997689462407,1.362062951752163e-16,2.2244176079184372,2.9513459302684256e-06,0.8798439999999994
LTy_high_Egamma_W_2,LTy,L electron + Ty proton,kp,1.6630978551753155,1.6629831585203163,-0.019525092742413985,0.0,2.61119927014164e-07
LTy_high_Egamma_W_2,LTy,L electron + Ty proton,pp,1.175419580385184,0.0,0.7083552709995754,0.0,0.8798439999999998
LTy_high_Egamma_W_2,LTy,L electron + Ty proton,qout,1.8,-1.6629831585203163,-0.6888301782571614,0.0,0.0
LTy_high_Egamma_W_3,LTy,L electron + Ty proton,k,2.224417666614393,-0.8512477652115711,-2.0550938997135604,-2.9513459302684256e-06,2.6111992657007477e-07
LTy_high_Egamma_W_3,LTy,L electron + Ty proton,p,2.4140997689462407,0.8512477652115711,2.0550938997135604,2.9513459302684256e-06,0.8798439999999985
LTy_high_Egamma_W_3,LTy,L electron + Ty proton,kp,1.2729389347806432,-1.2727922061357853,0.019320211193278647,0.0,2.6111992657007477e-07
LTy_high_Egamma_W_3,LTy,L electron + Ty proton,pp,1.5655785007801906,0.0,1.2534719949425073,0.0,0.8798440000000003
LTy_high_Egamma_W_3,LTy,L electron + Ty proton,qout,1.8,1.2727922061357853,-1.272792206135786,0.0,0.0
TxTx_low_Egamma_W_0,TxTx,Tx electron + Tx proton,k,2.224417666614393,-1.362062951752163e-16,-2.2244176079184372,-2.9513459302684256e-06,2.611199274582532e-07
TxTx_low_Egamma_W_0,TxTx,Tx electron + Tx proton,p,2.4140997689462407,1.362062951752163e-16,2.2244176079184372,2.9513459302684256e-06,0.8798439999999994
TxTx_low_Egamma_W_0,TxTx,Tx electron + Tx proton,kp,1.7376510105561884,-0.14514233862723103,-1.7315786077752386,0.0,2.611199274582532e-07
TxTx_low_Egamma_W_0,TxTx,Tx electron + Tx proton,pp,2.4008664250044816,0.0,2.210048775641343,0.0,0.8798440000000003
TxTx_low_Egamma_W_0,TxTx,Tx electron + Tx proton,qout,0.5,0.14514233862723103,-0.47847016786610447,0.0,0.0
TxTx_low_Egamma_W_1,TxTx,Tx electron + Tx proton,k,2.224417666614393,-1.362062951752163e-16,-2.2244176079184372,-2.9513459302684256e-06,2.611199274582532e-07
TxTx_low_Egamma_W_1,TxTx,Tx electron + Tx proton,p,2.4140997689462407,1.362062951752163e-16,2.2244176079184372,2.9513459302684256e-06,0.8798439999999994
TxTx_low_Egamma_W_1,TxTx,Tx electron + Tx proton,kp,1.7376510105561886,0.14514233862723122,-1.7315786077752389,0.0,2.61119927014164e-07
TxTx_low_Egamma_W_1,TxTx,Tx electron + Tx proton,pp,2.4008664250044816,0.0,2.210048775641343,0.0,0.8798440000000003
TxTx_low_Egamma_W_1,TxTx,Tx electron + Tx proton,qout,0.5,-0.14514233862723122,-0.4784701678661044,0.0,0.0
TxTx_low_Egamma_W_2,TxTx,Tx electron + Tx proton,k,2.224417666614393,-2.213706429141132,0.21803105282688676,-2.9513459302684256e-06,2.611199274582532e-07
TxTx_low_Egamma_W_2,TxTx,Tx electron + Tx proton,p,2.4140997689462407,2.213706429141132,-0.21803105282688676,2.9513459302684256e-06,0.8798439999999994
TxTx_low_Egamma_W_2,TxTx,Tx electron + Tx proton,kp,2.129344357402472,-0.3865052266813685,-2.0939725024531253,0.0,2.611199274582532e-07
TxTx_low_Egamma_W_2,TxTx,Tx electron + Tx proton,pp,2.009173078158818,0.0,1.7767758603713024,0.0,0.8798439999999985
TxTx_low_Egamma_W_2,TxTx,Tx electron + Tx proton,qout,0.5,0.3865052266813685,0.31719664208182274,0.0,0.0
TxTx_low_Egamma_W_3,TxTx,Tx electron + Tx proton,k,2.224417666614393,2.213706429141132,0.21803105282688695,-2.9513459302684256e-06,2.611199274582532e-07
TxTx_low_Egamma_W_3,TxTx,Tx electron + Tx proton,p,2.4140997689462407,-2.213706429141132,-0.21803105282688695,2.9513459302684256e-06,0.8798439999999994
TxTx_low_Egamma_W_3,TxTx,Tx electron + Tx proton,kp,2.129344357402472,0.3865052266813685,-2.0939725024531253,0.0,2.611199274582532e-07
TxTx_low_Egamma_W_3,TxTx,Tx electron + Tx proton,pp,2.009173078158818,0.0,1.7767758603713024,0.0,0.8798439999999985
TxTx_low_Egamma_W_3,TxTx,Tx electron + Tx proton,qout,0.5,-0.3865052266813685,0.31719664208182274,0.0,0.0
TxTx_mid_Egamma_W_0,TxTx,Tx electron + Tx proton,k,2.224417666614393,1.9617611892141718,1.0485832017110428,-2.9513459302684256e-06,2.611199274582532e-07
TxTx_mid_Egamma_W_0,TxTx,Tx electron + Tx proton,p,2.4140997689462407,-1.9617611892141718,-1.0485832017110428,2.9513459302684256e-06,0.8798439999999994
TxTx_mid_Egamma_W_0,TxTx,Tx electron + Tx proton,kp,1.9796701711138203,0.9238795325112867,-1.7508684515647148,0.0,2.6111992657007477e-07
TxTx_mid_Egamma_W_0,TxTx,Tx electron + Tx proton,pp,1.6588472644466936,0.0,1.368185019199625,0.0,0.8798440000000005
TxTx_mid_Egamma_W_0,TxTx,Tx electron + Tx proton,qout,1.0,-0.9238795325112867,0.3826834323650899,0.0,0.0
TxTx_mid_Egamma_W_1,TxTx,Tx electron + Tx proton,k,2.224417666614393,-1.961761189214171,1.0485832017110435,-2.9513459302684256e-06,2.611199283464316e-07
TxTx_mid_Egamma_W_1,TxTx,Tx electron + Tx proton,p,2.4140997689462407,1.961761189214171,-1.0485832017110435,2.9513459302684256e-06,0.8798440000000003
TxTx_mid_Egamma_W_1,TxTx,Tx electron + Tx proton,kp,1.9796701711138203,-0.9238795325112867,-1.7508684515647148,0.0,2.6111992657007477e-07
TxTx_mid_Egamma_W_1,TxTx,Tx electron + Tx proton,pp,1.6588472644466936,0.0,1.368185019199625,0.0,0.8798440000000005
TxTx_mid_Egamma_W_1,TxTx,Tx electron + Tx proton,qout,1.0,0.9238795325112867,0.3826834323650898,0.0,0.0
TxTx_mid_Egamma_W_2,TxTx,Tx electron + Tx proton,k,2.224417666614393,-2.1286349325301064,0.645714347393747,-2.9513459302684256e-06,2.611199274582532e-07
TxTx_mid_Egamma_W_2,TxTx,Tx electron + Tx proton,p,2.4140997689462407,2.1286349325301064,-0.645714347393747,2.9513459302684256e-06,0.8798439999999994
TxTx_mid_Egamma_W_2,TxTx,Tx electron + Tx proton,kp,2.078112341192397,-0.7071067811865476,-1.9541112152321878,0.0,2.611199274582532e-07
TxTx_mid_Egamma_W_2,TxTx,Tx electron + Tx proton,pp,1.5604050943679617,0.0,1.2470044340456403,0.0,0.8798439999999998
TxTx_mid_Egamma_W_2,TxTx,Tx electron + Tx proton,qout,1.0,0.7071067811865476,0.7071067811865475,0.0,0.0
TxTx_mid_Egamma_W_3,TxTx,Tx electron + Tx proton,k,2.224417666614393,2.1286349325301064,0.6457143473937462,-2.9513459302684256e-06,2.611199283464316e-07
TxTx_mid_Egamma_W_3,TxTx,Tx electron + Tx proton,p,2.4140997689462407,-2.1286349325301064,-0.6457143473937462,2.9513459302684256e-06,0.8798440000000003
TxTx_mid_Egamma_W_3,TxTx,Tx electron + Tx proton,kp,2.078112341192397,0.7071067811865475,-1.9541112152321878,0.0,2.611199274582532e-07
TxTx_mid_Egamma_W_3,TxTx,Tx electron + Tx proton,pp,1.5604050943679617,0.0,1.2470044340456403,0.0,0.8798439999999998
TxTx_mid_Egamma_W_3,TxTx,Tx electron + Tx proton,qout,1.0,-0.7071067811865475,0.7071067811865476,0.0,0.0
TxTx_high_Egamma_W_0,TxTx,Tx electron + Tx proton,k,2.224417666614393,-1.235820208764152,-1.8495356460548984,-2.9513459302684256e-06,2.611199274582532e-07
TxTx_high_Egamma_W_0,TxTx,Tx electron + Tx proton,p,2.4140997689462407,1.235820208764152,1.8495356460548984,2.9513459302684256e-06,0.8798439999999994
TxTx_high_Egamma_W_0,TxTx,Tx electron + Tx proton,kp,1.1421210507566701,-1.141907911494562,-0.02205799464414593,0.0,2.6111992657007477e-07
TxTx_high_Egamma_W_0,TxTx,Tx electron + Tx proton,pp,1.696396384804674,0.0,1.4134768106970723,0.0,0.8798439999999998
TxTx_high_Egamma_W_0,TxTx,Tx electron + Tx proton,qout,1.8,1.141907911494562,-1.3914188160529264,0.0,4.440892098500626e-16
TxTx_high_Egamma_W_1,TxTx,Tx electron + Tx proton,k,2.224417666614393,1.2358202087641517,-1.8495356460548984,-2.9513459302684256e-06,2.611199283464316e-07
TxTx_high_Egamma_W_1,TxTx,Tx electron + Tx proton,p,2.4140997689462407,-1.2358202087641517,1.8495356460548984,2.9513459302684256e-06,0.8798440000000003
TxTx_high_Egamma_W_1,TxTx,Tx electron + Tx proton,kp,1.1421210507566706,1.1419079114945625,-0.022057994644146373,0.0,2.6111992657007477e-07
TxTx_high_Egamma_W_1,TxTx,Tx electron + Tx proton,pp,1.696396384804674,0.0,1.4134768106970723,0.0,0.8798439999999998
TxTx_high_Egamma_W_1,TxTx,Tx electron + Tx proton,qout,1.8,-1.1419079114945625,-1.391418816052926,0.0,4.440892098500626e-16
TxTx_high_Egamma_W_2,TxTx,Tx electron + Tx proton,k,2.224417666614393,-1.9617611892141715,-1.048583201711043,-2.9513459302684256e-06,2.611199274582532e-07
TxTx_high_Egamma_W_2,TxTx,Tx electron + Tx proton,p,2.4140997689462407,1.9617611892141715,1.048583201711043,2.9513459302684256e-06,0.8798439999999994
TxTx_high_Egamma_W_2,TxTx,Tx electron + Tx proton,kp,1.0032831085839613,-1.0000264194352833,-0.08077063378120064,0.0,2.6111992679211937e-07
TxTx_high_Egamma_W_2,TxTx,Tx electron + Tx proton,pp,1.835234326976425,0.0,1.5774159359257824,0.0,0.8798439999999998
TxTx_high_Egamma_W_2,TxTx,Tx electron + Tx proton,qout,1.8,1.0000264194352833,-1.4966453021445818,0.0,4.440892098500626e-16
TxTx_high_Egamma_W_3,TxTx,Tx electron + Tx proton,k,2.224417666614393,1.9617611892141715,-1.0485832017110432,-2.9513459302684256e-06,2.611199274582532e-07
TxTx_high_Egamma_W_3,TxTx,Tx electron + Tx proton,p,2.4140997689462407,-1.9617611892141715,1.0485832017110432,2.9513459302684256e-06,0.8798439999999994
TxTx_high_Egamma_W_3,TxTx,Tx electron + Tx proton,kp,1.003283108583962,1.000026419435284,-0.08077063378120108,0.0,2.6111992679211937e-07
TxTx_high_Egamma_W_3,TxTx,Tx electron + Tx proton,pp,1.835234326976425,0.0,1.5774159359257824,0.0,0.8798439999999998
TxTx_high_Egamma_W_3,TxTx,Tx electron + Tx proton,qout,1.8,-1.000026419435284,-1.4966453021445814,0.0,4.440892098500626e-16
TxTy_low_Egamma_W_0,TxTy,Tx electron + Ty proton,k,2.224417666614393,-1.362062951752163e-16,-2.2244176079184372,-2.9513459302684256e-06,2.611199274582532e-07
TxTy_low_Egamma_W_0,TxTy,Tx electron + Ty proton,p,2.4140997689462407,1.362062951752163e-16,2.2244176079184372,2.9513459302684256e-06,0.8798439999999994
TxTy_low_Egamma_W_0,TxTy,Tx electron + Ty proton,kp,1.7376510105561886,0.14514233862723122,-1.7315786077752389,0.0,2.61119927014164e-07
TxTy_low_Egamma_W_0,TxTy,Tx electron + Ty proton,pp,2.4008664250044816,0.0,2.210048775641343,0.0,0.8798440000000003
TxTy_low_Egamma_W_0,TxTy,Tx electron + Ty proton,qout,0.5,-0.14514233862723122,-0.4784701678661044,0.0,0.0
TxTy_low_Egamma_W_1,TxTy,Tx electron + Ty proton,k,2.224417666614393,-1.362062951752163e-16,-2.2244176079184372,-2.9513459302684256e-06,2.611199274582532e-07
TxTy_low_Egamma_W_1,TxTy,Tx electron + Ty proton,p,2.4140997689462407,1.362062951752163e-16,2.2244176079184372,2.9513459302684256e-06,0.8798439999999994
TxTy_low_Egamma_W_1,TxTy,Tx electron + Ty proton,kp,1.7376510105561884,-0.14514233862723103,-1.7315786077752386,0.0,2.611199274582532e-07
TxTy_low_Egamma_W_1,TxTy,Tx electron + Ty proton,pp,2.4008664250044816,0.0,2.210048775641343,0.0,0.8798440000000003
TxTy_low_Egamma_W_1,TxTy,Tx electron + Ty proton,qout,0.5,0.14514233862723103,-0.47847016786610447,0.0,0.0
TxTy_low_Egamma_W_2,TxTy,Tx electron + Ty proton,k,2.224417666614393,-1.362062951752163e-16,-2.2244176079184372,-2.9513459302684256e-06,2.611199274582532e-07
TxTy_low_Egamma_W_2,TxTy,Tx electron + Ty proton,p,2.4140997689462407,1.362062951752163e-16,2.2244176079184372,2.9513459302684256e-06,0.8798439999999994
TxTy_low_Egamma_W_2,TxTy,Tx electron + Ty proton,kp,1.8112047777159395,0.35355339059327384,-1.7763621493662598,0.0,2.611199274582532e-07
TxTy_low_Egamma_W_2,TxTy,Tx electron + Ty proton,pp,2.3273126578440446,0.0,2.1299155399595335,0.0,0.8798440000000003
TxTy_low_Egamma_W_2,TxTy,Tx electron + Ty proton,qout,0.5,-0.35355339059327384,-0.35355339059327373,0.0,-5.551115123125783e-17
TxTy_low_Egamma_W_3,TxTy,Tx electron + Ty proton,k,2.224417666614393,-1.362062951752163e-16,-2.2244176079184372,-2.9513459302684256e-06,2.611199274582532e-07
TxTy_low_Egamma_W_3,TxTy,Tx electron + Ty proton,p,2.4140997689462407,1.362062951752163e-16,2.2244176079184372,2.9513459302684256e-06,0.8798439999999994
TxTy_low_Egamma_W_3,TxTy,Tx electron + Ty proton,kp,1.8112047777159392,-0.3535533905932737,-1.7763621493662596,0.0,2.611199274582532e-07
TxTy_low_Egamma_W_3,TxTy,Tx electron + Ty proton,pp,2.3273126578440446,0.0,2.1299155399595335,0.0,0.8798440000000003
TxTy_low_Egamma_W_3,TxTy,Tx electron + Ty proton,qout,0.5,0.3535533905932737,-0.35355339059327384,0.0,0.0
TxTy_mid_Egamma_W_0,TxTy,Tx electron + Ty proton,k,2.224417666614393,-1.362062951752163e-16,-2.2244176079184372,-2.9513459302684256e-06,2.611199274582532e-07
TxTy_mid_Egamma_W_0,TxTy,Tx electron + Ty proton,p,2.4140997689462407,1.362062951752163e-16,2.2244176079184372,2.9513459302684256e-06,0.8798439999999994
TxTy_mid_Egamma_W_0,TxTy,Tx electron + Ty proton,kp,1.2410264059601235,-0.1950903220161283,-1.2255961999884049,0.0,2.6111992657007477e-07
TxTy_mid_Egamma_W_0,TxTy,Tx electron + Ty proton,pp,2.3974910296005665,0.0,2.2063814803916353,0.0,0.8798440000000003
TxTy_mid_Egamma_W_0,TxTy,Tx electron + Ty proton,qout,1.0,0.1950903220161283,-0.9807852804032304,0.0,0.0
TxTy_mid_Egamma_W_1,TxTy,Tx electron + Ty proton,k,2.224417666614393,-1.362062951752163e-16,-2.2244176079184372,-2.9513459302684256e-06,2.611199274582532e-07
TxTy_mid_Egamma_W_1,TxTy,Tx electron + Ty proton,p,2.4140997689462407,1.362062951752163e-16,2.2244176079184372,2.9513459302684256e-06,0.8798439999999994
TxTy_mid_Egamma_W_1,TxTy,Tx electron + Ty proton,kp,1.2612778709086137,0.29028467725446244,-1.2274185971685092,0.0,2.61119927014164e-07
TxTy_mid_Egamma_W_1,TxTy,Tx electron + Ty proton,pp,2.3772395646512288,0.0,2.184358932900718,0.0,0.8798440000000003
TxTy_mid_Egamma_W_1,TxTy,Tx electron + Ty proton,qout,1.0,-0.29028467725446244,-0.9569403357322088,0.0,0.0
TxTy_mid_Egamma_W_2,TxTy,Tx electron + Ty proton,k,2.224417666614393,1.9617611892141718,1.0485832017110428,-2.9513459302684256e-06,2.611199274582532e-07
TxTy_mid_Egamma_W_2,TxTy,Tx electron + Ty proton,p,2.4140997689462407,-1.9617611892141718,-1.0485832017110428,2.9513459302684256e-06,0.8798439999999994
TxTy_mid_Egamma_W_2,TxTy,Tx electron + Ty proton,kp,1.9796701711138203,0.9238795325112867,-1.7508684515647148,0.0,2.6111992657007477e-07
TxTy_mid_Egamma_W_2,TxTy,Tx electron + Ty proton,pp,1.6588472644466936,0.0,1.368185019199625,0.0,0.8798440000000005
TxTy_mid_Egamma_W_2,TxTy,Tx electron + Ty proton,qout,1.0,-0.9238795325112867,0.3826834323650899,0.0,0.0
TxTy_mid_Egamma_W_3,TxTy,Tx electron + Ty proton,k,2.224417666614393,-1.961761189214171,1.0485832017110435,-2.9513459302684256e-06,2.611199283464316e-07
TxTy_mid_Egamma_W_3,TxTy,Tx electron + Ty proton,p,2.4140997689462407,1.961761189214171,-1.0485832017110435,2.9513459302684256e-06,0.8798440000000003
TxTy_mid_Egamma_W_3,TxTy,Tx electron + Ty proton,kp,1.9796701711138203,-0.9238795325112867,-1.7508684515647148,0.0,2.6111992657007477e-07
TxTy_mid_Egamma_W_3,TxTy,Tx electron + Ty proton,pp,1.6588472644466936,0.0,1.368185019199625,0.0,0.8798440000000005
TxTy_mid_Egamma_W_3,TxTy,Tx electron + Ty proton,qout,1.0,0.9238795325112867,0.3826834323650898,0.0,0.0
TxTy_high_Egamma_W_0,TxTy,Tx electron + Ty proton,k,2.224417666614393,1.2358202087641517,-1.8495356460548984,-2.9513459302684256e-06,2.611199283464316e-07
TxTy_high_Egamma_W_0,TxTy,Tx electron + Ty proton,p,2.4140997689462407,-1.2358202087641517,1.8495356460548984,2.9513459302684256e-06,0.8798440000000003
TxTy_high_Egamma_W_0,TxTy,Tx electron + Ty proton,kp,1.1421210507566706,1.1419079114945625,-0.022057994644146373,0.0,2.6111992657007477e-07
TxTy_high_Egamma_W_0,TxTy,Tx electron + Ty proton,pp,1.696396384804674,0.0,1.4134768106970723,0.0,0.8798439999999998
TxTy_high_Egamma_W_0,TxTy,Tx electron + Ty proton,qout,1.8,-1.1419079114945625,-1.391418816052926,0.0,4.440892098500626e-16
TxTy_high_Egamma_W_1,TxTy,Tx electron + Ty proton,k,2.224417666614393,-1.235820208764152,-1.8495356460548984,-2.9513459302684256e-06,2.611199274582532e-07
TxTy_high_Egamma_W_1,TxTy,Tx electron + Ty proton,p,2.4140997689462407,1.235820208764152,1.8495356460548984,2.9513459302684256e-06,0.8798439999999994
TxTy_high_Egamma_W_1,TxTy,Tx electron + Ty proton,kp,1.1421210507566701,-1.141907911494562,-0.02205799464414593,0.0,2.6111992657007477e-07
TxTy_high_Egamma_W_1,TxTy,Tx electron + Ty proton,pp,1.696396384804674,0.0,1.4134768106970723,0.0,0.8798439999999998
TxTy_high_Egamma_W_1,TxTy,Tx electron + Ty proton,qout,1.8,1.141907911494562,-1.3914188160529264,0.0,4.440892098500626e-16
TxTy_high_Egamma_W_2,TxTy,Tx electron + Ty proton,k,2.224417666614393,1.9617611892141715,-1.0485832017110432,-2.9513459302684256e-06,2.611199274582532e-07
TxTy_high_Egamma_W_2,TxTy,Tx electron + Ty proton,p,2.4140997689462407,-1.9617611892141715,1.0485832017110432,2.9513459302684256e-06,0.8798439999999994
TxTy_high_Egamma_W_2,TxTy,Tx electron + Ty proton,kp,1.1421210507566706,1.1419079114945625,-0.022057994644146373,0.0,2.6111992657007477e-07
TxTy_high_Egamma_W_2,TxTy,Tx electron + Ty proton,pp,1.696396384804674,0.0,1.4134768106970723,0.0,0.8798439999999998
TxTy_high_Egamma_W_2,TxTy,Tx electron + Ty proton,qout,1.8,-1.1419079114945625,-1.391418816052926,0.0,4.440892098500626e-16
TxTy_high_Egamma_W_3,TxTy,Tx electron + Ty proton,k,2.224417666614393,-1.9617611892141715,-1.048583201711043,-2.9513459302684256e-06,2.611199274582532e-07
TxTy_high_Egamma_W_3,TxTy,Tx electron + Ty proton,p,2.4140997689462407,1.9617611892141715,1.048583201711043,2.9513459302684256e-06,0.8798439999999994
TxTy_high_Egamma_W_3,TxTy,Tx electron + Ty proton,kp,1.1421210507566701,-1.141907911494562,-0.02205799464414593,0.0,2.6111992657007477e-07
TxTy_high_Egamma_W_3,TxTy,Tx electron + Ty proton,pp,1.696396384804674,0.0,1.4134768106970723,0.0,0.8798439999999998
TxTy_high_Egamma_W_3,TxTy,Tx electron + Ty proton,qout,1.8,1.141907911494562,-1.3914188160529264,0.0,4.440892098500626e-16
