selected_observable,selected_observable_label,selected_spin_case,selected_region,cluster_id,size,max_concurrence,best_purity,best_kinematic_point,best_pair_delta_xy,s_min,s_max,theta_in_min,theta_in_max,phi_in_electron_min,phi_in_electron_max,qOut_min,qOut_max,phiOut_min,phiOut_max,Q2_min,Q2_max,xB_min,xB_max,t_min,t_max,W2_min,W2_max,y_min,y_max,theta_e_gamma_deg_min,theta_e_gamma_deg_max,pair_delta_xy_min,pair_delta_xy_max,abs_k_dot_qout_min,abs_k_dot_qout_max,abs_kp_dot_qout_min,abs_kp_dot_qout_max,best_lepton,best_s_regime,best_theta_in_regime,best_qOut_regime,best_electron_mass,best_s,best_sqrt_s,best_pIn,best_pOut,best_theta_in,best_phi_in_electron,best_phi_in_lepton,best_phi_in,best_qOut,best_phiOut,best_Q2,best_xB,best_t,best_W2,best_y,best_theta_e_gamma_deg,best_k_dot_qout,best_kp_dot_qout,best_abs_k_dot_qout,best_abs_kp_dot_qout
C_e_p,C_{l_0p},TxTy,enhanced_region_0,0,21,9.9293861990152943e-01,9.9999999999999989e-01,high_s_high_theta_in_low_Egamma,3.0604731278584492e+00,2.1515843999999998e+01,2.1515843999999998e+01,1.5707949999999999e+00,1.5707949999999999e+00,1.4726215563702159e+00,1.5707963267948966e+00,2.5000000000000000e-01,2.5000000000000000e-01,0.0000000000000000e+00,1.5707963267948966e+00,1.8693134240209016e+01,1.9690182787340667e+01,9.4234506464950596e-01,9.9463038846228391e-01,-1.8520759682992768e+01,-1.7454869054305899e+01,9.8614341926276639e-01,2.0235348692446040e+00,9.5797500400397118e-01,9.6127278103574454e-01,9.6833427957668292e+01,1.8000000000000000e+02,3.0223268365306497e+00,3.1415926535897931e+00,4.8949733155723152e-13,5.0159664566161299e-01,5.8778392426963721e-01,1.1064796492597375e+00,massless,high_s,high_theta_in,low_Egamma,0.0000000000000000e+00,2.1515843999999998e+01,4.6385174355606331e+00,2.2244176384674761e+00,1.9976538260331771e+00,1.5707949999999999e+00,1.4726215563702159e+00,1.4726215563702159e+00,4.6142142099600090e+00,2.5000000000000000e-01,7.8539816339744828e-01,1.9409786356404755e+01,9.7994749902375244e-01,-1.7740166610350428e+01,1.2770231960776510e+00,9.5982581665450739e-01,1.3964780646050889e+02,1.2622988782229438e-01,9.6103976084962006e-01,1.2622988782229438e-01,9.6103976084962006e-01
C_e_p,C_{l_0p},TxTy,enhanced_region_1,1,20,9.9293861987799881e-01,1.0000000000000002e+00,high_s_high_theta_in_low_Egamma,3.0604731278584492e+00,2.1515843999999998e+01,2.1515843999999998e+01,1.5707949999999999e+00,1.5707949999999999e+00,1.5707963267948966e+00,1.6689710972195773e+00,2.5000000000000000e-01,2.5000000000000000e-01,1.6689710972195777e+00,3.1415926535897931e+00,1.8693134240209012e+01,1.9685071241804675e+01,9.4234506464950596e-01,9.9439285513526121e-01,-1.8520759682992768e+01,-1.7454869054305899e+01,9.9084343604329894e-01,2.0235348692446040e+00,9.5797500400397129e-01,9.6127278103574454e-01,9.6833427957668292e+01,1.7500959925752599e+02,3.0223268365306497e+00,3.1305168071152538e+00,2.6777947315889334e-03,5.0159664566161311e-01,5.8778392426963733e-01,1.1041296408678538e+00,massless,high_s,high_theta_in,low_Egamma,0.0000000000000000e+00,2.1515843999999998e+01,4.6385174355606331e+00,2.2244176384674761e+00,1.9976538260331771e+00,1.5707949999999999e+00,1.6689710972195773e+00,1.6689710972195773e+00,4.8105637508093704e+00,2.5000000000000000e-01,2.3561944901923448e+00,1.9409786356404755e+01,9.7994749902375244e-01,-1.7740166610350428e+01,1.2770231960776510e+00,9.5982581665450750e-01,1.3964780646050889e+02,1.2622988782229444e-01,9.6103976084962006e-01,1.2622988782229444e-01,9.6103976084962006e-01
C_e_p,C_{l_0p},TxTy,enhanced_region_2,2,20,9.9293711939217699e-01,1.0000000000000000e+00,high_s_high_theta_in_low_Egamma,3.0623937455043215e+00,2.1515843999999998e+01,2.1515843999999998e+01,1.5707949999999999e+00,1.5707949999999999e+00,1.5707963267948966e+00,1.6689710972195773e+00,2.5000000000000000e-01,2.5000000000000000e-01,3.2397674240144743e+00,4.6142142099600090e+00,1.7541204576446475e+01,1.8588842228084768e+01,8.8349064984613845e-01,9.3687787687118451e-01,-1.9785856780754841e+01,-1.8634215101932423e+01,2.1322667723915214e+00,3.1930709101813783e+00,9.6148793373116392e-01,9.6365833734863504e-01,6.3358759095448072e+00,9.1213695601768791e+01,3.0222348987972731e+00,3.1291855283951255e+00,5.5610440961686924e-01,1.1095310245021490e+00,3.0159037972540426e-03,5.3341797269310620e-01,massless,high_s,high_theta_in,low_Egamma,0.0000000000000000e+00,2.1515843999999998e+01,4.6385174355606331e+00,2.2244176384674761e+00,2.1915955855647962e+00,1.5707949999999999e+00,1.6689710972195773e+00,1.6689710972195773e+00,4.8105637508093704e+00,2.5000000000000000e-01,4.0251655874119221e+00,1.7834902030706569e+01,8.9740275182935836e-01,-1.9453311064701062e+01,2.9188525343658709e+00,9.6306990526615865e-01,4.3912763175342114e+01,9.4932960870435257e-01,1.4012509170710863e-01,9.4932960870435257e-01,1.4012509170710863e-01
C_e_p,C_{l_0p},TxTy,enhanced_region_3,3,19,9.9293711894916925e-01,1.0000000000000000e+00,high_s_high_theta_in_low_Egamma,3.0623937455043215e+00,2.1515843999999998e+01,2.1515843999999998e+01,1.5707949999999999e+00,1.5707949999999999e+00,1.4726215563702159e+00,1.5707963267948966e+00,2.5000000000000000e-01,2.5000000000000000e-01,4.8105637508093704e+00,6.1850105367549055e+00,1.7567032495361552e+01,1.8588842228084772e+01,8.8367591809744106e-01,9.3687787687118451e-01,-1.9785856780754841e+01,-1.8634215101932423e+01,2.1322667723915214e+00,3.1930709101813783e+00,9.6148793373116392e-01,9.6365833734863504e-01,6.3358759095448072e+00,9.1213695601768805e+01,3.0222348987972723e+00,3.1291855283951255e+00,5.5610440961686902e-01,1.1095310245021490e+00,3.0159037972540379e-03,5.3341797269310620e-01,massless,high_s,high_theta_in,low_Egamma,0.0000000000000000e+00,2.1515843999999998e+01,4.6385174355606331e+00,2.2244176384674761e+00,2.1915955855647962e+00,1.5707949999999999e+00,1.4726215563702159e+00,1.4726215563702159e+00,4.6142142099600090e+00,2.5000000000000000e-01,5.3996123733574573e+00,1.7834902030706573e+01,8.9740275182935858e-01,-1.9453311064701062e+01,2.9188525343658709e+00,9.6306990526615854e-01,4.3912763175342100e+01,9.4932960870435257e-01,1.4012509170710849e-01,9.4932960870435257e-01,1.4012509170710849e-01
C_e_p,C_{l_0p},TxTx,enhanced_region_0,0,27,9.9293494634384916e-01,1.0000000000000000e+00,high_s_high_theta_in_low_Egamma,3.1415926535897931e+00,2.1515843999999998e+01,2.1515843999999998e+01,1.5707949999999999e+00,1.5707949999999999e+00,1.5707963267948966e+00,1.5707963267948966e+00,2.5000000000000000e-01,2.5000000000000000e-01,2.9452431127404310e-01,2.8470683423157501e+00,1.8936879473483355e+01,1.9690182787340667e+01,9.5804197065771246e-01,9.9463038846228391e-01,-1.8236324522220869e+01,-1.7477223488821959e+01,9.8614341926276639e-01,1.7091961254129395e+00,9.5785188984765934e-01,9.5931780415794921e-01,1.1330866948543148e+02,1.8000000000000000e+02,3.0293039380839240e+00,3.1415926535897931e+00,4.8949733155723152e-13,3.9467582055159506e-01,7.4495329618289441e-01,1.1064796492597375e+00,massless,high_s,high_theta_in,low_Egamma,0.0000000000000000e+00,2.1515843999999998e+01,4.6385174355606331e+00,2.2244176384674761e+00,1.9629592985194750e+00,1.5707949999999999e+00,1.5707963267948966e+00,1.5707963267948966e+00,4.7123889803846897e+00,2.5000000000000000e-01,1.5707963267948966e+00,1.9690182787340667e+01,9.9463038846228391e-01,-1.7477223488821959e+01,9.8614341926276639e-01,9.5931780415794921e-01,1.8000000000000000e+02,4.8949733155723152e-13,1.1064796492597375e+00,4.8949733155723152e-13,1.1064796492597375e+00
C_e_p,C_{l_0p},TxTx,enhanced_region_1,1,25,9.9293469379375443e-01,1.0000000000000000e+00,high_s_high_theta_in_low_Egamma,3.1291855283951255e+00,2.1515843999999998e+01,2.1515843999999998e+01,1.5707949999999999e+00,1.5707949999999999e+00,1.5707963267948966e+00,1.5707963267948966e+00,2.5000000000000000e-01,2.5000000000000000e-01,3.5342917352885173e+00,5.9886609959055432e+00,1.7572826539345051e+01,1.8320764615305979e+01,8.8367591809744106e-01,9.2573984182127755e-01,-1.9785856780754841e+01,-1.8906210357902616e+01,2.3494824630169346e+00,3.1930709101813783e+00,9.5902321565821469e-01,9.6365833734863504e-01,6.3358759095448072e+00,7.9774551914886572e+01,3.0255360788927286e+00,3.1291855283951255e+00,7.1753299868214304e-01,1.1095310245021490e+00,3.0159037972540379e-03,4.2481012738374407e-01,massless,high_s,high_theta_in,low_Egamma,0.0000000000000000e+00,2.1515843999999998e+01,4.6385174355606331e+00,2.2244176384674761e+00,2.2237119913327503e+00,1.5707949999999999e+00,1.5707963267948966e+00,1.5707963267948966e+00,4.7123889803846897e+00,2.5000000000000000e-01,4.8105637508093704e+00,1.7572826539345051e+01,8.8367591809744106e-01,-1.9785856780754841e+01,3.1930709101813783e+00,9.6365833734863504e-01,6.3358759095448072e+00,1.1095310245021490e+00,3.0159037972540379e-03,1.1095310245021490e+00,3.0159037972540379e-03
C_e_p,C_{l_0p},TxTx,enhanced_region_2,2,14,9.9290647069190430e-01,9.9999999999999978e-01,high_s_high_theta_in_low_Egamma,3.0255360788927286e+00,2.1515843999999998e+01,2.1515843999999998e+01,1.5707949999999999e+00,1.5707949999999999e+00,1.5707963267948966e+00,1.6689710972195773e+00,2.5000000000000000e-01,2.5000000000000000e-01,2.6507188014663878e+00,3.4361169648638361e+00,1.8320764615305979e+01,1.9179308284156846e+01,9.2573984182127778e-01,9.6776373843361907e-01,-1.8906210357902616e+01,-1.7993212051118018e+01,1.5187077783753276e+00,2.3494824630169346e+00,9.5789110255396570e-01,9.6171438696807299e-01,7.9774551914886601e+01,1.2399575611825036e+02,3.0222348987972731e+00,3.0391286297447238e+00,2.4714935318306885e-01,7.1753299868214304e-01,4.2481012738374430e-01,8.4019746970248776e-01,massless,high_s,high_theta_in,low_Egamma,0.0000000000000000e+00,2.1515843999999998e+01,4.6385174355606331e+00,2.2244176384674761e+00,2.1246739718347758e+00,1.5707949999999999e+00,1.5707963267948966e+00,1.5707963267948966e+00,4.7123889803846897e+00,2.5000000000000000e-01,3.4361169648638361e+00,1.8320764615305979e+01,9.2573984182127778e-01,-1.8906210357902616e+01,2.3494824630169346e+00,9.5902321565821447e-01,7.9774551914886601e+01,7.1753299868214304e-01,4.2481012738374430e-01,7.1753299868214304e-01,4.2481012738374430e-01
C_e_p,C_{l_0p},TxTx,enhanced_region_3,3,14,9.9290570572305004e-01,9.9999999999999978e-01,high_s_high_theta_in_low_Egamma,3.0258961545976248e+00,2.1515843999999998e+01,2.1515843999999998e+01,1.5707949999999999e+00,1.5707949999999999e+00,1.4726215563702159e+00,1.5707963267948966e+00,2.5000000000000000e-01,2.5000000000000000e-01,0.0000000000000000e+00,6.1850105367549055e+00,1.8381125090606563e+01,1.9179308284156850e+01,9.2596564565151596e-01,9.6776373843361907e-01,-1.8860694831765947e+01,-1.7993212051118018e+01,1.5187077783753276e+00,2.3494824630169346e+00,9.5789110255396592e-01,9.6194822415310632e-01,7.9774551914886572e+01,1.2399575611825034e+02,3.0222348987972723e+00,3.0391286297447229e+00,2.4714935318306880e-01,6.6459499796351751e-01,4.2481012738374407e-01,8.4019746970248765e-01,massless,high_s,high_theta_in,low_Egamma,0.0000000000000000e+00,2.1515843999999998e+01,4.6385174355606331e+00,2.2244176384674761e+00,2.0610691594533685e+00,1.5707949999999999e+00,1.5707963267948966e+00,1.5707963267948966e+00,4.7123889803846897e+00,2.5000000000000000e-01,1.9634954084936207e-01,1.8835850278097020e+01,9.5289175936900083e-01,-1.8343009717060731e+01,1.8110345142066151e+00,9.5789110255396592e-01,1.0787892109669082e+02,4.4761382127022054e-01,6.9403410178827185e-01,4.4761382127022054e-01,6.9403410178827185e-01
C_e_p,C_{l_0p},LTy,enhanced_region_0,0,18,1.9103255151187158e-10,1.0000000000000000e+00,high_s_high_theta_in_mid_Egamma,2.9613200060601983e+00,2.1515843999999998e+01,2.1515843999999998e+01,1.5707949999999999e+00,1.5707949999999999e+00,6.8722339297276669e-01,2.7488935718910685e+00,1.0000000000000000e+00,1.8000000000000000e+00,6.8722339297276724e-01,2.7488935718910690e+00,1.5585390606954352e+01,1.9152484684667694e+01,8.3992944337696851e-01,9.6635000278939875e-01,-1.0542372827317124e+01,-3.1868069350750128e+00,1.5467670137681346e+00,4.0629222040829802e+00,8.6528017500727883e-01,9.6513359343582461e-01,1.4031923447677875e+02,1.8000000000000000e+02,2.0573438178519048e+00,3.1415926535897931e+00,1.9578227927752323e-12,3.5249581031848720e-12,3.5032518933130632e+00,6.8235869507559999e+00,massless,high_s,high_theta_in,mid_Egamma,0.0000000000000000e+00,2.1515843999999998e+01,4.6385174355606331e+00,2.2244176384674761e+00,1.1758783461108848e+00,1.5707949999999999e+00,1.1780972450961720e+00,1.1780972450961720e+00,4.3196898986859651e+00,1.0000000000000000e+00,1.1780972450961724e+00,1.8777266733229446e+01,9.5739509847232662e-01,-1.0335836307347957e+01,1.7154484452333509e+00,9.5042019666906397e-01,1.6782886186509529e+02,1.9582113708338511e-12,4.2207152129431762e+00,1.9582113708338511e-12,4.2207152129431762e+00
C_e_p,C_{l_0p},LTy,enhanced_region_1,1,22,1.8422453444034707e-10,1.0000000000000002e+00,high_s_high_theta_in_low_Egamma,3.1195311652327806e+00,2.1515843999999998e+01,2.1515843999999998e+01,1.5707949999999999e+00,1.5707949999999999e+00,9.8174770424680702e-02,2.2580197197676632e+00,2.5000000000000000e-01,2.5000000000000000e-01,9.8174770424681035e-02,2.2580197197676637e+00,1.1415502297655511e+01,1.9690182787340667e+01,9.1677640991592169e-01,9.9463038846228391e-01,-1.7477223488821959e+01,-1.0132525789530940e+01,9.8614341926276639e-01,1.9161262096513836e+00,6.0340107129806642e-01,9.5931780415794921e-01,1.0238792605931758e+02,1.8000000000000000e+02,3.0235573267857756e+00,3.1415926535897931e+00,4.8938630925476900e-13,4.8960835385969403e-13,6.4148825406287335e-01,1.1064796492597375e+00,massless,high_s,high_theta_in,low_Egamma,0.0000000000000000e+00,2.1515843999999998e+01,4.6385174355606331e+00,2.2244176384674761e+00,1.9652015809447518e+00,1.5707949999999999e+00,1.7671458676442597e+00,1.7671458676442597e+00,4.9087385212340520e+00,2.5000000000000000e-01,1.7671458676442586e+00,1.9523165090745788e+01,9.9363452428641996e-01,-1.7328976738575701e+01,1.0049143656121540e+00,9.5213391434182715e-01,1.7001403017263394e+02,4.8956325104931864e-13,1.0970941760853923e+00,4.8956325104931864e-13,1.0970941760853923e+00
C_e_p,C_{l_0p},LTy,enhanced_region_2,2,23,1.7020620694453109e-10,9.9999999999999989e-01,high_s_high_theta_in_low_Egamma,3.0337330689875239e+00,2.1515843999999998e+01,2.1515843999999998e+01,1.5707949999999999e+00,1.5707949999999999e+00,2.3561944901923439e+00,4.0251655874119221e+00,2.5000000000000000e-01,1.8000000000000000e+00,2.3561944901923448e+00,4.0251655874119221e+00,2.4935738046869744e+00,1.7102030362413167e+01,3.2920635927379788e-01,9.7730302075930420e-01,-1.5179950840715229e+01,-1.5699110704660775e+00,1.2770231960776492e+00,1.0920348221555944e+01,2.1964442426113812e-01,9.5207315490555511e-01,4.3912763175342114e+01,1.6370615790488603e+02,1.5432415223603440e+00,3.0623937455043215e+00,4.8938630925476900e-13,3.5247360585799470e-12,1.4012509170710863e-01,6.2520657259682881e+00,massless,high_s,high_theta_in,low_Egamma,0.0000000000000000e+00,2.1515843999999998e+01,4.6385174355606331e+00,2.2244176384674761e+00,2.0374127357094727e+00,1.5707949999999999e+00,2.7488935718910685e+00,2.7488935718910685e+00,5.8904862254808616e+00,2.5000000000000000e-01,2.7488935718910690e+00,1.4126101664505367e+01,9.5075693687128771e-01,-1.2538483694276708e+01,1.6114847475468308e+00,7.1999139426498382e-01,1.1867989897774426e+02,4.8955284270846278e-13,7.9380898511495612e-01,4.8955284270846278e-13,7.9380898511495612e-01
C_e_p,C_{l_0p},LTy,enhanced_region_3,3,17,1.4540700877631577e-10,1.0000000000000002e+00,high_s_high_theta_in_mid_Egamma,2.6033967784816179e+00,2.1515843999999998e+01,2.1515843999999998e+01,1.5707949999999999e+00,1.5707949999999999e+00,0.0000000000000000e+00,6.1850105367549055e+00,2.5000000000000000e-01,1.8000000000000000e+00,0.0000000000000000e+00,6.1850105367549055e+00,6.6139796599277174e+00,1.6532912090032838e+01,6.2384413059681920e-01,9.0143575228491224e-01,-9.2842475814846246e+00,-2.7095007958727066e+00,2.0235348692446040e+00,6.1944420833484148e+00,3.9687439608663683e-01,9.6206305131131054e-01,7.3954780911506873e+01,1.7230508102217101e+02,1.5825368686575314e+00,3.0289354741891170e+00,4.8938630925476900e-13,3.5247360585799470e-12,3.7166917003062372e-01,6.6892208655958427e+00,massless,high_s,high_theta_in,mid_Egamma,0.0000000000000000e+00,2.1515843999999998e+01,4.6385174355606331e+00,2.2244176384674761e+00,1.4478214242785392e+00,1.5707949999999999e+00,1.9634954084936229e-01,1.9634954084936229e-01,3.3379421944391554e+00,1.0000000000000000e+00,1.9634954084936207e-01,1.4217835765286649e+01,8.3129880501581699e-01,-7.8261242811606779e+00,3.7651673869944946e+00,8.2880205234934834e-01,1.3208635219504839e+02,1.9584334154387761e-12,3.1958557420644986e+00,1.9584334154387761e-12,3.1958557420644986e+00
C_e_p,C_{l_0p},LTx,enhanced_region_0,0,25,1.9048996511581377e-10,1.0000000000000000e+00,high_s_high_theta_in_low_Egamma,3.1195311652327806e+00,2.1515843999999998e+01,2.1515843999999998e+01,1.5707949999999999e+00,1.5707949999999999e+00,0.0000000000000000e+00,6.1850105367549055e+00,2.5000000000000000e-01,2.5000000000000000e-01,0.0000000000000000e+00,6.1850105367549055e+00,6.6139796599277174e+00,1.9690182787340667e+01,8.0757758086513898e-01,9.9463038846228391e-01,-1.7477223488821959e+01,-5.8706413198675502e+00,9.8614341926276639e-01,2.4557643777161151e+00,3.9687439608663683e-01,9.5931780415794921e-01,7.3954780911506873e+01,1.8000000000000000e+02,3.0222348987972723e+00,3.1415926535897931e+00,4.8938630925476900e-13,4.8960835385969403e-13,3.7166917003062372e-01,1.1064796492597375e+00,massless,high_s,high_theta_in,low_Egamma,0.0000000000000000e+00,2.1515843999999998e+01,4.6385174355606331e+00,2.2244176384674761e+00,1.9652015809447518e+00,1.5707949999999999e+00,1.7671458676442597e+00,1.7671458676442597e+00,4.9087385212340520e+00,2.5000000000000000e-01,1.7671458676442586e+00,1.9523165090745788e+01,9.9363452428641996e-01,-1.7328976738575701e+01,1.0049143656121540e+00,9.5213391434182715e-01,1.7001403017263394e+02,4.8956325104931864e-13,1.0970941760853923e+00,4.8956325104931864e-13,1.0970941760853923e+00
C_e_p,C_{l_0p},LTx,enhanced_region_1,1,26,1.7481258031088547e-10,9.9999999999999978e-01,high_s_high_theta_in_mid_Egamma,2.9613200060601983e+00,2.1515843999999998e+01,2.1515843999999998e+01,1.5707949999999999e+00,1.5707949999999999e+00,0.0000000000000000e+00,6.1850105367549055e+00,1.0000000000000000e+00,1.8000000000000000e+00,0.0000000000000000e+00,6.1850105367549055e+00,8.8141142820353870e+00,1.9152484684667694e+01,6.2384413059681920e-01,9.6635000278939875e-01,-1.0542372827317124e+01,-2.7095007958727066e+00,1.5467670137681346e+00,6.1944420833484148e+00,6.8466332454854673e-01,9.6513359343582461e-01,1.0151463154158930e+02,1.8000000000000000e+02,1.5825368686575314e+00,3.1415926535897931e+00,1.9575452370190760e-12,3.5249581031848720e-12,1.9812183938869519e+00,6.8235869507559999e+00,massless,high_s,high_theta_in,mid_Egamma,0.0000000000000000e+00,2.1515843999999998e+01,4.6385174355606331e+00,2.2244176384674761e+00,1.1758783461108848e+00,1.5707949999999999e+00,1.1780972450961720e+00,1.1780972450961720e+00,4.3196898986859651e+00,1.0000000000000000e+00,1.1780972450961724e+00,1.8777266733229446e+01,9.5739509847232662e-01,-1.0335836307347957e+01,1.7154484452333509e+00,9.5042019666906397e-01,1.6782886186509529e+02,1.9582113708338511e-12,4.2207152129431762e+00,1.9582113708338511e-12,4.2207152129431762e+00
C_e_p,C_{l_0p},LTx,enhanced_region_2,2,10,1.5114570875762159e-10,9.9999999999999967e-01,high_s_high_theta_in_low_Egamma,3.0337330689875239e+00,2.1515843999999998e+01,2.1515843999999998e+01,1.5707949999999999e+00,1.5707949999999999e+00,2.3561944901923439e+00,4.0251655874119221e+00,2.5000000000000000e-01,2.5000000000000000e-01,2.3561944901923448e+00,4.0251655874119221e+00,2.4935738046869744e+00,1.7102030362413167e+01,5.5014418231352991e-01,9.7730302075930420e-01,-1.5179950840715229e+01,-2.2133236212737391e+00,1.2770231960776492e+00,2.9188525343658691e+00,2.1964442426113812e-01,8.4799426044247073e-01,4.3912763175342114e+01,1.3964780646050889e+02,3.0222348987972731e+00,3.0623937455043215e+00,4.8938630925476900e-13,4.8960835385969403e-13,1.4012509170710863e-01,9.6103976084962006e-01,massless,high_s,high_theta_in,low_Egamma,0.0000000000000000e+00,2.1515843999999998e+01,4.6385174355606331e+00,2.2244176384674761e+00,2.0374127357094727e+00,1.5707949999999999e+00,2.7488935718910685e+00,2.7488935718910685e+00,5.8904862254808616e+00,2.5000000000000000e-01,2.7488935718910690e+00,1.4126101664505367e+01,9.5075693687128771e-01,-1.2538483694276708e+01,1.6114847475468308e+00,7.1999139426498382e-01,1.1867989897774426e+02,4.8955284270846278e-13,7.9380898511495612e-01,4.8955284270846278e-13,7.9380898511495612e-01
C_e_p,C_{l_0p},LTx,enhanced_region_3,3,19,1.2629273385867849e-10,1.0000000000000000e+00,high_s_high_theta_in_mid_Egamma,2.6560554165856827e+00,2.1515843999999998e+01,2.1515843999999998e+01,1.5707949999999999e+00,1.5707949999999999e+00,2.0616701789183018e+00,4.0251655874119221e+00,1.0000000000000000e+00,1.8000000000000000e+00,2.0616701789183018e+00,4.0251655874119221e+00,3.7299646910771584e+00,1.8563562186374064e+01,3.2920635927379788e-01,9.5221004526620068e-01,-1.0218203893330685e+01,-1.5699110704660775e+00,1.8115205780777632e+00,1.0920348221555944e+01,5.4904884917975705e-01,9.6363004957760079e-01,6.6213131954586558e+01,1.7462288222975423e+02,1.5901108315025061e+00,2.9177897181440748e+00,1.9575452370190760e-12,3.5247360585799470e-12,8.3841375526151585e-01,6.7577922819670784e+00,massless,high_s,high_theta_in,mid_Egamma,0.0000000000000000e+00,2.1515843999999998e+01,4.6385174355606331e+00,2.2244176384674761e+00,1.3681850577849746e+00,1.5707949999999999e+00,2.7488935718910685e+00,2.7488935718910685e+00,5.8904862254808616e+00,1.0000000000000000e+00,2.7488935718910690e+00,1.5585390606954352e+01,8.7284156350310260e-01,-8.5788868203318245e+00,3.1503750844958436e+00,8.6528017500727883e-01,1.4031923447677875e+02,1.9582113708338511e-12,3.5032518933130632e+00,1.9582113708338511e-12,3.5032518933130632e+00
C_e_p,C_{l_0p},Ty_proton,enhanced_region_0,0,14,3.6921354862329281e-11,5.0000135247460087e-01,high_s_high_theta_in_mid_Egamma,3.0960171825050828e+00,2.1515843999999998e+01,2.1515843999999998e+01,1.5707949999999999e+00,1.5707949999999999e+00,1.0799224746714913e+00,3.0434178831651124e+00,1.0000000000000000e+00,1.8000000000000000e+00,1.0799224746714913e+00,3.0434178831651120e+00,1.4217835765286654e+01,1.9152484684667694e+01,8.2650265966465519e-01,9.6635000278939875e-01,-1.0542372827317124e+01,-3.1263263193462101e+00,1.5467670137681346e+00,4.3194268788330143e+00,8.2880205234934823e-01,9.6515104292341547e-01,1.3208635219504842e+02,1.8000000000000000e+02,1.8308395327397964e+00,3.1415926535897931e+00,1.9578540177977999e-12,3.5247360585799470e-12,3.1958557420645000e+00,6.8243505355684739e+00,massless,high_s,high_theta_in,mid_Egamma,0.0000000000000000e+00,2.1515843999999998e+01,4.6385174355606331e+00,2.2244176384674761e+00,1.1539815688876862e+00,1.5707949999999999e+00,1.4726215563702159e+00,1.4726215563702159e+00,4.6142142099600090e+00,1.0000000000000000e+00,1.4726215563702154e+00,1.9129213603539650e+01,9.6580005028423077e-01,-1.0529563397242599e+01,1.5572286648182838e+00,9.5980801843176677e-01,1.7698628214247455e+02,1.9579997345697819e-12,4.2998251031508703e+00,1.9579997345697819e-12,4.2998251031508703e+00
C_e_p,C_{l_0p},Ty_proton,enhanced_region_1,1,12,2.4038326884578964e-11,5.1392199501182634e-01,high_s_high_theta_in_low_Egamma,3.0454292706027202e+00,2.1515843999999998e+01,2.1515843999999998e+01,1.5707949999999999e+00,1.5707949999999999e+00,2.0616701789183018e+00,4.1233403578366037e+00,2.5000000000000000e-01,1.8000000000000000e+00,2.0616701789183018e+00,4.1233403578366037e+00,2.8324197137171701e+00,1.8657724118150501e+01,2.6138680178576323e-01,9.8822374630119292e-01,-1.6560801782670566e+01,-1.5590888136543073e+00,1.1021803823021579e+00,8.8835479710535203e+00,5.2510775754849259e-01,9.4050026962050493e-01,5.7829595761606534e+01,1.5682731650207432e+02,1.5432415223603440e+00,3.0880101932575004e+00,4.8944182040600026e-13,3.5247360585799470e-12,5.8778392426963733e-01,5.7456394251003058e+00,massless,high_s,high_theta_in,low_Egamma,0.0000000000000000e+00,2.1515843999999998e+01,4.6385174355606331e+00,2.2244176384674761e+00,2.0160468500364317e+00,1.5707949999999999e+00,2.5525440310417071e+00,2.5525440310417071e+00,5.6941366846315002e+00,2.5000000000000000e-01,2.5525440310417071e+00,1.5726620923597688e+01,9.6610473468225755e-01,-1.3959122247581277e+01,1.4316040417642319e+00,7.8883412315186685e-01,1.2925975598885944e+02,4.8944182040600026e-13,8.8374933800864330e-01,4.8944182040600026e-13,8.8374933800864330e-01
C_e_p,C_{l_0p},Ty_proton,enhanced_region_2,2,16,1.8104850951772278e-11,5.1297956651058263e-01,high_s_high_theta_in_mid_Egamma,2.6869981656158055e+00,2.1515843999999998e+01,2.1515843999999998e+01,1.5707949999999999e+00,1.5707949999999999e+00,0.0000000000000000e+00,6.1850105367549055e+00,2.5000000000000000e-01,1.8000000000000000e+00,0.0000000000000000e+00,6.1850105367549055e+00,8.6399393138379674e-02,1.6702391499000381e+01,9.2657549740413157e-03,8.8983104850766503e-01,-8.9061802000298389e+00,-4.7233634572639634e-02,2.6580192047076681e+00,1.7378183938550212e+01,1.3298023170712142e-01,9.6363004957760079e-01,1.0200877014772592e+01,1.7462288222975423e+02,1.5556182035522301e+00,3.1049363608144391e+00,4.8949039266332761e-13,3.5248748364580251e-12,1.9420677043626152e-02,6.7577922819670775e+00,massless,high_s,high_theta_in,mid_Egamma,0.0000000000000000e+00,2.1515843999999998e+01,4.6385174355606331e+00,2.2244176384674761e+00,1.3331037654616718e+00,1.5707949999999999e+00,4.9087385212340529e-01,4.9087385212340529e-01,3.6324665057131984e+00,1.0000000000000000e+00,4.9087385212340517e-01,1.6179989331995206e+01,8.8983104850766503e-01,-8.9061802000298389e+00,2.8830697391474018e+00,8.8114048609917694e-01,1.4417134555082015e+02,1.9577672816240010e-12,3.6369045659853847e+00,1.9577672816240010e-12,3.6369045659853847e+00
C_e_p,C_{l_0p},Ty_proton,enhanced_region_3,3,38,1.6080462936841422e-11,5.0000000000004530e-01,high_s_high_theta_in_low_Egamma,3.1415926535897931e+00,2.1515843999999998e+01,2.1515843999999998e+01,1.5707949999999999e+00,1.5707949999999999e+00,0.0000000000000000e+00,6.1850105367549055e+00,2.5000000000000000e-01,2.5000000000000000e-01,0.0000000000000000e+00,6.1850105367549055e+00,8.2353977915575989e+00,1.9690182787340667e+01,8.7805948844215498e-01,9.9463038846228391e-01,-1.7477223488821959e+01,-8.4255188316875866e+00,9.8614341926276639e-01,2.1322667723915232e+00,4.4813342796078992e-01,9.5931780415794921e-01,9.1213695601768805e+01,1.8000000000000000e+02,3.0222348987972723e+00,3.1415926535897931e+00,4.8938630925476900e-13,1.1122088192332487e+00,5.3341797269310620e-01,1.1064796492597375e+00,massless,high_s,high_theta_in,low_Egamma,0.0000000000000000e+00,2.1515843999999998e+01,4.6385174355606331e+00,2.2244176384674761e+00,1.9629592985194750e+00,1.5707949999999999e+00,1.5707963267948966e+00,1.5707963267948966e+00,4.7123889803846897e+00,2.5000000000000000e-01,1.5707963267948966e+00,1.9690182787340667e+01,9.9463038846228391e-01,-1.7477223488821959e+01,9.8614341926276639e-01,9.5931780415794921e-01,1.8000000000000000e+02,4.8949733155723152e-13,1.1064796492597375e+00,4.8949733155723152e-13,1.1064796492597375e+00
C_e_p,C_{l_0p},LL,enhanced_region_0,0,16,2.8191700763477421e-11,1.0000000000000002e+00,high_s_high_theta_in_low_Egamma,3.0233016194582358e+00,2.1515843999999998e+01,2.1515843999999998e+01,1.5707949999999999e+00,1.5707949999999999e+00,2.2580197197676632e+00,4.0251655874119221e+00,2.5000000000000000e-01,2.5000000000000000e-01,2.2580197197676637e+00,4.0251655874119221e+00,2.4935738046869744e+00,1.7692367667429039e+01,5.5014418231352991e-01,9.8164411390953943e-01,-1.5703940745987675e+01,-2.2133236212737391e+00,1.2106757963426427e+00,2.9188525343658691e+00,2.1964442426113812e-01,8.7338628919227013e-01,4.3912763175342114e+01,1.4478032115122005e+02,3.0222348987972731e+00,3.0690686180232420e+00,4.8938630925476900e-13,4.8960835385969403e-13,1.4012509170710863e-01,9.9421346072096450e-01,massless,high_s,high_theta_in,low_Egamma,0.0000000000000000e+00,2.1515843999999998e+01,4.6385174355606331e+00,2.2244176384674761e+00,2.1119178994757122e+00,1.5707949999999999e+00,3.3379421944391554e+00,3.3379421944391554e+00,1.9634954084936229e-01,2.5000000000000000e-01,3.3379421944391554e+00,8.5224102896670466e+00,8.6225664685744063e-01,-7.5645854030227362e+00,2.2412778311380661e+00,4.7896123865114948e-01,8.5527577009976213e+01,4.8960835385969403e-13,4.7891244332257976e-01,4.8960835385969403e-13,4.7891244332257976e-01
C_e_p,C_{l_0p},LL,enhanced_region_1,1,29,2.6598261066869505e-11,1.0000000000000000e+00,high_s_high_theta_in_low_Egamma,3.0289354741891170e+00,2.1515843999999998e+01,2.1515843999999998e+01,1.5707949999999999e+00,1.5707949999999999e+00,0.0000000000000000e+00,6.1850105367549055e+00,2.5000000000000000e-01,1.0000000000000000e+00,0.0000000000000000e+00,6.1850105367549055e+00,3.2038755402741264e+00,1.9026272939561554e+01,5.7384754783612590e-01,9.9058084107089694e-01,-1.6887929782847504e+01,-2.8437952787199716e+00,1.0607595610686766e+00,6.6586243927541711e+00,2.5019645263123286e-01,9.5042019666906397e-01,5.0037482221469297e+01,1.6782886186509529e+02,2.5438820085134353e+00,3.0981892338900190e+00,4.8938630925476900e-13,1.9584334154387761e-12,1.8004013077757675e-01,4.2207152129431762e+00,massless,high_s,high_theta_in,low_Egamma,0.0000000000000000e+00,2.1515843999999998e+01,4.6385174355606331e+00,2.2244176384674761e+00,2.1371912273948257e+00,1.5707949999999999e+00,5.8904862254808616e+00,5.8904862254808616e+00,2.7488935718910685e+00,2.5000000000000000e-01,5.8904862254808616e+00,6.6139796599277174e+00,8.0757758086513898e-01,-5.8706413198675502e+00,2.4557643777161151e+00,3.9687439608663683e-01,7.3954780911506873e+01,4.8955284270846278e-13,3.7166917003062372e-01,4.8955284270846278e-13,3.7166917003062372e-01
C_e_p,C_{l_0p},LL,enhanced_region_2,2,9,2.5361410145387652e-11,1.0000000000000000e+00,high_s_high_theta_in_low_Egamma,3.1169202761147847e+00,2.1515843999999998e+01,2.1515843999999998e+01,1.5707949999999999e+00,1.5707949999999999e+00,4.1233403578366037e+00,5.3014376029327757e+00,2.5000000000000000e-01,2.5000000000000000e-01,4.1233403578366037e+00,5.3014376029327757e+00,6.7629333476385348e-04,1.8584088060455195e+00,2.9227382274944644e-04,4.6825424769724222e-01,-1.6495441605432231e+00,-7.5203434823376364e-08,2.9902380722726392e+00,3.1930709101813792e+00,1.1006849086117108e-01,1.9232423329706158e-01,6.3358759095448072e+00,3.7738312303523692e+01,3.0719834722955053e+00,3.1291855283951255e+00,4.8949733155723152e-13,2.3945669176409012e-02,3.0159037972540379e-03,1.0443232275165834e-01,massless,high_s,high_theta_in,low_Egamma,0.0000000000000000e+00,2.1515843999999998e+01,4.6385174355606331e+00,2.2244176384674761e+00,2.2216042997976158e+00,1.5707949999999999e+00,4.7123889803846897e+00,4.7123889803846897e+00,1.5707963267948966e+00,2.5000000000000000e-01,4.9087385212340520e+00,2.6768565466881097e-03,1.1649197986873957e-03,-1.1962143445283728e-06,3.1750562768548800e+00,1.1135341797836643e-01,1.2663623099871588e+01,1.0685390297795324e-02,1.2023220463965773e-02,1.0685390297795324e-02,1.2023220463965773e-02
C_e_p,C_{l_0p},LL,enhanced_region_3,3,26,2.2123330335675182e-11,1.0000000000000002e+00,high_s_high_theta_in_mid_Egamma,2.6731788858975571e+00,2.1515843999999998e+01,2.1515843999999998e+01,1.5707949999999999e+00,1.5707949999999999e+00,2.4543692606170264e+00,5.6941366846315002e+00,1.0000000000000000e+00,1.8000000000000000e+00,2.4543692606170260e+00,5.6941366846315002e+00,1.7422119671087970e-02,1.7194410463913083e+01,1.8823296423404684e-03,9.1744637617693903e-01,-9.4645623604977072e+00,-3.1234365396962438e-06,2.4270307677020773e+00,1.2208352719914041e+01,4.4851791222666010e-01,9.0819912926997315e-01,1.0200877014772592e+01,1.5144121629695607e+02,1.5901108315025061e+00,3.0617285335156810e+00,1.9575452370190760e-12,1.0711178926355707e-02,1.9420677043626152e-02,3.8649240517096279e+00,massless,high_s,high_theta_in,mid_Egamma,0.0000000000000000e+00,2.1515843999999998e+01,4.6385174355606331e+00,2.2244176384674761e+00,2.0268215637865308e+00,1.5707949999999999e+00,4.0251655874119221e+00,4.0251655874119221e+00,8.8357293382212898e-01,1.0000000000000000e+00,4.0251655874119221e+00,3.7299646910771584e+00,3.2920635927379788e-01,-2.0531371805581982e+00,8.4800513605963044e+00,5.4904884917975705e-01,6.6213131954586558e+01,1.9577672816240010e-12,8.3841375526151585e-01,1.9577672816240010e-12,8.3841375526151585e-01
C_e_p,C_{l_0p},Tx_proton,enhanced_region_0,0,27,2.7475133279608599e-11,5.0104565246577093e-01,high_s_high_theta_in_low_Egamma,3.0258961545976248e+00,2.1515843999999998e+01,2.1515843999999998e+01,1.5707949999999999e+00,1.5707949999999999e+00,0.0000000000000000e+00,6.1850105367549055e+00,2.5000000000000000e-01,2.5000000000000000e-01,0.0000000000000000e+00,6.1850105367549055e+00,4.7872472040684000e-01,1.4126101664505359e+01,1.7445091418080663e-01,9.8896938650153610e-01,-1.2538483694276701e+01,-4.2492134372611545e-01,9.9084343604329894e-01,3.1452993411013157e+00,1.3298023170712139e-01,7.1999139426498349e-01,1.8975250868623657e+01,1.7500959925752616e+02,3.0222348987972723e+00,3.1305168071152529e+00,4.8938630925476900e-13,1.0184883274803360e+00,2.6901688340848575e-02,1.1041296408678538e+00,massless,high_s,high_theta_in,low_Egamma,0.0000000000000000e+00,2.1515843999999998e+01,4.6385174355606331e+00,2.2244176384674761e+00,2.0610691594533685e+00,1.5707949999999999e+00,1.9634954084936229e-01,1.9634954084936229e-01,3.3379421944391554e+00,2.5000000000000000e-01,1.9634954084936207e-01,1.2350573581723557e+01,9.2988954573497096e-01,-1.0962505378147805e+01,1.8110345142066169e+00,6.4362105523988089e-01,1.0787892109669082e+02,4.8960835385969403e-13,6.9403410178827185e-01,4.8960835385969403e-13,6.9403410178827185e-01
C_e_p,C_{l_0p},Tx_proton,enhanced_region_1,1,27,2.1101453917538038e-11,5.0199694257017913e-01,high_s_high_theta_in_low_Egamma,3.1087255874282214e+00,2.1515843999999998e+01,2.1515843999999998e+01,1.5707949999999999e+00,1.5707949999999999e+00,0.0000000000000000e+00,2.4543692606170264e+00,2.5000000000000000e-01,2.5000000000000000e-01,1.2762720155208536e+00,3.6324665057131984e+00,8.1099469356019220e+00,1.9690182787340667e+01,8.2846772487563491e-01,9.9463038846228391e-01,-1.7477223488821959e+01,-8.7443409143887170e+00,9.8614341926276639e-01,2.5589892548263076e+00,4.4813342796078992e-01,9.5931780415794921e-01,6.8069149087931123e+01,1.8000000000000000e+02,3.0222348987972731e+00,3.1415926535897931e+00,4.8949733155723152e-13,1.1122088192332487e+00,3.2005673147806535e-01,1.1064796492597375e+00,massless,high_s,high_theta_in,low_Egamma,0.0000000000000000e+00,2.1515843999999998e+01,4.6385174355606331e+00,2.2244176384674761e+00,1.9679907010083997e+00,1.5707949999999999e+00,1.2762720155208536e+00,1.2762720155208536e+00,4.4178646691106467e+00,2.5000000000000000e-01,1.2762720155208536e+00,1.9315366538406320e+01,9.9237432065978892e-01,-1.7144532450825579e+01,1.0282686301965949e+00,9.4319592792221962e-01,1.6500814417603530e+02,4.8957365939017450e-13,1.0854170437909594e+00,4.8957365939017450e-13,1.0854170437909594e+00
C_e_p,C_{l_0p},Tx_proton,enhanced_region_2,2,15,1.8804346968437358e-11,5.0416262362153541e-01,high_s_high_theta_in_mid_Egamma,2.8340927509950102e+00,2.1515843999999998e+01,2.1515843999999998e+01,1.5707949999999999e+00,1.5707949999999999e+00,2.1598449493429825e+00,4.4178646691106467e+00,2.5000000000000000e-01,1.8000000000000000e+00,2.1598449493429825e+00,4.4178646691106467e+00,2.0685886218922755e+00,1.7984800781722598e+01,1.2101716898716859e-01,9.3784830204551917e-01,-9.8996280737261610e+00,-3.9468554946649897e-01,2.0717061631229234e+00,1.5904603695581645e+01,2.1964442426113812e-01,9.6496420605018962e-01,4.3912763175342114e+01,1.7812228662918179e+02,1.5576374696743984e+00,3.0623937455043215e+00,4.8944182040600026e-13,3.5249581031848720e-12,1.4012509170710863e-01,6.8161746049999898e+00,massless,high_s,high_theta_in,mid_Egamma,0.0000000000000000e+00,2.1515843999999998e+01,4.6385174355606331e+00,2.2244176384674761e+00,1.2246188704132006e+00,1.5707949999999999e+00,2.2580197197676632e+00,2.2580197197676632e+00,5.3996123733574564e+00,1.0000000000000000e+00,2.2580197197676637e+00,1.7984800781722598e+01,9.3784830204551917e-01,-9.8996280737261610e+00,2.0717061631229234e+00,9.2928198026969977e-01,1.5824344661936499e+02,1.9578783039264636e-12,4.0425863539998144e+00,1.9578783039264636e-12,4.0425863539998144e+00
C_e_p,C_{l_0p},Tx_proton,enhanced_region_3,3,11,1.5138001963066472e-11,5.0275812453624324e-01,high_s_high_theta_in_mid_Egamma,2.9177897181440748e+00,2.1515843999999998e+01,2.1515843999999998e+01,1.5707949999999999e+00,1.5707949999999999e+00,1.9634954084936229e-01,6.1850105367549055e+00,1.0000000000000000e+00,1.8000000000000000e+00,1.9634954084936207e-01,6.1850105367549055e+00,6.7397242019075065e+00,1.9152484684667694e+01,5.1896421695418715e-01,9.6635000278939875e-01,-1.0542372827317124e+01,-2.8433678532264421e+00,1.5467670137681346e+00,7.1269963142868109e+00,6.2933109692742395e-01,9.6515104292341547e-01,8.8667179884518433e+01,1.8000000000000000e+02,1.6165445150978228e+00,3.1415926535897931e+00,1.9578227927752323e-12,3.5251801477897970e-12,1.5149412784171981e+00,6.8243505355684739e+00,massless,high_s,high_theta_in,mid_Egamma,0.0000000000000000e+00,2.1515843999999998e+01,4.6385174355606331e+00,2.2244176384674761e+00,1.1890968299457532e+00,1.5707949999999999e+00,1.0799224746714913e+00,1.0799224746714913e+00,4.2215151282612844e+00,1.0000000000000000e+00,1.0799224746714913e+00,1.8563562186374064e+01,9.5221004526620046e-01,-1.0218203893330687e+01,1.8115205780777632e+00,9.4471984708527978e-01,1.6469796364367846e+02,1.9578227927752323e-12,4.1726791465229400e+00,1.9578227927752323e-12,4.1726791465229400e+00
C_e_p,C_{l_0p},L_proton,enhanced_region_0,0,21,5.1412901713732140e-12,6.7186591696080322e-01,high_s_high_theta_in_mid_Egamma,2.5479253393363450e+00,2.1515843999999998e+01,2.1515843999999998e+01,1.5707949999999999e+00,1.5707949999999999e+00,1.5707963267948966e+00,5.2032628325080950e+00,1.0000000000000000e+00,1.8000000000000000e+00,1.5707963267948966e+00,5.2032628325080950e+00,7.6064671925790661e-01,1.9152484684667694e+01,7.8451735472234913e-02,9.6635000278939875e-01,-1.0542372827317124e+01,-3.9468554946649897e-01,1.5467670137681346e+00,1.5904603695581645e+01,4.6984533800323708e-01,9.6515104292341547e-01,3.0180977105176982e+01,1.8000000000000000e+02,1.5556182035522306e+00,3.1415926535897931e+00,1.9577672816240010e-12,3.5247915697311782e-12,1.7097659767202894e-01,6.8243505355684739e+00,massless,high_s,high_theta_in,mid_Egamma,0.0000000000000000e+00,2.1515843999999998e+01,4.6385174355606331e+00,2.2244176384674761e+00,1.7516369519636883e+00,1.5707949999999999e+00,3.5342917352885173e+00,3.5342917352885173e+00,3.9269908169872414e-01,1.0000000000000000e+00,3.5342917352885173e+00,8.8141142820353977e+00,6.2384413059681987e-01,-4.8516774942651786e+00,6.1944420833484068e+00,6.8466332454854661e-01,1.0151463154158932e+02,1.9577672816240010e-12,1.9812183938869539e+00,1.9577672816240010e-12,1.9812183938869539e+00
C_e_p,C_{l_0p},L_proton,enhanced_region_1,1,41,4.8573922661887536e-12,8.5736418609879206e-01,high_s_high_theta_in_low_Egamma,3.0337330689875239e+00,2.1515843999999998e+01,2.1515843999999998e+01,1.5707949999999999e+00,1.5707949999999999e+00,0.0000000000000000e+00,6.1850105367549055e+00,2.5000000000000000e-01,1.8000000000000000e+00,0.0000000000000000e+00,6.1850105367549055e+00,8.5224102896670466e+00,1.9690182787340667e+01,7.0948312610300757e-01,9.9463038846228391e-01,-1.7477223488821959e+01,-3.0276728115174576e+00,9.8614341926276639e-01,5.3019465065177656e+00,4.5370566386075284e-01,9.6513359343582461e-01,8.5527577009976198e+01,1.8000000000000000e+02,1.7089072598942083e+00,3.1415926535897931e+00,4.8946350444944997e-13,9.0889331237128912e-01,4.7891244332257960e-01,6.8235869507559999e+00,massless,high_s,high_theta_in,low_Egamma,0.0000000000000000e+00,2.1515843999999998e+01,4.6385174355606331e+00,2.2244176384674761e+00,2.0374127357094727e+00,1.5707949999999999e+00,3.9269908169872458e-01,3.9269908169872458e-01,3.5342917352885173e+00,2.5000000000000000e-01,3.9269908169872414e-01,1.4126101664505359e+01,9.5075693687128759e-01,-1.2538483694276701e+01,1.6114847475468308e+00,7.1999139426498349e-01,1.1867989897774426e+02,4.8949733155723152e-13,7.9380898511495601e-01,4.8949733155723152e-13,7.9380898511495601e-01
C_e_p,C_{l_0p},L_proton,enhanced_region_2,2,9,3.6079195186999868e-12,6.7384664402308592e-01,high_s_high_theta_in_low_Egamma,3.0222348987972731e+00,2.1515843999999998e+01,2.1515843999999998e+01,1.5707949999999999e+00,1.5707949999999999e+00,1.9634954084936211e+00,4.2215151282612844e+00,2.5000000000000000e-01,2.5000000000000000e-01,1.9634954084936207e+00,4.2215151282612844e+00,1.3063516586374155e+00,1.9026272939561554e+01,3.7551888284548163e-01,9.9058084107089694e-01,-1.6887929782847504e+01,-1.1595321455173488e+00,1.0607595610686784e+00,3.0522832046570745e+00,1.6857873925637196e-01,9.3076121828989333e-01,3.1519666054946111e+01,1.5998683276523207e+02,3.0222348987972731e+00,3.0981892338900199e+00,4.8938630925476900e-13,4.8960835385969403e-13,7.3409756560530046e-02,1.0691715783573539e+00,massless,high_s,high_theta_in,low_Egamma,0.0000000000000000e+00,2.1515843999999998e+01,4.6385174355606331e+00,2.2244176384674761e+00,2.0990539081115651e+00,1.5707949999999999e+00,3.2397674240144743e+00,3.2397674240144743e+00,9.8174770424681146e-02,2.5000000000000000e-01,3.2397674240144743e+00,9.4923547770726877e+00,8.8343892959850256e-01,-8.4255188316875849e+00,2.1322667723915232e+00,5.2068121484125884e-01,9.1213695601768791e+01,4.8938630925476900e-13,5.3341797269310620e-01,4.8938630925476900e-13,5.3341797269310620e-01
C_e_p,C_{l_0p},L_proton,enhanced_region_3,3,9,3.0965646713454476e-12,5.1450430268048153e-01,high_s_high_theta_in_low_Egamma,3.0623937455043215e+00,2.1515843999999998e+01,2.1515843999999998e+01,1.5707949999999999e+00,1.5707949999999999e+00,4.8105637508093704e+00,5.8904862254808616e+00,2.5000000000000000e-01,1.8000000000000000e+00,4.8105637508093704e+00,5.8904862254808616e+00,5.3669036827950364e-02,9.7278240629245705e+00,2.2674861096350012e-02,8.0757758086513898e-01,-5.8706413198675502e+00,-4.7637229234422457e-02,2.4557643777161151e+00,1.2208352719914050e+01,1.1469741941312903e-01,8.9914354264629048e-01,6.3358759095448072e+00,1.3586964240273417e+02,1.5556182035522301e+00,3.1291855283951255e+00,4.8948865793985163e-13,3.5249581031848720e-12,3.0159037972540379e-03,3.9358803424464681e+00,massless,high_s,high_theta_in,low_Egamma,0.0000000000000000e+00,2.1515843999999998e+01,4.6385174355606331e+00,2.2244176384674761e+00,2.1915955855647962e+00,1.5707949999999999e+00,5.3996123733574573e+00,5.3996123733574573e+00,2.2580197197676641e+00,2.5000000000000000e-01,5.3996123733574573e+00,2.4935738046869731e+00,5.5014418231353002e-01,-2.2133236212737377e+00,2.9188525343658691e+00,2.1964442426113800e-01,4.3912763175342100e+01,4.8949733155723152e-13,1.4012509170710849e-01,4.8949733155723152e-13,1.4012509170710849e-01
C_e_p,C_{l_0p},L_electron,enhanced_region_0,0,20,3.0755527002356052e-12,9.9998582160002147e-01,high_s_high_theta_in_high_Egamma,2.3144098029456170e+00,2.1515843999999998e+01,2.1515843999999998e+01,1.5707949999999999e+00,1.5707949999999999e+00,1.5707963267948966e+00,2.9452431127404317e+00,2.5000000000000000e-01,1.8000000000000000e+00,1.5707963267948966e+00,2.9452431127404308e+00,1.6532912090032838e+01,1.9648363586401082e+01,8.3276085363396468e-01,9.9438243854737529e-01,-1.7440104304666498e+01,-3.1544703588470666e+00,9.9084343604329883e-01,4.2000650368273522e+00,9.4319592792221985e-01,9.6514674756748697e-01,1.6500814417603530e+02,1.8000000000000000e+02,1.9014475394815706e+00,3.1415926535897931e+00,4.8946350444944997e-13,3.5249581031848720e-12,1.0854170437909594e+00,6.8241625719709855e+00,massless,high_s,high_theta_in,high_Egamma,0.0000000000000000e+00,2.1515843999999998e+01,4.6385174355606331e+00,2.2244176384674761e+00,1.3783235472265357e-01,1.5707949999999999e+00,2.4543692606170264e+00,2.4543692606170264e+00,5.5959619142068195e+00,1.8000000000000000e+00,2.4543692606170260e+00,1.6807186731525192e+01,8.4435038772638338e-01,-3.2068018066942638e+00,3.9781218431789016e+00,9.6459898113510845e-01,1.7676908622751165e+02,3.5242919693700969e-12,6.8001924624194139e+00,3.5242919693700969e-12,6.8001924624194139e+00
C_e_p,C_{l_0p},L_electron,enhanced_region_1,1,20,2.7763800670290545e-12,9.9998582160003446e-01,high_s_high_theta_in_high_Egamma,2.3144098029456175e+00,2.1515843999999998e+01,2.1515843999999998e+01,1.5707949999999999e+00,1.5707949999999999e+00,0.0000000000000000e+00,6.1850105367549055e+00,2.5000000000000000e-01,1.8000000000000000e+00,0.0000000000000000e+00,6.1850105367549055e+00,1.5868352761602877e+01,1.9690182787340667e+01,8.0442475986610096e-01,9.9463038846228391e-01,-1.7477223488821959e+01,-3.0276728115174576e+00,9.8614341926276639e-01,4.7378268179287772e+00,9.2928198026969999e-01,9.6515104292341547e-01,1.5824344661936499e+02,1.8000000000000000e+02,1.7089072598942083e+00,3.1415926535897931e+00,4.8949733155723152e-13,3.5249581031848720e-12,1.1041296408678538e+00,6.8243505355684739e+00,massless,high_s,high_theta_in,high_Egamma,0.0000000000000000e+00,2.1515843999999998e+01,4.6385174355606331e+00,2.2244176384674761e+00,1.3783235472265357e-01,1.5707949999999999e+00,6.8722339297276669e-01,6.8722339297276669e-01,3.8288160465625602e+00,1.8000000000000000e+00,6.8722339297276724e-01,1.6807186731525189e+01,8.4435038772638338e-01,-3.2068018066942630e+00,3.9781218431789021e+00,9.6459898113510845e-01,1.7676908622751165e+02,3.5247360585799470e-12,6.8001924624194139e+00,3.5247360585799470e-12,6.8001924624194139e+00
C_e_p,C_{l_0p},L_electron,enhanced_region_2,2,18,1.7324359026475118e-12,9.8459353956017792e-01,high_s_high_theta_in_high_Egamma,1.6165445150978233e+00,2.1515843999999998e+01,2.1515843999999998e+01,1.5707949999999999e+00,1.5707949999999999e+00,3.0434178831651124e+00,4.7123889803846897e+00,2.5000000000000000e-01,1.8000000000000000e+00,3.0434178831651120e+00,4.5160394395353274e+00,1.5536185768422733e-02,1.6385406208520198e+01,7.1007132147868444e-03,8.2650265966465519e-01,-6.9443345634314770e+00,-4.4883803969272602e-05,2.7517288110820162e+00,1.6799656115896884e+01,9.2704554975631015e-02,9.6069921919719037e-01,2.0294457163713783e+01,1.7072562180830593e+02,1.5415096947694180e+00,3.0823445539252976e+00,1.9579893262289261e-12,2.6265642231318442e-01,7.3409756560530046e-02,6.6295399445917695e+00,massless,high_s,high_theta_in,high_Egamma,0.0000000000000000e+00,2.1515843999999998e+01,4.6385174355606331e+00,2.2244176384674761e+00,6.0136835519169440e-01,1.5707949999999999e+00,3.4361169648638361e+00,3.4361169648638361e+00,2.9452431127404299e-01,1.8000000000000000e+00,3.4361169648638361e+00,1.4902391022680105e+01,7.6258149992274515e-01,-2.8433678532264439e+00,5.5194835985581765e+00,9.4698733384562350e-01,1.6050382188987254e+02,3.5242919693700969e-12,6.0295115847301917e+00,3.5242919693700969e-12,6.0295115847301917e+00
C_e_p,C_{l_0p},L_electron,enhanced_region_3,3,22,9.6291882266637670e-13,9.7177414204000789e-01,high_s_high_theta_in_high_Egamma,1.5825368686575314e+00,2.1515843999999998e+01,2.1515843999999998e+01,1.5707949999999999e+00,1.5707949999999999e+00,9.8174770424680702e-02,6.0868357663302239e+00,2.5000000000000000e-01,1.8000000000000000e+00,9.8174770424681035e-02,6.0868357663302239e+00,1.5536185768422648e-02,1.6385406208520198e+01,7.1007132147868062e-03,8.2650265966465519e-01,-7.4009497874514114e+00,-4.4883803969272602e-05,2.6580192047076685e+00,1.7378183938550212e+01,8.8465916284641455e-02,9.6069921919719037e-01,2.0294457163713783e+01,1.7072562180830602e+02,1.5415096947694176e+00,3.0823445539252967e+00,1.9575452370190760e-12,2.6265642231318431e-01,7.3409756560529976e-02,6.6295399445917695e+00,massless,high_s,high_theta_in,high_Egamma,0.0000000000000000e+00,2.1515843999999998e+01,4.6385174355606331e+00,2.2244176384674761e+00,7.0835539877577414e-01,1.5707949999999999e+00,5.8904862254808616e+00,5.8904862254808616e+00,2.7488935718910685e+00,1.8000000000000000e+00,5.8904862254808616e+00,1.4200779646068730e+01,7.3169105357763053e-01,-2.7095007958727066e+00,6.0872279178200053e+00,9.4050026962050526e-01,1.5682731650207432e+02,3.5247360585799470e-12,5.7456394251003040e+00,3.5247360585799470e-12,5.7456394251003040e+00
C_e_p,C_{l_0p},unpolarized,enhanced_region_0,0,23,1.1357581541915351e-13,4.9999999999999989e-01,high_s_high_theta_in_low_Egamma,3.1415926535897931e+00,2.1515843999999998e+01,2.1515843999999998e+01,1.5707949999999999e+00,1.5707949999999999e+00,0.0000000000000000e+00,1.5707963267948966e+00,2.5000000000000000e-01,2.5000000000000000e-01,1.5707963267948966e+00,3.6324665057131984e+00,8.1099469356019220e+00,1.9690182787340667e+01,8.2846772487563491e-01,9.9463038846228391e-01,-1.7477223488821959e+01,-8.7443409143887170e+00,9.8614341926276639e-01,2.5589892548263076e+00,4.4813342796078992e-01,9.5931780415794921e-01,6.8069149087931123e+01,1.8000000000000000e+02,3.0222348987972731e+00,3.1415926535897931e+00,4.8949733155723152e-13,1.1122088192332487e+00,3.2005673147806535e-01,1.1064796492597375e+00,massless,high_s,high_theta_in,low_Egamma,0.0000000000000000e+00,2.1515843999999998e+01,4.6385174355606331e+00,2.2244176384674761e+00,1.9629592985194750e+00,1.5707949999999999e+00,1.5707963267948966e+00,1.5707963267948966e+00,4.7123889803846897e+00,2.5000000000000000e-01,1.5707963267948966e+00,1.9690182787340667e+01,9.9463038846228391e-01,-1.7477223488821959e+01,9.8614341926276639e-01,9.5931780415794921e-01,1.8000000000000000e+02,4.8949733155723152e-13,1.1064796492597375e+00,4.8949733155723152e-13,1.1064796492597375e+00
C_e_p,C_{l_0p},unpolarized,enhanced_region_1,1,1,2.5535129566378600e-14,4.9999999999999689e-01,high_s_high_theta_in_high_Egamma,3.1415926535897931e+00,2.1515843999999998e+01,2.1515843999999998e+01,1.5707949999999999e+00,1.5707949999999999e+00,1.5707963267948966e+00,1.5707963267948966e+00,1.8000000000000000e+00,1.8000000000000000e+00,1.5707963267948966e+00,1.5707963267948966e+00,1.6866895224885329e+01,1.6866895224885329e+01,8.4686531068318849e-01,8.4686531068318849e-01,-3.2181941537539771e+00,-3.2181941537539771e+00,3.9298056968822639e+00,3.9298056968822639e+00,9.6515104292341547e-01,9.6515104292341547e-01,1.8000000000000000e+02,1.8000000000000000e+02,3.1415926535897931e+00,3.1415926535897931e+00,3.5244596389088626e-12,3.5244596389088626e-12,6.8243505355684739e+00,6.8243505355684739e+00,massless,high_s,high_theta_in,high_Egamma,0.0000000000000000e+00,2.1515843999999998e+01,4.6385174355606331e+00,2.2244176384674761e+00,9.5652926546798259e-02,1.5707949999999999e+00,1.5707963267948966e+00,1.5707963267948966e+00,4.7123889803846897e+00,1.8000000000000000e+00,1.5707963267948966e+00,1.6866895224885329e+01,8.4686531068318849e-01,-3.2181941537539771e+00,3.9298056968822639e+00,9.6515104292341547e-01,1.8000000000000000e+02,3.5244596389088626e-12,6.8243505355684739e+00,3.5244596389088626e-12,6.8243505355684739e+00
C_e_p,C_{l_0p},unpolarized,enhanced_region_2,2,1,1.9932468841524465e-14,5.0000000000000011e-01,high_s_high_theta_in_mid_Egamma,3.1415926535897931e+00,2.1515843999999998e+01,2.1515843999999998e+01,1.5707949999999999e+00,1.5707949999999999e+00,1.5707963267948966e+00,1.5707963267948966e+00,1.0000000000000000e+00,1.0000000000000000e+00,1.5707963267948966e+00,1.5707963267948966e+00,1.9152484684667694e+01,1.9152484684667694e+01,9.6635000278939875e-01,9.6635000278939875e-01,-1.0542372827317124e+01,-1.0542372827317124e+01,1.5467670137681346e+00,1.5467670137681346e+00,9.6042875065108702e-01,9.6042875065108702e-01,1.8000000000000000e+02,1.8000000000000000e+02,3.1415926535897931e+00,3.1415926535897931e+00,1.9579893262289261e-12,1.9579893262289261e-12,4.3050559286769827e+00,4.3050559286769827e+00,massless,high_s,high_theta_in,mid_Egamma,0.0000000000000000e+00,2.1515843999999998e+01,4.6385174355606331e+00,2.2244176384674761e+00,1.1525279643384914e+00,1.5707949999999999e+00,1.5707963267948966e+00,1.5707963267948966e+00,4.7123889803846897e+00,1.0000000000000000e+00,1.5707963267948966e+00,1.9152484684667694e+01,9.6635000278939875e-01,-1.0542372827317124e+01,1.5467670137681346e+00,9.6042875065108702e-01,1.8000000000000000e+02,1.9579893262289261e-12,4.3050559286769827e+00,1.9579893262289261e-12,4.3050559286769827e+00
C_e_p,C_{l_0p},unpolarized,enhanced_region_3,3,55,0.0000000000000000e+00,3.6827649812532393e-01,high_s_high_theta_in_low_Egamma,3.0223268365306497e+00,2.1515843999999998e+01,2.1515843999999998e+01,1.5707949999999999e+00,1.5707949999999999e+00,0.0000000000000000e+00,9.8174770424680702e-02,2.5000000000000000e-01,2.5000000000000000e-01,0.0000000000000000e+00,6.1850105367549055e+00,8.1185695410371927e+00,1.1500880528904084e+01,7.8891924119352330e-01,9.8896938650153610e-01,-1.0193964620487595e+01,-8.7467870213033709e+00,9.9084343604329894e-01,3.1930709101813792e+00,4.7958639008261617e-01,6.0611880930454043e-01,6.3358759095448072e+00,1.7500959925752616e+02,3.0222348987972723e+00,3.1305168071152529e+00,4.8938630925476900e-13,1.0184883274803360e+00,3.0159037972540379e-03,1.1041296408678538e+00,massless,high_s,high_theta_in,low_Egamma,0.0000000000000000e+00,2.1515843999999998e+01,4.6385174355606331e+00,2.2244176384674761e+00,2.0862097731383007e+00,1.5707949999999999e+00,0.0000000000000000e+00,0.0000000000000000e+00,3.1415926535897931e+00,2.5000000000000000e-01,0.0000000000000000e+00,1.0459815430023117e+01,9.0143575228491224e-01,-9.2842475814846246e+00,2.0235348692446040e+00,5.6229435449058562e-01,9.6833427957668292e+01,4.8949733155723152e-13,5.8778392426963721e-01,4.8949733155723152e-13,5.8778392426963721e-01
C_e_p,C_{l_0p},Tx_electron,enhanced_region_0,0,1,8.0254813211722009e-14,5.0000000000000000e-01,high_s_high_theta_in_low_Egamma,3.1415926535897931e+00,2.1515843999999998e+01,2.1515843999999998e+01,1.5707949999999999e+00,1.5707949999999999e+00,4.7123889803846897e+00,4.7123889803846897e+00,2.5000000000000000e-01,2.5000000000000000e-01,1.5707963267948966e+00,1.5707963267948966e+00,8.6655724217166487e-12,8.6655724217166487e-12,8.1520411692836560e-11,8.1520411692836560e-11,-1.1458339955476612e-02,-1.1458339955476612e-02,9.8614341926276639e-01,9.8614341926276639e-01,5.1511639499628248e-03,5.1511639499628248e-03,1.8000000000000000e+02,1.8000000000000000e+02,3.1415926535897931e+00,3.1415926535897931e+00,1.1122088192332487e+00,1.1122088192332487e+00,1.1064796492597375e+00,1.1064796492597375e+00,massless,high_s,high_theta_in,low_Egamma,0.0000000000000000e+00,2.1515843999999998e+01,4.6385174355606331e+00,2.2244176384674761e+00,1.9629592985194750e+00,1.5707949999999999e+00,4.7123889803846897e+00,4.7123889803846897e+00,1.5707963267948966e+00,2.5000000000000000e-01,1.5707963267948966e+00,8.6655724217166487e-12,8.1520411692836560e-11,-1.1458339955476612e-02,9.8614341926276639e-01,5.1511639499628248e-03,1.8000000000000000e+02,1.1122088192332487e+00,1.1064796492597375e+00,1.1122088192332487e+00,1.1064796492597375e+00
C_e_p,C_{l_0p},Tx_electron,enhanced_region_1,1,1,2.8699265186560297e-14,4.9999999999999989e-01,high_s_high_theta_in_mid_Egamma,3.1415926535897931e+00,2.1515843999999998e+01,2.1515843999999998e+01,1.5707949999999999e+00,1.5707949999999999e+00,1.5707963267948966e+00,1.5707963267948966e+00,1.0000000000000000e+00,1.0000000000000000e+00,1.5707963267948966e+00,1.5707963267948966e+00,1.9152484684667694e+01,1.9152484684667694e+01,9.6635000278939875e-01,9.6635000278939875e-01,-1.0542372827317124e+01,-1.0542372827317124e+01,1.5467670137681346e+00,1.5467670137681346e+00,9.6042875065108702e-01,9.6042875065108702e-01,1.8000000000000000e+02,1.8000000000000000e+02,3.1415926535897931e+00,3.1415926535897931e+00,1.9579893262289261e-12,1.9579893262289261e-12,4.3050559286769827e+00,4.3050559286769827e+00,massless,high_s,high_theta_in,mid_Egamma,0.0000000000000000e+00,2.1515843999999998e+01,4.6385174355606331e+00,2.2244176384674761e+00,1.1525279643384914e+00,1.5707949999999999e+00,1.5707963267948966e+00,1.5707963267948966e+00,4.7123889803846897e+00,1.0000000000000000e+00,1.5707963267948966e+00,1.9152484684667694e+01,9.6635000278939875e-01,-1.0542372827317124e+01,1.5467670137681346e+00,9.6042875065108702e-01,1.8000000000000000e+02,1.9579893262289261e-12,4.3050559286769827e+00,1.9579893262289261e-12,4.3050559286769827e+00
C_e_p,C_{l_0p},Tx_electron,enhanced_region_2,2,45,0.0000000000000000e+00,5.0000000000000011e-01,high_s_high_theta_in_low_Egamma,3.0223268365306497e+00,2.1515843999999998e+01,2.1515843999999998e+01,1.5707949999999999e+00,1.5707949999999999e+00,0.0000000000000000e+00,9.8174770424680702e-02,2.5000000000000000e-01,2.5000000000000000e-01,0.0000000000000000e+00,6.1850105367549055e+00,8.1700862214752181e+00,1.1500880528904084e+01,7.8891924119352330e-01,9.8558448406388388e-01,-1.0193964620487595e+01,-8.7662648296482342e+00,1.0282686301965929e+00,3.1930709101813792e+00,4.9085407432153594e-01,6.0611880930454043e-01,6.3358759095448072e+00,1.6500814417603530e+02,3.0222348987972723e+00,3.1291855283951255e+00,4.8938630925476900e-13,9.4932960870435257e-01,3.0159037972540379e-03,1.0854170437909594e+00,massless,high_s,high_theta_in,low_Egamma,0.0000000000000000e+00,2.1515843999999998e+01,4.6385174355606331e+00,2.2244176384674761e+00,2.0862097731383007e+00,1.5707949999999999e+00,0.0000000000000000e+00,0.0000000000000000e+00,3.1415926535897931e+00,2.5000000000000000e-01,0.0000000000000000e+00,1.0459815430023117e+01,9.0143575228491224e-01,-9.2842475814846246e+00,2.0235348692446040e+00,5.6229435449058562e-01,9.6833427957668292e+01,4.8949733155723152e-13,5.8778392426963721e-01,4.8949733155723152e-13,5.8778392426963721e-01
C_e_p,C_{l_0p},Tx_electron,enhanced_region_3,3,33,0.0000000000000000e+00,5.0000000000000011e-01,high_s_high_theta_in_low_Egamma,3.1195311652327806e+00,2.1515843999999998e+01,2.1515843999999998e+01,1.5707949999999999e+00,1.5707949999999999e+00,0.0000000000000000e+00,9.8174770424680702e-02,2.5000000000000000e-01,2.5000000000000000e-01,7.8539816339744828e-01,3.8288160465625602e+00,8.1099469356019220e+00,1.1436449144881252e+01,8.1300850259986956e-01,9.8931813439337835e-01,-9.7668293988269212e+00,-8.7443409143887170e+00,9.8614341926276639e-01,2.7517288110820162e+00,4.4813342796078992e-01,5.7344583935641125e-01,5.6107669828667824e+01,1.8000000000000000e+02,3.0222348987972731e+00,3.1415926535897931e+00,1.2622988782229427e-01,1.1122088192332487e+00,2.2368695334808791e-01,1.1064796492597375e+00,massless,high_s,high_theta_in,low_Egamma,0.0000000000000000e+00,2.1515843999999998e+01,4.6385174355606331e+00,2.2244176384674761e+00,1.9652015809447518e+00,1.5707949999999999e+00,0.0000000000000000e+00,0.0000000000000000e+00,3.1415926535897931e+00,2.5000000000000000e-01,1.3744467859455345e+00,1.0053070895860888e+01,9.8771186581133652e-01,-8.7541101862302604e+00,1.0049143656121520e+00,4.9322258487463871e-01,1.7001403017263385e+02,4.4761382127022070e-01,1.0970941760853923e+00,4.4761382127022070e-01,1.0970941760853923e+00
C_e_p,C_{l_0p},Ty_electron,enhanced_region_0,0,23,6.9900682464485442e-14,4.9999999999999978e-01,high_s_high_theta_in_low_Egamma,3.1415926535897931e+00,2.1515843999999998e+01,2.1515843999999998e+01,1.5707949999999999e+00,1.5707949999999999e+00,0.0000000000000000e+00,4.7123889803846897e+00,2.5000000000000000e-01,2.5000000000000000e-01,1.5707963267948966e+00,3.6324665057131984e+00,8.6655724217166487e-12,9.8450913936746645e+00,8.1520411692836560e-11,9.8931813439337835e-01,-9.5629228999566145e+00,-1.1458339955476612e-02,9.8614341926276639e-01,2.5589892548263076e+00,5.1511639499628248e-03,4.8223448405395597e-01,6.8069149087931123e+01,1.8000000000000000e+02,3.0222348987972731e+00,3.1415926535897931e+00,5.5610440961686913e-01,1.1122088192332487e+00,3.2005673147806535e-01,1.1064796492597375e+00,massless,high_s,high_theta_in,low_Egamma,0.0000000000000000e+00,2.1515843999999998e+01,4.6385174355606331e+00,2.2244176384674761e+00,1.9629592985194750e+00,1.5707949999999999e+00,4.7123889803846897e+00,4.7123889803846897e+00,1.5707963267948966e+00,2.5000000000000000e-01,1.5707963267948966e+00,8.6655724217166487e-12,8.1520411692836560e-11,-1.1458339955476612e-02,9.8614341926276639e-01,5.1511639499628248e-03,1.8000000000000000e+02,1.1122088192332487e+00,1.1064796492597375e+00,1.1122088192332487e+00,1.1064796492597375e+00
C_e_p,C_{l_0p},Ty_electron,enhanced_region_1,1,1,1.5156013000392298e-14,5.0000000000000000e-01,high_s_high_theta_in_high_Egamma,3.1415926535897931e+00,2.1515843999999998e+01,2.1515843999999998e+01,1.5707949999999999e+00,1.5707949999999999e+00,1.5707963267948966e+00,1.5707963267948966e+00,1.8000000000000000e+00,1.8000000000000000e+00,1.5707963267948966e+00,1.5707963267948966e+00,1.6866895224885329e+01,1.6866895224885329e+01,8.4686531068318849e-01,8.4686531068318849e-01,-3.2181941537539771e+00,-3.2181941537539771e+00,3.9298056968822639e+00,3.9298056968822639e+00,9.6515104292341547e-01,9.6515104292341547e-01,1.8000000000000000e+02,1.8000000000000000e+02,3.1415926535897931e+00,3.1415926535897931e+00,3.5244596389088626e-12,3.5244596389088626e-12,6.8243505355684739e+00,6.8243505355684739e+00,massless,high_s,high_theta_in,high_Egamma,0.0000000000000000e+00,2.1515843999999998e+01,4.6385174355606331e+00,2.2244176384674761e+00,9.5652926546798259e-02,1.5707949999999999e+00,1.5707963267948966e+00,1.5707963267948966e+00,4.7123889803846897e+00,1.8000000000000000e+00,1.5707963267948966e+00,1.6866895224885329e+01,8.4686531068318849e-01,-3.2181941537539771e+00,3.9298056968822639e+00,9.6515104292341547e-01,1.8000000000000000e+02,3.5244596389088626e-12,6.8243505355684739e+00,3.5244596389088626e-12,6.8243505355684739e+00
C_e_p,C_{l_0p},Ty_electron,enhanced_region_2,2,1,8.5640319390657600e-15,5.0000000000000022e-01,high_s_high_theta_in_mid_Egamma,3.1415926535897931e+00,2.1515843999999998e+01,2.1515843999999998e+01,1.5707949999999999e+00,1.5707949999999999e+00,1.5707963267948966e+00,1.5707963267948966e+00,1.0000000000000000e+00,1.0000000000000000e+00,1.5707963267948966e+00,1.5707963267948966e+00,1.9152484684667694e+01,1.9152484684667694e+01,9.6635000278939875e-01,9.6635000278939875e-01,-1.0542372827317124e+01,-1.0542372827317124e+01,1.5467670137681346e+00,1.5467670137681346e+00,9.6042875065108702e-01,9.6042875065108702e-01,1.8000000000000000e+02,1.8000000000000000e+02,3.1415926535897931e+00,3.1415926535897931e+00,1.9579893262289261e-12,1.9579893262289261e-12,4.3050559286769827e+00,4.3050559286769827e+00,massless,high_s,high_theta_in,mid_Egamma,0.0000000000000000e+00,2.1515843999999998e+01,4.6385174355606331e+00,2.2244176384674761e+00,1.1525279643384914e+00,1.5707949999999999e+00,1.5707963267948966e+00,1.5707963267948966e+00,4.7123889803846897e+00,1.0000000000000000e+00,1.5707963267948966e+00,1.9152484684667694e+01,9.6635000278939875e-01,-1.0542372827317124e+01,1.5467670137681346e+00,9.6042875065108702e-01,1.8000000000000000e+02,1.9579893262289261e-12,4.3050559286769827e+00,1.9579893262289261e-12,4.3050559286769827e+00
C_e_p,C_{l_0p},Ty_electron,enhanced_region_3,3,55,0.0000000000000000e+00,5.0000000000000022e-01,high_s_high_theta_in_low_Egamma,3.0223268365306497e+00,2.1515843999999998e+01,2.1515843999999998e+01,1.5707949999999999e+00,1.5707949999999999e+00,0.0000000000000000e+00,9.8174770424680702e-02,2.5000000000000000e-01,2.5000000000000000e-01,0.0000000000000000e+00,6.1850105367549055e+00,8.1185695410371927e+00,1.1500880528904084e+01,7.8891924119352330e-01,9.8896938650153610e-01,-1.0193964620487595e+01,-8.7467870213033709e+00,9.9084343604329894e-01,3.1930709101813792e+00,4.7958639008261617e-01,6.0611880930454043e-01,6.3358759095448072e+00,1.7500959925752616e+02,3.0222348987972723e+00,3.1305168071152529e+00,4.8938630925476900e-13,1.0184883274803360e+00,3.0159037972540379e-03,1.1041296408678538e+00,massless,high_s,high_theta_in,low_Egamma,0.0000000000000000e+00,2.1515843999999998e+01,4.6385174355606331e+00,2.2244176384674761e+00,2.0862097731383007e+00,1.5707949999999999e+00,0.0000000000000000e+00,0.0000000000000000e+00,3.1415926535897931e+00,2.5000000000000000e-01,0.0000000000000000e+00,1.0459815430023117e+01,9.0143575228491224e-01,-9.2842475814846246e+00,2.0235348692446040e+00,5.6229435449058562e-01,9.6833427957668292e+01,4.8949733155723152e-13,5.8778392426963721e-01,4.8949733155723152e-13,5.8778392426963721e-01
