local_minimum_id,contour_available,source_contour_file
0,True,Output\GradientPhaseSpaceScan\electron\Data\GHZ\dghz\polarization_cluster_02\combined\min_dghz_polarization_cluster_02_contour_samples.csv
1,True,Output\GradientPhaseSpaceScan\electron\Data\GHZ\dghz\polarization_cluster_03\combined\min_dghz_polarization_cluster_03_contour_samples.csv
2,True,Output\GradientPhaseSpaceScan\electron\Data\GHZ\dghz\polarization_cluster_01\combined\min_dghz_polarization_cluster_01_contour_samples.csv
3,True,Output\GradientPhaseSpaceScan\electron\Data\GHZ\dghz\polarization_cluster_02\combined\min_dghz_polarization_cluster_02_contour_samples.csv
4,True,Output\GradientPhaseSpaceScan\electron\Data\GHZ\dghz\polarization_cluster_02\combined\min_dghz_polarization_cluster_02_contour_samples.csv
5,True,Output\GradientPhaseSpaceScan\electron\Data\GHZ\dghz\polarization_cluster_03\combined\min_dghz_polarization_cluster_03_contour_samples.csv
6,True,Output\GradientPhaseSpaceScan\electron\Data\GHZ\dghz\polarization_cluster_02\combined\min_dghz_polarization_cluster_02_contour_samples.csv
7,True,Output\GradientPhaseSpaceScan\electron\Data\GHZ\dghz\polarization_cluster_02\combined\min_dghz_polarization_cluster_02_contour_samples.csv
8,True,Output\GradientPhaseSpaceScan\electron\Data\GHZ\dghz\polarization_cluster_04\combined\min_dghz_polarization_cluster_04_contour_samples.csv
9,True,Output\GradientPhaseSpaceScan\electron\Data\GHZ\dghz\polarization_cluster_04\combined\min_dghz_polarization_cluster_04_contour_samples.csv
10,True,Output\GradientPhaseSpaceScan\electron\Data\GHZ\dghz\polarization_cluster_04\combined\min_dghz_polarization_cluster_04_contour_samples.csv
11,True,Output\GradientPhaseSpaceScan\electron\Data\GHZ\dghz\polarization_cluster_01\combined\min_dghz_polarization_cluster_01_contour_samples.csv
12,True,Output\GradientPhaseSpaceScan\electron\Data\GHZ\dghz\polarization_cluster_03\combined\min_dghz_polarization_cluster_03_contour_samples.csv
13,True,Output\GradientPhaseSpaceScan\electron\Data\GHZ\dghz\polarization_cluster_03\combined\min_dghz_polarization_cluster_03_contour_samples.csv
14,True,Output\GradientPhaseSpaceScan\electron\Data\GHZ\dghz\polarization_cluster_02\combined\min_dghz_polarization_cluster_02_contour_samples.csv
15,True,Output\GradientPhaseSpaceScan\electron\Data\GHZ\dghz\polarization_cluster_03\combined\min_dghz_polarization_cluster_03_contour_samples.csv
16,True,Output\GradientPhaseSpaceScan\electron\Data\GHZ\dghz\polarization_cluster_01\combined\min_dghz_polarization_cluster_01_contour_samples.csv
17,True,Output\GradientPhaseSpaceScan\electron\Data\GHZ\dghz\polarization_cluster_03\combined\min_dghz_polarization_cluster_03_contour_samples.csv
18,True,Output\GradientPhaseSpaceScan\electron\Data\GHZ\dghz\polarization_cluster_04\combined\min_dghz_polarization_cluster_04_contour_samples.csv
19,True,Output\GradientPhaseSpaceScan\electron\Data\GHZ\dghz\polarization_cluster_01\combined\min_dghz_polarization_cluster_01_contour_samples.csv
20,True,Output\GradientPhaseSpaceScan\electron\Data\GHZ\dghz\polarization_cluster_03\combined\min_dghz_polarization_cluster_03_contour_samples.csv
21,True,Output\GradientPhaseSpaceScan\electron\Data\GHZ\dghz\polarization_cluster_02\combined\min_dghz_polarization_cluster_02_contour_samples.csv
22,True,Output\GradientPhaseSpaceScan\electron\Data\GHZ\dghz\polarization_cluster_04\combined\min_dghz_polarization_cluster_04_contour_samples.csv
23,True,Output\GradientPhaseSpaceScan\electron\Data\GHZ\dghz\polarization_cluster_01\combined\min_dghz_polarization_cluster_01_contour_samples.csv
24,True,Output\GradientPhaseSpaceScan\electron\Data\GHZ\dghz\polarization_cluster_01\combined\min_dghz_polarization_cluster_01_contour_samples.csv
25,True,Output\GradientPhaseSpaceScan\electron\Data\GHZ\dghz\polarization_cluster_01\combined\min_dghz_polarization_cluster_01_contour_samples.csv
26,True,Output\GradientPhaseSpaceScan\electron\Data\GHZ\dghz\polarization_cluster_02\combined\min_dghz_polarization_cluster_02_contour_samples.csv
27,True,Output\GradientPhaseSpaceScan\electron\Data\GHZ\dghz\polarization_cluster_01\combined\min_dghz_polarization_cluster_01_contour_samples.csv
28,True,Output\GradientPhaseSpaceScan\electron\Data\GHZ\dghz\polarization_cluster_01\combined\min_dghz_polarization_cluster_01_contour_samples.csv
29,True,Output\GradientPhaseSpaceScan\electron\Data\GHZ\dghz\polarization_cluster_04\combined\min_dghz_polarization_cluster_04_contour_samples.csv
30,True,Output\GradientPhaseSpaceScan\electron\Data\GHZ\dghz\polarization_cluster_04\combined\min_dghz_polarization_cluster_04_contour_samples.csv
31,True,Output\GradientPhaseSpaceScan\electron\Data\GHZ\dghz\polarization_cluster_02\combined\min_dghz_polarization_cluster_02_contour_samples.csv
32,True,Output\GradientPhaseSpaceScan\electron\Data\GHZ\dghz\polarization_cluster_01\combined\min_dghz_polarization_cluster_01_contour_samples.csv
33,True,Output\GradientPhaseSpaceScan\electron\Data\GHZ\dghz\polarization_cluster_02\combined\min_dghz_polarization_cluster_02_contour_samples.csv
34,True,Output\GradientPhaseSpaceScan\electron\Data\GHZ\dghz\polarization_cluster_02\combined\min_dghz_polarization_cluster_02_contour_samples.csv
35,True,Output\GradientPhaseSpaceScan\electron\Data\GHZ\dghz\polarization_cluster_01\combined\min_dghz_polarization_cluster_01_contour_samples.csv
36,True,Output\GradientPhaseSpaceScan\electron\Data\GHZ\dghz\polarization_cluster_02\combined\min_dghz_polarization_cluster_02_contour_samples.csv
37,True,Output\GradientPhaseSpaceScan\electron\Data\GHZ\dghz\polarization_cluster_02\combined\min_dghz_polarization_cluster_02_contour_samples.csv
38,True,Output\GradientPhaseSpaceScan\electron\Data\GHZ\dghz\polarization_cluster_03\combined\min_dghz_polarization_cluster_03_contour_samples.csv
39,True,Output\GradientPhaseSpaceScan\electron\Data\GHZ\dghz\polarization_cluster_04\combined\min_dghz_polarization_cluster_04_contour_samples.csv
40,True,Output\GradientPhaseSpaceScan\electron\Data\GHZ\dghz\polarization_cluster_02\combined\min_dghz_polarization_cluster_02_contour_samples.csv
41,True,Output\GradientPhaseSpaceScan\electron\Data\GHZ\dghz\polarization_cluster_02\combined\min_dghz_polarization_cluster_02_contour_samples.csv
42,True,Output\GradientPhaseSpaceScan\electron\Data\GHZ\dghz\polarization_cluster_02\combined\min_dghz_polarization_cluster_02_contour_samples.csv
43,True,Output\GradientPhaseSpaceScan\electron\Data\GHZ\dghz\polarization_cluster_03\combined\min_dghz_polarization_cluster_03_contour_samples.csv
44,True,Output\GradientPhaseSpaceScan\electron\Data\GHZ\dghz\polarization_cluster_01\combined\min_dghz_polarization_cluster_01_contour_samples.csv
45,True,Output\GradientPhaseSpaceScan\electron\Data\GHZ\dghz\polarization_cluster_03\combined\min_dghz_polarization_cluster_03_contour_samples.csv
46,True,Output\GradientPhaseSpaceScan\electron\Data\GHZ\dghz\polarization_cluster_01\combined\min_dghz_polarization_cluster_01_contour_samples.csv
47,True,Output\GradientPhaseSpaceScan\electron\Data\GHZ\dghz\polarization_cluster_01\combined\min_dghz_polarization_cluster_01_contour_samples.csv
48,True,Output\GradientPhaseSpaceScan\electron\Data\GHZ\dghz\polarization_cluster_03\combined\min_dghz_polarization_cluster_03_contour_samples.csv
49,True,Output\GradientPhaseSpaceScan\electron\Data\GHZ\dghz\polarization_cluster_02\combined\min_dghz_polarization_cluster_02_contour_samples.csv
50,True,Output\GradientPhaseSpaceScan\electron\Data\GHZ\dghz\polarization_cluster_04\combined\min_dghz_polarization_cluster_04_contour_samples.csv
51,True,Output\GradientPhaseSpaceScan\electron\Data\GHZ\dghz\polarization_cluster_03\combined\min_dghz_polarization_cluster_03_contour_samples.csv
52,True,Output\GradientPhaseSpaceScan\electron\Data\GHZ\dghz\polarization_cluster_03\combined\min_dghz_polarization_cluster_03_contour_samples.csv
53,True,Output\GradientPhaseSpaceScan\electron\Data\GHZ\dghz\polarization_cluster_03\combined\min_dghz_polarization_cluster_03_contour_samples.csv
54,True,Output\GradientPhaseSpaceScan\electron\Data\GHZ\dghz\polarization_cluster_02\combined\min_dghz_polarization_cluster_02_contour_samples.csv
55,True,Output\GradientPhaseSpaceScan\electron\Data\GHZ\dghz\polarization_cluster_03\combined\min_dghz_polarization_cluster_03_contour_samples.csv
56,True,Output\GradientPhaseSpaceScan\electron\Data\GHZ\dghz\polarization_cluster_03\combined\min_dghz_polarization_cluster_03_contour_samples.csv
57,True,Output\GradientPhaseSpaceScan\electron\Data\GHZ\dghz\polarization_cluster_01\combined\min_dghz_polarization_cluster_01_contour_samples.csv
58,True,Output\GradientPhaseSpaceScan\electron\Data\GHZ\dghz\polarization_cluster_01\combined\min_dghz_polarization_cluster_01_contour_samples.csv
59,True,Output\GradientPhaseSpaceScan\electron\Data\GHZ\dghz\polarization_cluster_04\combined\min_dghz_polarization_cluster_04_contour_samples.csv
60,True,Output\GradientPhaseSpaceScan\electron\Data\GHZ\dghz\polarization_cluster_03\combined\min_dghz_polarization_cluster_03_contour_samples.csv
61,True,Output\GradientPhaseSpaceScan\electron\Data\GHZ\dghz\polarization_cluster_01\combined\min_dghz_polarization_cluster_01_contour_samples.csv
62,True,Output\GradientPhaseSpaceScan\electron\Data\GHZ\dghz\polarization_cluster_02\combined\min_dghz_polarization_cluster_02_contour_samples.csv
63,True,Output\GradientPhaseSpaceScan\electron\Data\GHZ\dghz\polarization_cluster_04\combined\min_dghz_polarization_cluster_04_contour_samples.csv
64,True,Output\GradientPhaseSpaceScan\electron\Data\GHZ\dghz\polarization_cluster_04\combined\min_dghz_polarization_cluster_04_contour_samples.csv
65,True,Output\GradientPhaseSpaceScan\electron\Data\GHZ\dghz\polarization_cluster_01\combined\min_dghz_polarization_cluster_01_contour_samples.csv
66,True,Output\GradientPhaseSpaceScan\electron\Data\GHZ\dghz\polarization_cluster_03\combined\min_dghz_polarization_cluster_03_contour_samples.csv
67,True,Output\GradientPhaseSpaceScan\electron\Data\GHZ\dghz\polarization_cluster_03\combined\min_dghz_polarization_cluster_03_contour_samples.csv
68,True,Output\GradientPhaseSpaceScan\electron\Data\GHZ\dghz\polarization_cluster_03\combined\min_dghz_polarization_cluster_03_contour_samples.csv
69,True,Output\GradientPhaseSpaceScan\electron\Data\GHZ\dghz\polarization_cluster_01\combined\min_dghz_polarization_cluster_01_contour_samples.csv
70,True,Output\GradientPhaseSpaceScan\electron\Data\GHZ\dghz\polarization_cluster_03\combined\min_dghz_polarization_cluster_03_contour_samples.csv
71,True,Output\GradientPhaseSpaceScan\electron\Data\GHZ\dghz\polarization_cluster_01\combined\min_dghz_polarization_cluster_01_contour_samples.csv
72,True,Output\GradientPhaseSpaceScan\electron\Data\GHZ\dghz\polarization_cluster_01\combined\min_dghz_polarization_cluster_01_contour_samples.csv
73,True,Output\GradientPhaseSpaceScan\electron\Data\GHZ\dghz\polarization_cluster_03\combined\min_dghz_polarization_cluster_03_contour_samples.csv
74,True,Output\GradientPhaseSpaceScan\electron\Data\GHZ\dghz\polarization_cluster_04\combined\min_dghz_polarization_cluster_04_contour_samples.csv
75,True,Output\GradientPhaseSpaceScan\electron\Data\GHZ\dghz\polarization_cluster_01\combined\min_dghz_polarization_cluster_01_contour_samples.csv
76,True,Output\GradientPhaseSpaceScan\electron\Data\GHZ\dghz\polarization_cluster_01\combined\min_dghz_polarization_cluster_01_contour_samples.csv
77,True,Output\GradientPhaseSpaceScan\electron\Data\GHZ\dghz\polarization_cluster_02\combined\min_dghz_polarization_cluster_02_contour_samples.csv
78,True,Output\GradientPhaseSpaceScan\electron\Data\GHZ\dghz\polarization_cluster_02\combined\min_dghz_polarization_cluster_02_contour_samples.csv
79,True,Output\GradientPhaseSpaceScan\electron\Data\GHZ\dghz\polarization_cluster_01\combined\min_dghz_polarization_cluster_01_contour_samples.csv
80,True,Output\GradientPhaseSpaceScan\electron\Data\GHZ\dghz\polarization_cluster_04\combined\min_dghz_polarization_cluster_04_contour_samples.csv
81,True,Output\GradientPhaseSpaceScan\electron\Data\GHZ\dghz\polarization_cluster_04\combined\min_dghz_polarization_cluster_04_contour_samples.csv
82,True,Output\GradientPhaseSpaceScan\electron\Data\GHZ\dghz\polarization_cluster_04\combined\min_dghz_polarization_cluster_04_contour_samples.csv
83,True,Output\GradientPhaseSpaceScan\electron\Data\GHZ\dghz\polarization_cluster_01\combined\min_dghz_polarization_cluster_01_contour_samples.csv
84,True,Output\GradientPhaseSpaceScan\electron\Data\GHZ\dghz\polarization_cluster_04\combined\min_dghz_polarization_cluster_04_contour_samples.csv
85,True,Output\GradientPhaseSpaceScan\electron\Data\GHZ\dghz\polarization_cluster_04\combined\min_dghz_polarization_cluster_04_contour_samples.csv
86,True,Output\GradientPhaseSpaceScan\electron\Data\GHZ\dghz\polarization_cluster_02\combined\min_dghz_polarization_cluster_02_contour_samples.csv
87,True,Output\GradientPhaseSpaceScan\electron\Data\GHZ\dghz\polarization_cluster_03\combined\min_dghz_polarization_cluster_03_contour_samples.csv
88,True,Output\GradientPhaseSpaceScan\electron\Data\GHZ\dghz\polarization_cluster_04\combined\min_dghz_polarization_cluster_04_contour_samples.csv
89,True,Output\GradientPhaseSpaceScan\electron\Data\GHZ\dghz\polarization_cluster_03\combined\min_dghz_polarization_cluster_03_contour_samples.csv
90,True,Output\GradientPhaseSpaceScan\electron\Data\GHZ\dghz\polarization_cluster_02\combined\min_dghz_polarization_cluster_02_contour_samples.csv
91,True,Output\GradientPhaseSpaceScan\electron\Data\GHZ\dghz\polarization_cluster_04\combined\min_dghz_polarization_cluster_04_contour_samples.csv
92,True,Output\GradientPhaseSpaceScan\electron\Data\GHZ\dghz\polarization_cluster_03\combined\min_dghz_polarization_cluster_03_contour_samples.csv
93,True,Output\GradientPhaseSpaceScan\electron\Data\GHZ\dghz\polarization_cluster_03\combined\min_dghz_polarization_cluster_03_contour_samples.csv
94,True,Output\GradientPhaseSpaceScan\electron\Data\GHZ\dghz\polarization_cluster_02\combined\min_dghz_polarization_cluster_02_contour_samples.csv
95,True,Output\GradientPhaseSpaceScan\electron\Data\GHZ\dghz\polarization_cluster_01\combined\min_dghz_polarization_cluster_01_contour_samples.csv
96,True,Output\GradientPhaseSpaceScan\electron\Data\GHZ\dghz\polarization_cluster_02\combined\min_dghz_polarization_cluster_02_contour_samples.csv
97,True,Output\GradientPhaseSpaceScan\electron\Data\GHZ\dghz\polarization_cluster_03\combined\min_dghz_polarization_cluster_03_contour_samples.csv
98,True,Output\GradientPhaseSpaceScan\electron\Data\GHZ\dghz\polarization_cluster_04\combined\min_dghz_polarization_cluster_04_contour_samples.csv
99,True,Output\GradientPhaseSpaceScan\electron\Data\GHZ\dghz\polarization_cluster_02\combined\min_dghz_polarization_cluster_02_contour_samples.csv
100,True,Output\GradientPhaseSpaceScan\electron\Data\GHZ\dghz\polarization_cluster_02\combined\min_dghz_polarization_cluster_02_contour_samples.csv
101,True,Output\GradientPhaseSpaceScan\electron\Data\GHZ\dghz\polarization_cluster_04\combined\min_dghz_polarization_cluster_04_contour_samples.csv
102,True,Output\GradientPhaseSpaceScan\electron\Data\GHZ\dghz\polarization_cluster_03\combined\min_dghz_polarization_cluster_03_contour_samples.csv
103,True,Output\GradientPhaseSpaceScan\electron\Data\GHZ\dghz\polarization_cluster_03\combined\min_dghz_polarization_cluster_03_contour_samples.csv
104,True,Output\GradientPhaseSpaceScan\electron\Data\GHZ\dghz\polarization_cluster_01\combined\min_dghz_polarization_cluster_01_contour_samples.csv
105,True,Output\GradientPhaseSpaceScan\electron\Data\GHZ\dghz\polarization_cluster_04\combined\min_dghz_polarization_cluster_04_contour_samples.csv
106,True,Output\GradientPhaseSpaceScan\electron\Data\GHZ\dghz\polarization_cluster_03\combined\min_dghz_polarization_cluster_03_contour_samples.csv
107,True,Output\GradientPhaseSpaceScan\electron\Data\GHZ\dghz\polarization_cluster_03\combined\min_dghz_polarization_cluster_03_contour_samples.csv
108,True,Output\GradientPhaseSpaceScan\electron\Data\GHZ\dghz\polarization_cluster_04\combined\min_dghz_polarization_cluster_04_contour_samples.csv
109,True,Output\GradientPhaseSpaceScan\electron\Data\GHZ\dghz\polarization_cluster_04\combined\min_dghz_polarization_cluster_04_contour_samples.csv
110,True,Output\GradientPhaseSpaceScan\electron\Data\GHZ\dghz\polarization_cluster_02\combined\min_dghz_polarization_cluster_02_contour_samples.csv
111,True,Output\GradientPhaseSpaceScan\electron\Data\GHZ\dghz\polarization_cluster_02\combined\min_dghz_polarization_cluster_02_contour_samples.csv
112,True,Output\GradientPhaseSpaceScan\electron\Data\GHZ\dghz\polarization_cluster_01\combined\min_dghz_polarization_cluster_01_contour_samples.csv
113,True,Output\GradientPhaseSpaceScan\electron\Data\GHZ\dghz\polarization_cluster_01\combined\min_dghz_polarization_cluster_01_contour_samples.csv
114,True,Output\GradientPhaseSpaceScan\electron\Data\GHZ\dghz\polarization_cluster_01\combined\min_dghz_polarization_cluster_01_contour_samples.csv
115,True,Output\GradientPhaseSpaceScan\electron\Data\GHZ\dghz\polarization_cluster_01\combined\min_dghz_polarization_cluster_01_contour_samples.csv
116,True,Output\GradientPhaseSpaceScan\electron\Data\GHZ\dghz\polarization_cluster_02\combined\min_dghz_polarization_cluster_02_contour_samples.csv
117,True,Output\GradientPhaseSpaceScan\electron\Data\GHZ\dghz\polarization_cluster_04\combined\min_dghz_polarization_cluster_04_contour_samples.csv
118,True,Output\GradientPhaseSpaceScan\electron\Data\GHZ\dghz\polarization_cluster_03\combined\min_dghz_polarization_cluster_03_contour_samples.csv
119,True,Output\GradientPhaseSpaceScan\electron\Data\GHZ\dghz\polarization_cluster_04\combined\min_dghz_polarization_cluster_04_contour_samples.csv
120,True,Output\GradientPhaseSpaceScan\electron\Data\GHZ\dghz\polarization_cluster_02\combined\min_dghz_polarization_cluster_02_contour_samples.csv
121,True,Output\GradientPhaseSpaceScan\electron\Data\GHZ\dghz\polarization_cluster_01\combined\min_dghz_polarization_cluster_01_contour_samples.csv
122,True,Output\GradientPhaseSpaceScan\electron\Data\GHZ\dghz\polarization_cluster_04\combined\min_dghz_polarization_cluster_04_contour_samples.csv
123,True,Output\GradientPhaseSpaceScan\electron\Data\GHZ\dghz\polarization_cluster_04\combined\min_dghz_polarization_cluster_04_contour_samples.csv
124,True,Output\GradientPhaseSpaceScan\electron\Data\GHZ\dghz\polarization_cluster_03\combined\min_dghz_polarization_cluster_03_contour_samples.csv
125,True,Output\GradientPhaseSpaceScan\electron\Data\GHZ\dghz\polarization_cluster_04\combined\min_dghz_polarization_cluster_04_contour_samples.csv
126,True,Output\GradientPhaseSpaceScan\electron\Data\GHZ\dghz\polarization_cluster_01\combined\min_dghz_polarization_cluster_01_contour_samples.csv
127,True,Output\GradientPhaseSpaceScan\electron\Data\GHZ\dghz\polarization_cluster_02\combined\min_dghz_polarization_cluster_02_contour_samples.csv
128,True,Output\GradientPhaseSpaceScan\electron\Data\GHZ\dghz\polarization_cluster_03\combined\min_dghz_polarization_cluster_03_contour_samples.csv
129,True,Output\GradientPhaseSpaceScan\electron\Data\GHZ\dghz\polarization_cluster_01\combined\min_dghz_polarization_cluster_01_contour_samples.csv
130,True,Output\GradientPhaseSpaceScan\electron\Data\GHZ\dghz\polarization_cluster_01\combined\min_dghz_polarization_cluster_01_contour_samples.csv
131,True,Output\GradientPhaseSpaceScan\electron\Data\GHZ\dghz\polarization_cluster_03\combined\min_dghz_polarization_cluster_03_contour_samples.csv
132,True,Output\GradientPhaseSpaceScan\electron\Data\GHZ\dghz\polarization_cluster_03\combined\min_dghz_polarization_cluster_03_contour_samples.csv
133,True,Output\GradientPhaseSpaceScan\electron\Data\GHZ\dghz\polarization_cluster_04\combined\min_dghz_polarization_cluster_04_contour_samples.csv
134,True,Output\GradientPhaseSpaceScan\electron\Data\GHZ\dghz\polarization_cluster_03\combined\min_dghz_polarization_cluster_03_contour_samples.csv
135,True,Output\GradientPhaseSpaceScan\electron\Data\GHZ\dghz\polarization_cluster_01\combined\min_dghz_polarization_cluster_01_contour_samples.csv
136,True,Output\GradientPhaseSpaceScan\electron\Data\GHZ\dghz\polarization_cluster_02\combined\min_dghz_polarization_cluster_02_contour_samples.csv
137,True,Output\GradientPhaseSpaceScan\electron\Data\GHZ\dghz\polarization_cluster_01\combined\min_dghz_polarization_cluster_01_contour_samples.csv
138,True,Output\GradientPhaseSpaceScan\electron\Data\GHZ\dghz\polarization_cluster_01\combined\min_dghz_polarization_cluster_01_contour_samples.csv
139,True,Output\GradientPhaseSpaceScan\electron\Data\GHZ\dghz\polarization_cluster_01\combined\min_dghz_polarization_cluster_01_contour_samples.csv
140,True,Output\GradientPhaseSpaceScan\electron\Data\GHZ\dghz\polarization_cluster_01\combined\min_dghz_polarization_cluster_01_contour_samples.csv
141,True,Output\GradientPhaseSpaceScan\electron\Data\GHZ\dghz\polarization_cluster_04\combined\min_dghz_polarization_cluster_04_contour_samples.csv
142,True,Output\GradientPhaseSpaceScan\electron\Data\GHZ\dghz\polarization_cluster_02\combined\min_dghz_polarization_cluster_02_contour_samples.csv
143,True,Output\GradientPhaseSpaceScan\electron\Data\GHZ\dghz\polarization_cluster_03\combined\min_dghz_polarization_cluster_03_contour_samples.csv
144,True,Output\GradientPhaseSpaceScan\electron\Data\GHZ\dghz\polarization_cluster_02\combined\min_dghz_polarization_cluster_02_contour_samples.csv
145,True,Output\GradientPhaseSpaceScan\electron\Data\GHZ\dghz\polarization_cluster_04\combined\min_dghz_polarization_cluster_04_contour_samples.csv
146,True,Output\GradientPhaseSpaceScan\electron\Data\GHZ\dghz\polarization_cluster_01\combined\min_dghz_polarization_cluster_01_contour_samples.csv
147,True,Output\GradientPhaseSpaceScan\electron\Data\GHZ\dghz\polarization_cluster_02\combined\min_dghz_polarization_cluster_02_contour_samples.csv
148,True,Output\GradientPhaseSpaceScan\electron\Data\GHZ\dghz\polarization_cluster_02\combined\min_dghz_polarization_cluster_02_contour_samples.csv
149,True,Output\GradientPhaseSpaceScan\electron\Data\GHZ\dghz\polarization_cluster_01\combined\min_dghz_polarization_cluster_01_contour_samples.csv
150,True,Output\GradientPhaseSpaceScan\electron\Data\GHZ\dghz\polarization_cluster_02\combined\min_dghz_polarization_cluster_02_contour_samples.csv
151,True,Output\GradientPhaseSpaceScan\electron\Data\GHZ\dghz\polarization_cluster_01\combined\min_dghz_polarization_cluster_01_contour_samples.csv
152,True,Output\GradientPhaseSpaceScan\electron\Data\GHZ\dghz\polarization_cluster_01\combined\min_dghz_polarization_cluster_01_contour_samples.csv
153,True,Output\GradientPhaseSpaceScan\electron\Data\GHZ\dghz\polarization_cluster_04\combined\min_dghz_polarization_cluster_04_contour_samples.csv
154,True,Output\GradientPhaseSpaceScan\electron\Data\GHZ\dghz\polarization_cluster_03\combined\min_dghz_polarization_cluster_03_contour_samples.csv
155,True,Output\GradientPhaseSpaceScan\electron\Data\GHZ\dghz\polarization_cluster_04\combined\min_dghz_polarization_cluster_04_contour_samples.csv
156,True,Output\GradientPhaseSpaceScan\electron\Data\GHZ\dghz\polarization_cluster_03\combined\min_dghz_polarization_cluster_03_contour_samples.csv
157,True,Output\GradientPhaseSpaceScan\electron\Data\GHZ\dghz\polarization_cluster_02\combined\min_dghz_polarization_cluster_02_contour_samples.csv
158,True,Output\GradientPhaseSpaceScan\electron\Data\GHZ\dghz\polarization_cluster_03\combined\min_dghz_polarization_cluster_03_contour_samples.csv
159,True,Output\GradientPhaseSpaceScan\electron\Data\GHZ\dghz\polarization_cluster_02\combined\min_dghz_polarization_cluster_02_contour_samples.csv
160,True,Output\GradientPhaseSpaceScan\electron\Data\GHZ\dghz\polarization_cluster_02\combined\min_dghz_polarization_cluster_02_contour_samples.csv
161,True,Output\GradientPhaseSpaceScan\electron\Data\GHZ\dghz\polarization_cluster_03\combined\min_dghz_polarization_cluster_03_contour_samples.csv
162,True,Output\GradientPhaseSpaceScan\electron\Data\GHZ\dghz\polarization_cluster_04\combined\min_dghz_polarization_cluster_04_contour_samples.csv
163,True,Output\GradientPhaseSpaceScan\electron\Data\GHZ\dghz\polarization_cluster_01\combined\min_dghz_polarization_cluster_01_contour_samples.csv
164,True,Output\GradientPhaseSpaceScan\electron\Data\GHZ\dghz\polarization_cluster_02\combined\min_dghz_polarization_cluster_02_contour_samples.csv
165,True,Output\GradientPhaseSpaceScan\electron\Data\GHZ\dghz\polarization_cluster_01\combined\min_dghz_polarization_cluster_01_contour_samples.csv
166,True,Output\GradientPhaseSpaceScan\electron\Data\GHZ\dghz\polarization_cluster_04\combined\min_dghz_polarization_cluster_04_contour_samples.csv
167,True,Output\GradientPhaseSpaceScan\electron\Data\GHZ\dghz\polarization_cluster_02\combined\min_dghz_polarization_cluster_02_contour_samples.csv
168,True,Output\GradientPhaseSpaceScan\electron\Data\GHZ\dghz\polarization_cluster_02\combined\min_dghz_polarization_cluster_02_contour_samples.csv
169,True,Output\GradientPhaseSpaceScan\electron\Data\GHZ\dghz\polarization_cluster_04\combined\min_dghz_polarization_cluster_04_contour_samples.csv
170,True,Output\GradientPhaseSpaceScan\electron\Data\GHZ\dghz\polarization_cluster_01\combined\min_dghz_polarization_cluster_01_contour_samples.csv
171,True,Output\GradientPhaseSpaceScan\electron\Data\GHZ\dghz\polarization_cluster_02\combined\min_dghz_polarization_cluster_02_contour_samples.csv
172,True,Output\GradientPhaseSpaceScan\electron\Data\GHZ\dghz\polarization_cluster_01\combined\min_dghz_polarization_cluster_01_contour_samples.csv
173,True,Output\GradientPhaseSpaceScan\electron\Data\GHZ\dghz\polarization_cluster_01\combined\min_dghz_polarization_cluster_01_contour_samples.csv
174,True,Output\GradientPhaseSpaceScan\electron\Data\GHZ\dghz\polarization_cluster_03\combined\min_dghz_polarization_cluster_03_contour_samples.csv
175,True,Output\GradientPhaseSpaceScan\electron\Data\GHZ\dghz\polarization_cluster_02\combined\min_dghz_polarization_cluster_02_contour_samples.csv
176,True,Output\GradientPhaseSpaceScan\electron\Data\GHZ\dghz\polarization_cluster_04\combined\min_dghz_polarization_cluster_04_contour_samples.csv
177,True,Output\GradientPhaseSpaceScan\electron\Data\GHZ\dghz\polarization_cluster_04\combined\min_dghz_polarization_cluster_04_contour_samples.csv
178,True,Output\GradientPhaseSpaceScan\electron\Data\GHZ\dghz\polarization_cluster_03\combined\min_dghz_polarization_cluster_03_contour_samples.csv
179,True,Output\GradientPhaseSpaceScan\electron\Data\GHZ\dghz\polarization_cluster_01\combined\min_dghz_polarization_cluster_01_contour_samples.csv
180,True,Output\GradientPhaseSpaceScan\electron\Data\GHZ\dghz\polarization_cluster_04\combined\min_dghz_polarization_cluster_04_contour_samples.csv
181,True,Output\GradientPhaseSpaceScan\electron\Data\GHZ\dghz\polarization_cluster_03\combined\min_dghz_polarization_cluster_03_contour_samples.csv
182,True,Output\GradientPhaseSpaceScan\electron\Data\GHZ\dghz\polarization_cluster_02\combined\min_dghz_polarization_cluster_02_contour_samples.csv
183,True,Output\GradientPhaseSpaceScan\electron\Data\GHZ\dghz\polarization_cluster_04\combined\min_dghz_polarization_cluster_04_contour_samples.csv
184,True,Output\GradientPhaseSpaceScan\electron\Data\GHZ\dghz\polarization_cluster_04\combined\min_dghz_polarization_cluster_04_contour_samples.csv
185,True,Output\GradientPhaseSpaceScan\electron\Data\GHZ\dghz\polarization_cluster_02\combined\min_dghz_polarization_cluster_02_contour_samples.csv
186,True,Output\GradientPhaseSpaceScan\electron\Data\GHZ\dghz\polarization_cluster_04\combined\min_dghz_polarization_cluster_04_contour_samples.csv
187,True,Output\GradientPhaseSpaceScan\electron\Data\GHZ\dghz\polarization_cluster_01\combined\min_dghz_polarization_cluster_01_contour_samples.csv
188,True,Output\GradientPhaseSpaceScan\electron\Data\GHZ\dghz\polarization_cluster_03\combined\min_dghz_polarization_cluster_03_contour_samples.csv
189,True,Output\GradientPhaseSpaceScan\electron\Data\GHZ\dghz\polarization_cluster_03\combined\min_dghz_polarization_cluster_03_contour_samples.csv
190,True,Output\GradientPhaseSpaceScan\electron\Data\GHZ\dghz\polarization_cluster_03\combined\min_dghz_polarization_cluster_03_contour_samples.csv
191,True,Output\GradientPhaseSpaceScan\electron\Data\GHZ\dghz\polarization_cluster_02\combined\min_dghz_polarization_cluster_02_contour_samples.csv
192,True,Output\GradientPhaseSpaceScan\electron\Data\GHZ\dghz\polarization_cluster_03\combined\min_dghz_polarization_cluster_03_contour_samples.csv
193,True,Output\GradientPhaseSpaceScan\electron\Data\GHZ\dghz\polarization_cluster_01\combined\min_dghz_polarization_cluster_01_contour_samples.csv
194,True,Output\GradientPhaseSpaceScan\electron\Data\GHZ\dghz\polarization_cluster_03\combined\min_dghz_polarization_cluster_03_contour_samples.csv
195,True,Output\GradientPhaseSpaceScan\electron\Data\GHZ\dghz\polarization_cluster_02\combined\min_dghz_polarization_cluster_02_contour_samples.csv
196,True,Output\GradientPhaseSpaceScan\electron\Data\GHZ\dghz\polarization_cluster_01\combined\min_dghz_polarization_cluster_01_contour_samples.csv
197,True,Output\GradientPhaseSpaceScan\electron\Data\GHZ\dghz\polarization_cluster_03\combined\min_dghz_polarization_cluster_03_contour_samples.csv
198,True,Output\GradientPhaseSpaceScan\electron\Data\GHZ\dghz\polarization_cluster_01\combined\min_dghz_polarization_cluster_01_contour_samples.csv
199,True,Output\GradientPhaseSpaceScan\electron\Data\GHZ\dghz\polarization_cluster_02\combined\min_dghz_polarization_cluster_02_contour_samples.csv
200,True,Output\GradientPhaseSpaceScan\electron\Data\GHZ\dghz\polarization_cluster_01\combined\min_dghz_polarization_cluster_01_contour_samples.csv
201,True,Output\GradientPhaseSpaceScan\electron\Data\GHZ\dghz\polarization_cluster_03\combined\min_dghz_polarization_cluster_03_contour_samples.csv
202,True,Output\GradientPhaseSpaceScan\electron\Data\GHZ\dghz\polarization_cluster_02\combined\min_dghz_polarization_cluster_02_contour_samples.csv
203,True,Output\GradientPhaseSpaceScan\electron\Data\GHZ\dghz\polarization_cluster_01\combined\min_dghz_polarization_cluster_01_contour_samples.csv
204,True,Output\GradientPhaseSpaceScan\electron\Data\GHZ\dghz\polarization_cluster_03\combined\min_dghz_polarization_cluster_03_contour_samples.csv
205,True,Output\GradientPhaseSpaceScan\electron\Data\GHZ\dghz\polarization_cluster_04\combined\min_dghz_polarization_cluster_04_contour_samples.csv
206,True,Output\GradientPhaseSpaceScan\electron\Data\GHZ\dghz\polarization_cluster_01\combined\min_dghz_polarization_cluster_01_contour_samples.csv
207,True,Output\GradientPhaseSpaceScan\electron\Data\GHZ\dghz\polarization_cluster_01\combined\min_dghz_polarization_cluster_01_contour_samples.csv
208,True,Output\GradientPhaseSpaceScan\electron\Data\GHZ\dghz\polarization_cluster_03\combined\min_dghz_polarization_cluster_03_contour_samples.csv
209,True,Output\GradientPhaseSpaceScan\electron\Data\GHZ\dghz\polarization_cluster_03\combined\min_dghz_polarization_cluster_03_contour_samples.csv
210,True,Output\GradientPhaseSpaceScan\electron\Data\GHZ\dghz\polarization_cluster_04\combined\min_dghz_polarization_cluster_04_contour_samples.csv
211,True,Output\GradientPhaseSpaceScan\electron\Data\GHZ\dghz\polarization_cluster_03\combined\min_dghz_polarization_cluster_03_contour_samples.csv
212,True,Output\GradientPhaseSpaceScan\electron\Data\GHZ\dghz\polarization_cluster_03\combined\min_dghz_polarization_cluster_03_contour_samples.csv
213,True,Output\GradientPhaseSpaceScan\electron\Data\GHZ\dghz\polarization_cluster_04\combined\min_dghz_polarization_cluster_04_contour_samples.csv
214,True,Output\GradientPhaseSpaceScan\electron\Data\GHZ\dghz\polarization_cluster_03\combined\min_dghz_polarization_cluster_03_contour_samples.csv
215,True,Output\GradientPhaseSpaceScan\electron\Data\GHZ\dghz\polarization_cluster_04\combined\min_dghz_polarization_cluster_04_contour_samples.csv
216,True,Output\GradientPhaseSpaceScan\electron\Data\GHZ\dghz\polarization_cluster_01\combined\min_dghz_polarization_cluster_01_contour_samples.csv
217,True,Output\GradientPhaseSpaceScan\electron\Data\GHZ\dghz\polarization_cluster_02\combined\min_dghz_polarization_cluster_02_contour_samples.csv
218,True,Output\GradientPhaseSpaceScan\electron\Data\GHZ\dghz\polarization_cluster_01\combined\min_dghz_polarization_cluster_01_contour_samples.csv
219,True,Output\GradientPhaseSpaceScan\electron\Data\GHZ\dghz\polarization_cluster_01\combined\min_dghz_polarization_cluster_01_contour_samples.csv
220,True,Output\GradientPhaseSpaceScan\electron\Data\GHZ\dghz\polarization_cluster_01\combined\min_dghz_polarization_cluster_01_contour_samples.csv
221,True,Output\GradientPhaseSpaceScan\electron\Data\GHZ\dghz\polarization_cluster_04\combined\min_dghz_polarization_cluster_04_contour_samples.csv
222,True,Output\GradientPhaseSpaceScan\electron\Data\GHZ\dghz\polarization_cluster_03\combined\min_dghz_polarization_cluster_03_contour_samples.csv
223,True,Output\GradientPhaseSpaceScan\electron\Data\GHZ\dghz\polarization_cluster_01\combined\min_dghz_polarization_cluster_01_contour_samples.csv
224,True,Output\GradientPhaseSpaceScan\electron\Data\GHZ\dghz\polarization_cluster_04\combined\min_dghz_polarization_cluster_04_contour_samples.csv
225,True,Output\GradientPhaseSpaceScan\electron\Data\GHZ\dghz\polarization_cluster_02\combined\min_dghz_polarization_cluster_02_contour_samples.csv
226,True,Output\GradientPhaseSpaceScan\electron\Data\GHZ\dghz\polarization_cluster_04\combined\min_dghz_polarization_cluster_04_contour_samples.csv
227,True,Output\GradientPhaseSpaceScan\electron\Data\GHZ\dghz\polarization_cluster_04\combined\min_dghz_polarization_cluster_04_contour_samples.csv
228,True,Output\GradientPhaseSpaceScan\electron\Data\GHZ\dghz\polarization_cluster_04\combined\min_dghz_polarization_cluster_04_contour_samples.csv
229,True,Output\GradientPhaseSpaceScan\electron\Data\GHZ\dghz\polarization_cluster_03\combined\min_dghz_polarization_cluster_03_contour_samples.csv
230,True,Output\GradientPhaseSpaceScan\electron\Data\GHZ\dghz\polarization_cluster_04\combined\min_dghz_polarization_cluster_04_contour_samples.csv
231,True,Output\GradientPhaseSpaceScan\electron\Data\GHZ\dghz\polarization_cluster_01\combined\min_dghz_polarization_cluster_01_contour_samples.csv
232,True,Output\GradientPhaseSpaceScan\electron\Data\GHZ\dghz\polarization_cluster_04\combined\min_dghz_polarization_cluster_04_contour_samples.csv
233,True,Output\GradientPhaseSpaceScan\electron\Data\GHZ\dghz\polarization_cluster_04\combined\min_dghz_polarization_cluster_04_contour_samples.csv
234,True,Output\GradientPhaseSpaceScan\electron\Data\GHZ\dghz\polarization_cluster_04\combined\min_dghz_polarization_cluster_04_contour_samples.csv
235,True,Output\GradientPhaseSpaceScan\electron\Data\GHZ\dghz\polarization_cluster_04\combined\min_dghz_polarization_cluster_04_contour_samples.csv
236,True,Output\GradientPhaseSpaceScan\electron\Data\GHZ\dghz\polarization_cluster_01\combined\min_dghz_polarization_cluster_01_contour_samples.csv
237,True,Output\GradientPhaseSpaceScan\electron\Data\GHZ\dghz\polarization_cluster_03\combined\min_dghz_polarization_cluster_03_contour_samples.csv
238,True,Output\GradientPhaseSpaceScan\electron\Data\GHZ\dghz\polarization_cluster_04\combined\min_dghz_polarization_cluster_04_contour_samples.csv
239,True,Output\GradientPhaseSpaceScan\electron\Data\GHZ\dghz\polarization_cluster_03\combined\min_dghz_polarization_cluster_03_contour_samples.csv
240,True,Output\GradientPhaseSpaceScan\electron\Data\GHZ\dghz\polarization_cluster_03\combined\min_dghz_polarization_cluster_03_contour_samples.csv
241,True,Output\GradientPhaseSpaceScan\electron\Data\GHZ\dghz\polarization_cluster_01\combined\min_dghz_polarization_cluster_01_contour_samples.csv
242,True,Output\GradientPhaseSpaceScan\electron\Data\GHZ\dghz\polarization_cluster_01\combined\min_dghz_polarization_cluster_01_contour_samples.csv
243,True,Output\GradientPhaseSpaceScan\electron\Data\GHZ\dghz\polarization_cluster_04\combined\min_dghz_polarization_cluster_04_contour_samples.csv
244,True,Output\GradientPhaseSpaceScan\electron\Data\GHZ\dghz\polarization_cluster_02\combined\min_dghz_polarization_cluster_02_contour_samples.csv
245,True,Output\GradientPhaseSpaceScan\electron\Data\GHZ\dghz\polarization_cluster_04\combined\min_dghz_polarization_cluster_04_contour_samples.csv
246,True,Output\GradientPhaseSpaceScan\electron\Data\GHZ\dghz\polarization_cluster_03\combined\min_dghz_polarization_cluster_03_contour_samples.csv
247,True,Output\GradientPhaseSpaceScan\electron\Data\GHZ\dghz\polarization_cluster_04\combined\min_dghz_polarization_cluster_04_contour_samples.csv
248,True,Output\GradientPhaseSpaceScan\electron\Data\GHZ\dghz\polarization_cluster_03\combined\min_dghz_polarization_cluster_03_contour_samples.csv
249,True,Output\GradientPhaseSpaceScan\electron\Data\GHZ\dghz\polarization_cluster_01\combined\min_dghz_polarization_cluster_01_contour_samples.csv
250,True,Output\GradientPhaseSpaceScan\electron\Data\GHZ\dghz\polarization_cluster_01\combined\min_dghz_polarization_cluster_01_contour_samples.csv
251,True,Output\GradientPhaseSpaceScan\electron\Data\GHZ\dghz\polarization_cluster_04\combined\min_dghz_polarization_cluster_04_contour_samples.csv
252,True,Output\GradientPhaseSpaceScan\electron\Data\GHZ\dghz\polarization_cluster_04\combined\min_dghz_polarization_cluster_04_contour_samples.csv
253,True,Output\GradientPhaseSpaceScan\electron\Data\GHZ\dghz\polarization_cluster_01\combined\min_dghz_polarization_cluster_01_contour_samples.csv
254,True,Output\GradientPhaseSpaceScan\electron\Data\GHZ\dghz\polarization_cluster_02\combined\min_dghz_polarization_cluster_02_contour_samples.csv
255,True,Output\GradientPhaseSpaceScan\electron\Data\GHZ\dghz\polarization_cluster_02\combined\min_dghz_polarization_cluster_02_contour_samples.csv
256,True,Output\GradientPhaseSpaceScan\electron\Data\GHZ\dghz\polarization_cluster_02\combined\min_dghz_polarization_cluster_02_contour_samples.csv
257,True,Output\GradientPhaseSpaceScan\electron\Data\GHZ\dghz\polarization_cluster_04\combined\min_dghz_polarization_cluster_04_contour_samples.csv
258,True,Output\GradientPhaseSpaceScan\electron\Data\GHZ\dghz\polarization_cluster_04\combined\min_dghz_polarization_cluster_04_contour_samples.csv
259,True,Output\GradientPhaseSpaceScan\electron\Data\GHZ\dghz\polarization_cluster_02\combined\min_dghz_polarization_cluster_02_contour_samples.csv
260,True,Output\GradientPhaseSpaceScan\electron\Data\GHZ\dghz\polarization_cluster_01\combined\min_dghz_polarization_cluster_01_contour_samples.csv
261,True,Output\GradientPhaseSpaceScan\electron\Data\GHZ\dghz\polarization_cluster_04\combined\min_dghz_polarization_cluster_04_contour_samples.csv
262,True,Output\GradientPhaseSpaceScan\electron\Data\GHZ\dghz\polarization_cluster_03\combined\min_dghz_polarization_cluster_03_contour_samples.csv
263,True,Output\GradientPhaseSpaceScan\electron\Data\GHZ\dghz\polarization_cluster_02\combined\min_dghz_polarization_cluster_02_contour_samples.csv
264,True,Output\GradientPhaseSpaceScan\electron\Data\GHZ\dghz\polarization_cluster_01\combined\min_dghz_polarization_cluster_01_contour_samples.csv
265,True,Output\GradientPhaseSpaceScan\electron\Data\GHZ\dghz\polarization_cluster_01\combined\min_dghz_polarization_cluster_01_contour_samples.csv
266,True,Output\GradientPhaseSpaceScan\electron\Data\GHZ\dghz\polarization_cluster_01\combined\min_dghz_polarization_cluster_01_contour_samples.csv
267,True,Output\GradientPhaseSpaceScan\electron\Data\GHZ\dghz\polarization_cluster_03\combined\min_dghz_polarization_cluster_03_contour_samples.csv
268,True,Output\GradientPhaseSpaceScan\electron\Data\GHZ\dghz\polarization_cluster_01\combined\min_dghz_polarization_cluster_01_contour_samples.csv
269,True,Output\GradientPhaseSpaceScan\electron\Data\GHZ\dghz\polarization_cluster_01\combined\min_dghz_polarization_cluster_01_contour_samples.csv
270,True,Output\GradientPhaseSpaceScan\electron\Data\GHZ\dghz\polarization_cluster_02\combined\min_dghz_polarization_cluster_02_contour_samples.csv
271,True,Output\GradientPhaseSpaceScan\electron\Data\GHZ\dghz\polarization_cluster_02\combined\min_dghz_polarization_cluster_02_contour_samples.csv
272,True,Output\GradientPhaseSpaceScan\electron\Data\GHZ\dghz\polarization_cluster_04\combined\min_dghz_polarization_cluster_04_contour_samples.csv
273,True,Output\GradientPhaseSpaceScan\electron\Data\GHZ\dghz\polarization_cluster_02\combined\min_dghz_polarization_cluster_02_contour_samples.csv
274,True,Output\GradientPhaseSpaceScan\electron\Data\GHZ\dghz\polarization_cluster_02\combined\min_dghz_polarization_cluster_02_contour_samples.csv
275,True,Output\GradientPhaseSpaceScan\electron\Data\GHZ\dghz\polarization_cluster_02\combined\min_dghz_polarization_cluster_02_contour_samples.csv
276,True,Output\GradientPhaseSpaceScan\electron\Data\GHZ\dghz\polarization_cluster_04\combined\min_dghz_polarization_cluster_04_contour_samples.csv
277,True,Output\GradientPhaseSpaceScan\electron\Data\GHZ\dghz\polarization_cluster_01\combined\min_dghz_polarization_cluster_01_contour_samples.csv
278,True,Output\GradientPhaseSpaceScan\electron\Data\GHZ\dghz\polarization_cluster_03\combined\min_dghz_polarization_cluster_03_contour_samples.csv
279,True,Output\GradientPhaseSpaceScan\electron\Data\GHZ\dghz\polarization_cluster_03\combined\min_dghz_polarization_cluster_03_contour_samples.csv
280,True,Output\GradientPhaseSpaceScan\electron\Data\GHZ\dghz\polarization_cluster_04\combined\min_dghz_polarization_cluster_04_contour_samples.csv
281,True,Output\GradientPhaseSpaceScan\electron\Data\GHZ\dghz\polarization_cluster_03\combined\min_dghz_polarization_cluster_03_contour_samples.csv
282,True,Output\GradientPhaseSpaceScan\electron\Data\GHZ\dghz\polarization_cluster_01\combined\min_dghz_polarization_cluster_01_contour_samples.csv
283,True,Output\GradientPhaseSpaceScan\electron\Data\GHZ\dghz\polarization_cluster_02\combined\min_dghz_polarization_cluster_02_contour_samples.csv
284,True,Output\GradientPhaseSpaceScan\electron\Data\GHZ\dghz\polarization_cluster_03\combined\min_dghz_polarization_cluster_03_contour_samples.csv
285,True,Output\GradientPhaseSpaceScan\electron\Data\GHZ\dghz\polarization_cluster_02\combined\min_dghz_polarization_cluster_02_contour_samples.csv
286,True,Output\GradientPhaseSpaceScan\electron\Data\GHZ\dghz\polarization_cluster_02\combined\min_dghz_polarization_cluster_02_contour_samples.csv
287,True,Output\GradientPhaseSpaceScan\electron\Data\GHZ\dghz\polarization_cluster_03\combined\min_dghz_polarization_cluster_03_contour_samples.csv
288,True,Output\GradientPhaseSpaceScan\electron\Data\GHZ\dghz\polarization_cluster_02\combined\min_dghz_polarization_cluster_02_contour_samples.csv
289,True,Output\GradientPhaseSpaceScan\electron\Data\GHZ\dghz\polarization_cluster_01\combined\min_dghz_polarization_cluster_01_contour_samples.csv
290,True,Output\GradientPhaseSpaceScan\electron\Data\GHZ\dghz\polarization_cluster_03\combined\min_dghz_polarization_cluster_03_contour_samples.csv
291,True,Output\GradientPhaseSpaceScan\electron\Data\GHZ\dghz\polarization_cluster_01\combined\min_dghz_polarization_cluster_01_contour_samples.csv
292,True,Output\GradientPhaseSpaceScan\electron\Data\GHZ\dghz\polarization_cluster_02\combined\min_dghz_polarization_cluster_02_contour_samples.csv
293,True,Output\GradientPhaseSpaceScan\electron\Data\GHZ\dghz\polarization_cluster_04\combined\min_dghz_polarization_cluster_04_contour_samples.csv
294,True,Output\GradientPhaseSpaceScan\electron\Data\GHZ\dghz\polarization_cluster_02\combined\min_dghz_polarization_cluster_02_contour_samples.csv
295,True,Output\GradientPhaseSpaceScan\electron\Data\GHZ\dghz\polarization_cluster_02\combined\min_dghz_polarization_cluster_02_contour_samples.csv
296,True,Output\GradientPhaseSpaceScan\electron\Data\GHZ\dghz\polarization_cluster_02\combined\min_dghz_polarization_cluster_02_contour_samples.csv
297,True,Output\GradientPhaseSpaceScan\electron\Data\GHZ\dghz\polarization_cluster_04\combined\min_dghz_polarization_cluster_04_contour_samples.csv
298,True,Output\GradientPhaseSpaceScan\electron\Data\GHZ\dghz\polarization_cluster_01\combined\min_dghz_polarization_cluster_01_contour_samples.csv
299,True,Output\GradientPhaseSpaceScan\electron\Data\GHZ\dghz\polarization_cluster_03\combined\min_dghz_polarization_cluster_03_contour_samples.csv
300,True,Output\GradientPhaseSpaceScan\electron\Data\GHZ\dghz\polarization_cluster_04\combined\min_dghz_polarization_cluster_04_contour_samples.csv
301,True,Output\GradientPhaseSpaceScan\electron\Data\GHZ\dghz\polarization_cluster_01\combined\min_dghz_polarization_cluster_01_contour_samples.csv
302,True,Output\GradientPhaseSpaceScan\electron\Data\GHZ\dghz\polarization_cluster_01\combined\min_dghz_polarization_cluster_01_contour_samples.csv
303,True,Output\GradientPhaseSpaceScan\electron\Data\GHZ\dghz\polarization_cluster_02\combined\min_dghz_polarization_cluster_02_contour_samples.csv
304,True,Output\GradientPhaseSpaceScan\electron\Data\GHZ\dghz\polarization_cluster_01\combined\min_dghz_polarization_cluster_01_contour_samples.csv
305,True,Output\GradientPhaseSpaceScan\electron\Data\GHZ\dghz\polarization_cluster_02\combined\min_dghz_polarization_cluster_02_contour_samples.csv
306,True,Output\GradientPhaseSpaceScan\electron\Data\GHZ\dghz\polarization_cluster_03\combined\min_dghz_polarization_cluster_03_contour_samples.csv
307,True,Output\GradientPhaseSpaceScan\electron\Data\GHZ\dghz\polarization_cluster_01\combined\min_dghz_polarization_cluster_01_contour_samples.csv
308,True,Output\GradientPhaseSpaceScan\electron\Data\GHZ\dghz\polarization_cluster_02\combined\min_dghz_polarization_cluster_02_contour_samples.csv
309,True,Output\GradientPhaseSpaceScan\electron\Data\GHZ\dghz\polarization_cluster_02\combined\min_dghz_polarization_cluster_02_contour_samples.csv
310,True,Output\GradientPhaseSpaceScan\electron\Data\GHZ\dghz\polarization_cluster_01\combined\min_dghz_polarization_cluster_01_contour_samples.csv
311,True,Output\GradientPhaseSpaceScan\electron\Data\GHZ\dghz\polarization_cluster_04\combined\min_dghz_polarization_cluster_04_contour_samples.csv
312,True,Output\GradientPhaseSpaceScan\electron\Data\GHZ\dghz\polarization_cluster_04\combined\min_dghz_polarization_cluster_04_contour_samples.csv
313,True,Output\GradientPhaseSpaceScan\electron\Data\GHZ\dghz\polarization_cluster_04\combined\min_dghz_polarization_cluster_04_contour_samples.csv
314,True,Output\GradientPhaseSpaceScan\electron\Data\GHZ\dghz\polarization_cluster_01\combined\min_dghz_polarization_cluster_01_contour_samples.csv
315,True,Output\GradientPhaseSpaceScan\electron\Data\GHZ\dghz\polarization_cluster_01\combined\min_dghz_polarization_cluster_01_contour_samples.csv
316,True,Output\GradientPhaseSpaceScan\electron\Data\GHZ\dghz\polarization_cluster_03\combined\min_dghz_polarization_cluster_03_contour_samples.csv
317,True,Output\GradientPhaseSpaceScan\electron\Data\GHZ\dghz\polarization_cluster_02\combined\min_dghz_polarization_cluster_02_contour_samples.csv
318,True,Output\GradientPhaseSpaceScan\electron\Data\GHZ\dghz\polarization_cluster_02\combined\min_dghz_polarization_cluster_02_contour_samples.csv
319,True,Output\GradientPhaseSpaceScan\electron\Data\GHZ\dghz\polarization_cluster_04\combined\min_dghz_polarization_cluster_04_contour_samples.csv
320,True,Output\GradientPhaseSpaceScan\electron\Data\GHZ\dghz\polarization_cluster_03\combined\min_dghz_polarization_cluster_03_contour_samples.csv
321,True,Output\GradientPhaseSpaceScan\electron\Data\GHZ\dghz\polarization_cluster_02\combined\min_dghz_polarization_cluster_02_contour_samples.csv
322,True,Output\GradientPhaseSpaceScan\electron\Data\GHZ\dghz\polarization_cluster_01\combined\min_dghz_polarization_cluster_01_contour_samples.csv
323,True,Output\GradientPhaseSpaceScan\electron\Data\GHZ\dghz\polarization_cluster_02\combined\min_dghz_polarization_cluster_02_contour_samples.csv
324,True,Output\GradientPhaseSpaceScan\electron\Data\GHZ\dghz\polarization_cluster_01\combined\min_dghz_polarization_cluster_01_contour_samples.csv
325,True,Output\GradientPhaseSpaceScan\electron\Data\GHZ\dghz\polarization_cluster_04\combined\min_dghz_polarization_cluster_04_contour_samples.csv
326,True,Output\GradientPhaseSpaceScan\electron\Data\GHZ\dghz\polarization_cluster_02\combined\min_dghz_polarization_cluster_02_contour_samples.csv
327,True,Output\GradientPhaseSpaceScan\electron\Data\GHZ\dghz\polarization_cluster_02\combined\min_dghz_polarization_cluster_02_contour_samples.csv
328,True,Output\GradientPhaseSpaceScan\electron\Data\GHZ\dghz\polarization_cluster_03\combined\min_dghz_polarization_cluster_03_contour_samples.csv
329,True,Output\GradientPhaseSpaceScan\electron\Data\GHZ\dghz\polarization_cluster_03\combined\min_dghz_polarization_cluster_03_contour_samples.csv
330,True,Output\GradientPhaseSpaceScan\electron\Data\GHZ\dghz\polarization_cluster_02\combined\min_dghz_polarization_cluster_02_contour_samples.csv
331,True,Output\GradientPhaseSpaceScan\electron\Data\GHZ\dghz\polarization_cluster_01\combined\min_dghz_polarization_cluster_01_contour_samples.csv
332,True,Output\GradientPhaseSpaceScan\electron\Data\GHZ\dghz\polarization_cluster_02\combined\min_dghz_polarization_cluster_02_contour_samples.csv
333,True,Output\GradientPhaseSpaceScan\electron\Data\GHZ\dghz\polarization_cluster_01\combined\min_dghz_polarization_cluster_01_contour_samples.csv
334,True,Output\GradientPhaseSpaceScan\electron\Data\GHZ\dghz\polarization_cluster_02\combined\min_dghz_polarization_cluster_02_contour_samples.csv
335,True,Output\GradientPhaseSpaceScan\electron\Data\GHZ\dghz\polarization_cluster_04\combined\min_dghz_polarization_cluster_04_contour_samples.csv
336,True,Output\GradientPhaseSpaceScan\electron\Data\GHZ\dghz\polarization_cluster_04\combined\min_dghz_polarization_cluster_04_contour_samples.csv
337,True,Output\GradientPhaseSpaceScan\electron\Data\GHZ\dghz\polarization_cluster_02\combined\min_dghz_polarization_cluster_02_contour_samples.csv
338,True,Output\GradientPhaseSpaceScan\electron\Data\GHZ\dghz\polarization_cluster_01\combined\min_dghz_polarization_cluster_01_contour_samples.csv
339,True,Output\GradientPhaseSpaceScan\electron\Data\GHZ\dghz\polarization_cluster_02\combined\min_dghz_polarization_cluster_02_contour_samples.csv
340,True,Output\GradientPhaseSpaceScan\electron\Data\GHZ\dghz\polarization_cluster_01\combined\min_dghz_polarization_cluster_01_contour_samples.csv
341,True,Output\GradientPhaseSpaceScan\electron\Data\GHZ\dghz\polarization_cluster_01\combined\min_dghz_polarization_cluster_01_contour_samples.csv
342,True,Output\GradientPhaseSpaceScan\electron\Data\GHZ\dghz\polarization_cluster_01\combined\min_dghz_polarization_cluster_01_contour_samples.csv
343,True,Output\GradientPhaseSpaceScan\electron\Data\GHZ\dghz\polarization_cluster_04\combined\min_dghz_polarization_cluster_04_contour_samples.csv
344,True,Output\GradientPhaseSpaceScan\electron\Data\GHZ\dghz\polarization_cluster_02\combined\min_dghz_polarization_cluster_02_contour_samples.csv
345,True,Output\GradientPhaseSpaceScan\electron\Data\GHZ\dghz\polarization_cluster_03\combined\min_dghz_polarization_cluster_03_contour_samples.csv
346,True,Output\GradientPhaseSpaceScan\electron\Data\GHZ\dghz\polarization_cluster_01\combined\min_dghz_polarization_cluster_01_contour_samples.csv
347,True,Output\GradientPhaseSpaceScan\electron\Data\GHZ\dghz\polarization_cluster_02\combined\min_dghz_polarization_cluster_02_contour_samples.csv
348,True,Output\GradientPhaseSpaceScan\electron\Data\GHZ\dghz\polarization_cluster_03\combined\min_dghz_polarization_cluster_03_contour_samples.csv
349,True,Output\GradientPhaseSpaceScan\electron\Data\GHZ\dghz\polarization_cluster_02\combined\min_dghz_polarization_cluster_02_contour_samples.csv
350,True,Output\GradientPhaseSpaceScan\electron\Data\GHZ\dghz\polarization_cluster_01\combined\min_dghz_polarization_cluster_01_contour_samples.csv
351,True,Output\GradientPhaseSpaceScan\electron\Data\GHZ\dghz\polarization_cluster_01\combined\min_dghz_polarization_cluster_01_contour_samples.csv
352,True,Output\GradientPhaseSpaceScan\electron\Data\GHZ\dghz\polarization_cluster_03\combined\min_dghz_polarization_cluster_03_contour_samples.csv
353,True,Output\GradientPhaseSpaceScan\electron\Data\GHZ\dghz\polarization_cluster_01\combined\min_dghz_polarization_cluster_01_contour_samples.csv
354,True,Output\GradientPhaseSpaceScan\electron\Data\GHZ\dghz\polarization_cluster_02\combined\min_dghz_polarization_cluster_02_contour_samples.csv
355,True,Output\GradientPhaseSpaceScan\electron\Data\GHZ\dghz\polarization_cluster_02\combined\min_dghz_polarization_cluster_02_contour_samples.csv
356,True,Output\GradientPhaseSpaceScan\electron\Data\GHZ\dghz\polarization_cluster_01\combined\min_dghz_polarization_cluster_01_contour_samples.csv
357,True,Output\GradientPhaseSpaceScan\electron\Data\GHZ\dghz\polarization_cluster_03\combined\min_dghz_polarization_cluster_03_contour_samples.csv
358,True,Output\GradientPhaseSpaceScan\electron\Data\GHZ\dghz\polarization_cluster_01\combined\min_dghz_polarization_cluster_01_contour_samples.csv
359,True,Output\GradientPhaseSpaceScan\electron\Data\GHZ\dghz\polarization_cluster_01\combined\min_dghz_polarization_cluster_01_contour_samples.csv
360,True,Output\GradientPhaseSpaceScan\electron\Data\GHZ\dghz\polarization_cluster_01\combined\min_dghz_polarization_cluster_01_contour_samples.csv
361,True,Output\GradientPhaseSpaceScan\electron\Data\GHZ\dghz\polarization_cluster_01\combined\min_dghz_polarization_cluster_01_contour_samples.csv
362,True,Output\GradientPhaseSpaceScan\electron\Data\GHZ\dghz\polarization_cluster_03\combined\min_dghz_polarization_cluster_03_contour_samples.csv
363,True,Output\GradientPhaseSpaceScan\electron\Data\GHZ\dghz\polarization_cluster_02\combined\min_dghz_polarization_cluster_02_contour_samples.csv
364,True,Output\GradientPhaseSpaceScan\electron\Data\GHZ\dghz\polarization_cluster_01\combined\min_dghz_polarization_cluster_01_contour_samples.csv
365,True,Output\GradientPhaseSpaceScan\electron\Data\GHZ\dghz\polarization_cluster_01\combined\min_dghz_polarization_cluster_01_contour_samples.csv
366,True,Output\GradientPhaseSpaceScan\electron\Data\GHZ\dghz\polarization_cluster_01\combined\min_dghz_polarization_cluster_01_contour_samples.csv
367,True,Output\GradientPhaseSpaceScan\electron\Data\GHZ\dghz\polarization_cluster_01\combined\min_dghz_polarization_cluster_01_contour_samples.csv
368,True,Output\GradientPhaseSpaceScan\electron\Data\GHZ\dghz\polarization_cluster_03\combined\min_dghz_polarization_cluster_03_contour_samples.csv
369,True,Output\GradientPhaseSpaceScan\electron\Data\GHZ\dghz\polarization_cluster_01\combined\min_dghz_polarization_cluster_01_contour_samples.csv
370,True,Output\GradientPhaseSpaceScan\electron\Data\GHZ\dghz\polarization_cluster_02\combined\min_dghz_polarization_cluster_02_contour_samples.csv
371,True,Output\GradientPhaseSpaceScan\electron\Data\GHZ\dghz\polarization_cluster_02\combined\min_dghz_polarization_cluster_02_contour_samples.csv
372,True,Output\GradientPhaseSpaceScan\electron\Data\GHZ\dghz\polarization_cluster_03\combined\min_dghz_polarization_cluster_03_contour_samples.csv
373,True,Output\GradientPhaseSpaceScan\electron\Data\GHZ\dghz\polarization_cluster_01\combined\min_dghz_polarization_cluster_01_contour_samples.csv
374,True,Output\GradientPhaseSpaceScan\electron\Data\GHZ\dghz\polarization_cluster_03\combined\min_dghz_polarization_cluster_03_contour_samples.csv
375,True,Output\GradientPhaseSpaceScan\electron\Data\GHZ\dghz\polarization_cluster_02\combined\min_dghz_polarization_cluster_02_contour_samples.csv
376,False,
377,False,
378,False,
379,False,
380,False,
381,False,
382,False,
383,False,
384,False,
385,False,
386,False,
387,False,
388,False,
389,False,
390,False,
391,False,
392,False,
393,False,
394,False,
395,False,
396,False,
397,False,
398,False,
399,False,
400,False,
401,False,
402,False,
403,False,
404,False,
405,False,
406,False,
407,False,
408,False,
409,False,
410,False,
411,False,
412,False,
413,False,
414,False,
415,False,
416,False,
417,False,
418,False,
419,False,
420,False,
421,False,
422,False,
423,False,
424,False,
425,False,
426,False,
427,False,
428,False,
429,False,
430,False,
431,False,
432,False,
433,False,
434,False,
435,False,
436,False,
437,False,
438,False,
439,False,
440,False,
441,False,
442,False,
443,False,
444,False,
445,False,
446,False,
447,False,
448,False,
449,False,
450,False,
451,False,
452,False,
453,False,
454,False,
455,False,
456,False,
457,False,
458,False,
459,False,
460,False,
461,False,
462,False,
463,False,
464,False,
465,False,
466,False,
467,False,
468,False,
469,False,
470,False,
471,False,
472,False,
473,False,
474,False,
475,False,
476,False,
477,False,
478,False,
479,False,
480,False,
481,False,
482,False,
483,False,
484,False,
485,False,
486,False,
487,False,
488,False,
489,False,
490,False,
491,False,
492,False,
493,False,
494,False,
495,False,
496,False,
497,False,
498,False,
499,False,
500,False,
501,False,
502,False,
503,False,
504,False,
505,False,
506,False,
507,False,
508,False,
509,False,
510,False,
511,False,
512,False,
513,False,
514,False,
515,False,
516,False,
517,False,
518,False,
519,False,
520,False,
521,False,
522,False,
523,False,
524,False,
525,False,
526,False,
527,False,
528,False,
529,False,
530,False,
531,False,
532,False,
533,False,
534,False,
535,False,
536,False,
537,False,
538,False,
539,False,
540,False,
541,False,
542,False,
543,False,
544,False,
545,False,
546,False,
547,False,
548,False,
549,False,
550,False,
551,False,
552,False,
553,False,
554,False,
555,False,
556,False,
557,False,
558,False,
559,False,
560,False,
561,False,
562,False,
563,False,
564,False,
565,False,
566,False,
567,False,
568,False,
569,False,
570,False,
571,False,
572,False,
573,False,
574,False,
575,False,
576,False,
577,False,
578,False,
