spin_case,entanglement_mode,scan_parameterization,scan_x_name,scan_x_value,scan_y_name,scan_y_value,s,sqrt_s,pIn,pOut,qOut,theta_in,phi_in,phiOut,Q2,xB,t,W2,y,squared_amplitude_M2,spin_signal_M2,trace,normalized_by_squared_amplitude,entanglement_h_in,entanglement_s_in,C12,C13,C23,C1_23,C2_13,C3_12,F3,M1,M2,M3
unpolarized,pure_initial_state,user_frame_independent,s,1.5491407679999998e+01,qOut,2.9999999999999999e-01,1.5491407679999998e+01,3.9359125600043505e+00,1.8561849961402406e+00,1.6828073846391449e+00,2.9999999999999999e-01,1.3000000000000000e+00,0.0000000000000000e+00,3.1415926535897931e+00,7.4188251104480321e+00,8.6519240697604660e-01,-6.2538072062274583e+00,2.0357879821029909e+00,5.8684814851732725e-01,2.2203278958711016e+04,2.2203278958711016e+04,1.0000000000000004e+00,True,1,1,1.5961903129471757e-17,1.9216866008807644e-17,6.5890408256964140e-03,0.0000000000000000e+00,6.5890418151913982e-03,6.5890418151576986e-03,0.0000000000000000e+00,-6.2407029071510686e-34,1.3039646680403517e-11,1.3039202584417403e-11
unpolarized,pure_initial_state,user_frame_independent,s,1.6782358319999997e+01,qOut,2.9999999999999999e-01,1.6782358319999997e+01,4.0966276765163796e+00,1.9409274622587744e+00,1.7690374255446943e+00,2.9999999999999999e-01,1.3000000000000000e+00,0.0000000000000000e+00,3.1415926535897931e+00,8.0873095812001541e+00,8.7066020188654647e-01,-6.8731713220279218e+00,2.0812437955194540e+00,5.8410319209947514e-01,2.2216576374367971e+04,2.2216576374367971e+04,1.0000000000000000e+00,True,1,1,1.5788222234512735e-17,2.2057661829890918e-17,5.9905435258114856e-03,1.4901161193847656e-08,5.9905438333705263e-03,5.9905438333890592e-03,1.0307556673854726e-10,2.2204460492503131e-16,3.6848917336516560e-12,3.6851137782565810e-12
unpolarized,pure_initial_state,user_frame_independent,s,1.8073308959999999e+01,qOut,2.9999999999999999e-01,1.8073308959999999e+01,4.2512714521658115e+00,2.0221556249061430e+00,1.8515410179402194e+00,2.9999999999999999e-01,1.3000000000000000e+00,0.0000000000000000e+00,3.1415926535897931e+00,8.7549434060180058e+00,8.7546862892926780e-01,-7.4937454313009582e+00,2.1251942843745835e+00,5.8163341209336938e-01,2.2232820129436957e+04,2.2232820129436957e+04,1.0000000000000000e+00,True,1,1,3.5227128375274170e-18,9.5861640825608694e-18,5.4897599161272282e-03,0.0000000000000000e+00,5.4897603767121187e-03,5.4897603766716719e-03,0.0000000000000000e+00,-1.0430404755346054e-34,5.0570011502978907e-12,5.0565570644761724e-12
unpolarized,pure_initial_state,user_frame_independent,s,1.9364259599999997e+01,qOut,2.9999999999999999e-01,1.9364259599999997e+01,4.4004840188324739e+00,2.1002707339571525e+00,1.9307630924636907e+00,2.9999999999999999e-01,1.3000000000000000e+00,0.0000000000000000e+00,3.1415926535897931e+00,9.4218077742891033e+00,8.7974200188956631e-01,-8.1153718161423498e+00,2.1677758471593913e+00,5.7939292500264350e-01,2.2250991860797243e+04,2.2250991860797243e+04,9.9999999999999989e-01,True,1,1,1.9769696436584390e-17,6.9239224204518861e-18,5.0647425183565197e-03,2.1073424255447017e-08,5.0647426875515683e-03,5.0647426875954100e-03,1.2324288748792318e-10,4.4408920985006271e-16,1.7138587403919218e-12,1.7143028329899036e-12
unpolarized,pure_initial_state,user_frame_independent,s,2.0655210239999995e+01,qOut,2.9999999999999999e-01,2.0655210239999995e+01,4.5448003520506806e+00,2.1756034047873034e+00,2.0070665971092763e+00,2.9999999999999999e-01,1.3000000000000000e+00,0.0000000000000000e+00,3.1415926535897931e+00,1.0087972679678296e+01,8.8357407715694158e-01,-8.7379243249322673e+00,2.2091060949522152e+00,5.7734631238012990e-01,2.2270386051345704e+04,2.2270386051345704e+04,9.9999999999999989e-01,True,1,1,1.3645814758621574e-17,1.4210293521929111e-17,4.6996314455147788e-03,0.0000000000000000e+00,4.6996331551786537e-03,4.6996331552731484e-03,0.0000000000000000e+00,-3.8814070240599488e-34,1.6069583140418614e-11,1.6070471322226446e-11
unpolarized,pure_initial_state,user_frame_independent,s,2.1946160879999997e+01,qOut,2.9999999999999999e-01,2.1946160879999997e+01,4.6846729747123224e+00,2.2484298257012960e+00,2.0807521844140568e+00,2.9999999999999999e-01,1.3000000000000000e+00,0.0000000000000000e+00,3.1415926535897931e+00,1.0753498756644710e+01,8.8703706145586314e-01,-9.3613002300028629e+00,2.2492871405014645e+00,5.7546565762786428e-01,2.2290508113777141e+04,2.2290508113777141e+04,1.0000000000000000e+00,True,1,1,1.2106033925012996e-18,6.1183911207985157e-18,4.3826911210735117e-03,2.5809568279517847e-08,4.3826938762278715e-03,4.3826938762785358e-03,1.3061445582552950e-10,6.6613381477509383e-16,2.4149988690140393e-11,2.4150432782738375e-11
unpolarized,pure_initial_state,user_frame_independent,s,2.3237111519999996e+01,qOut,2.9999999999999999e-01,2.3237111519999996e+01,4.8204887221110670e+00,2.3189834899363619e+00,2.1520722128141747e+00,2.9999999999999999e-01,1.3000000000000000e+00,0.0000000000000000e+00,3.1415926535897931e+00,1.1418438811976714e+01,8.9018758166121803e-01,-9.9854145818759648e+00,2.2884082233478882e+00,5.7372856606246880e-01,2.2311008287530101e+04,2.2311008287530101e+04,1.0000000000000000e+00,True,1,1,1.5082055738462058e-17,1.0116242979479826e-17,4.1050518825958083e-03,1.4901161193847656e-08,4.1050533702561400e-03,4.1050533702831852e-03,7.0633103504571870e-11,2.2204460492503131e-16,1.2213847903848113e-11,1.2214069948453038e-11
unpolarized,pure_initial_state,user_frame_independent,s,2.4528062159999998e+01,qOut,2.9999999999999999e-01,2.4528062159999998e+01,4.9525813632892497e+00,2.3874638724051245e+00,2.2212409476235768e+00,2.9999999999999999e-01,1.3000000000000000e+00,0.0000000000000000e+00,3.1415926535897931e+00,1.2082839084930187e+01,8.9307075451908147e-01,-1.0610196190282775e+01,2.3265478138704756e+00,5.7211679997461007e-01,2.2331637846226116e+04,2.2331637846226116e+04,1.0000000000000002e+00,True,1,1,6.9779024315365555e-18,1.2491009265449780e-17,3.8598823836529413e-03,0.0000000000000000e+00,3.8598839539493381e-03,3.8598839538918120e-03,0.0000000000000000e+00,-2.0471643481359601e-34,1.2122321264065308e-11,1.2121877176549524e-11
unpolarized,pure_initial_state,user_frame_independent,s,2.5819012799999996e+01,qOut,2.9999999999999999e-01,2.5819012799999996e+01,5.0812412656751498e+00,2.4540429686412759e+00,2.2884421503451335e+00,2.9999999999999999e-01,1.3000000000000000e+00,0.0000000000000000e+00,3.1415926535897931e+00,1.2746740279672110e+01,8.9572303034623701e-01,-1.1235584697023736e+01,2.3637753094517331e+00,5.7061531213196826e-01,2.2352219525822627e+04,2.2352219525822627e+04,1.0000000000000000e+00,True,1,1,2.6994024319535370e-18,1.9206421708596142e-17,3.6418438814187701e-03,0.0000000000000000e+00,3.6418466274836560e-03,3.6418466275141411e-03,0.0000000000000000e+00,-3.7617340833806982e-34,2.0001486745815380e-11,2.0001708790420305e-11
unpolarized,pure_initial_state,user_frame_independent,s,1.5491407679999998e+01,qOut,4.5624999999999999e-01,1.5491407679999998e+01,3.9359125600043505e+00,1.8561849961402406e+00,1.5787096045608233e+00,4.5624999999999999e-01,1.3000000000000000e+00,0.0000000000000000e+00,3.1415926535897931e+00,7.7326424865096959e+00,8.2189507721188892e-01,-5.8785123532048580e+00,2.5555100688123584e+00,6.4389470979070840e-01,8.7501908308812326e+03,8.7501908308812326e+03,1.0000000000000000e+00,True,1,1,8.7665314484475623e-19,4.1547245774435445e-17,1.1475830611864040e-02,0.0000000000000000e+00,1.1475831279195782e-02,1.1475831279215129e-02,0.0000000000000000e+00,-1.7269421521777100e-33,1.5316372519239008e-11,1.5316816554238749e-11
unpolarized,pure_initial_state,user_frame_independent,s,1.6782358319999997e+01,qOut,4.5624999999999999e-01,1.6782358319999997e+01,4.0966276765163796e+00,1.9409274622587744e+00,1.6666115938939907e+00,4.5624999999999999e-01,1.3000000000000000e+00,0.0000000000000000e+00,3.1415926535897931e+00,8.4141461029729196e+00,8.2822509787604526e-01,-6.4856195433940966e+00,2.6249482319308473e+00,6.3884553916903963e-01,8.7886797304044449e+03,8.7886797304044449e+03,9.9999999999999989e-01,True,1,1,9.7330703681548227e-18,4.9303479084027900e-17,1.0363526614493751e-02,0.0000000000000000e+00,1.0363526909604012e-02,1.0363526909625437e-02,0.0000000000000000e+00,-2.5255657085806302e-33,6.1167661783096197e-12,6.1172102675194698e-12
unpolarized,pure_initial_state,user_frame_independent,s,1.8073308959999999e+01,qOut,4.5624999999999999e-01,1.8073308959999999e+01,4.2512714521658115e+00,2.0221556249061430e+00,1.7505354232832087e+00,4.5624999999999999e-01,1.3000000000000000e+00,0.0000000000000000e+00,3.1415926535897931e+00,9.0941970882746670e+00,8.3383833387101947e-01,-7.0943850599633258e+00,2.6920741157322250e+00,6.3433561701380814e-01,8.8244918683193355e+03,8.8244918683193355e+03,1.0000000000000000e+00,True,1,1,1.1054020544958876e-17,4.6588988160497385e-17,9.4421274577716086e-03,2.1073424255447017e-08,9.4421274577405831e-03,9.4421274577876149e-03,2.2975995498850901e-10,4.4408920985006271e-16,-5.8588930148401053e-16,3.0227556568895864e-16
unpolarized,pure_initial_state,user_frame_independent,s,1.9364259599999997e+01,qOut,4.5624999999999999e-01,1.9364259599999997e+01,4.4004840188324739e+00,2.1002707339571525e+00,1.8309810187574240e+00,4.5624999999999999e-01,1.3000000000000000e+00,0.0000000000000000e+00,3.1415926535897931e+00,9.7729518954439989e+00,8.3886520340861737e-01,-7.7046043303676077e+00,2.7570974721560724e+00,6.3027177162149894e-01,8.8579618456615190e+03,8.8579618456615190e+03,1.0000000000000002e+00,True,1,1,1.8165074617855255e-17,3.8484904332496683e-17,8.6668742603250616e-03,0.0000000000000000e+00,8.6668751249034011e-03,8.6668751248777810e-03,0.0000000000000000e+00,-1.8110577973536712e-33,1.4986384258130342e-11,1.4985940168920492e-11
unpolarized,pure_initial_state,user_frame_independent,s,2.0655210239999995e+01,qOut,4.5624999999999999e-01,2.0655210239999995e+01,4.5448003520506806e+00,2.1756034047873034e+00,1.9083511737992174e+00,4.5624999999999999e-01,1.3000000000000000e+00,0.0000000000000000e+00,3.1415926535897931e+00,1.0450541510368373e+01,8.4340477384789647e-01,-8.3161121541771479e+00,2.8201992860648333e+00,6.2658241804745507e-01,8.8893561812833250e+03,8.8893561812833250e+03,9.9999999999999978e-01,True,1,1,4.8905978492111108e-19,1.0228454058466104e-17,8.0059200602882498e-03,0.0000000000000000e+00,8.0059204168665497e-03,8.0059204169081518e-03,0.0000000000000000e+00,-1.0486045189937880e-34,5.7094748579563509e-12,5.7101409782185988e-12
unpolarized,pure_initial_state,user_frame_independent,s,2.1946160879999997e+01,qOut,4.5624999999999999e-01,2.1946160879999997e+01,4.6846729747123224e+00,2.2484298257012960e+00,1.9829761515836033e+00,4.5624999999999999e-01,1.3000000000000000e+00,0.0000000000000000e+00,3.1415926535897931e+00,1.1127076769227312e+01,8.4753386471416281e-01,-8.9287728167114029e+00,2.8815367495930380e+00,6.2321143243053478e-01,8.9188942798901371e+03,8.9188942798901371e+03,1.0000000000000000e+00,True,1,1,7.4213382935124730e-18,2.7618861596718695e-17,7.4359915080298980e-03,0.0000000000000000e+00,7.4359934806261744e-03,7.4359934806261744e-03,0.0000000000000000e+00,-8.1787777796545729e-34,2.9336422207497728e-11,2.9336422207497728e-11
unpolarized,pure_initial_state,user_frame_independent,s,2.3237111519999996e+01,qOut,4.5624999999999999e-01,2.3237111519999996e+01,4.8204887221110670e+00,2.3189834899363619e+00,2.0551307971104578e+00,4.5624999999999999e-01,1.3000000000000000e+00,0.0000000000000000e+00,3.1415926535897931e+00,1.1802652359746858e+01,8.5131311387709308e-01,-9.5424731791078514e+00,2.9412472589838616e+00,6.2011404597312458e-01,8.9467608613934644e+03,8.9467608613934644e+03,9.9999999999999989e-01,True,1,1,1.9357019468602379e-17,3.0651224609239628e-17,6.9397041488185500e-03,1.4901161193847656e-08,6.9397054987622711e-03,6.9397054987622711e-03,1.1940720193996471e-10,2.2204460492503131e-16,1.8736421905619048e-11,1.8736421905619048e-11
unpolarized,pure_initial_state,user_frame_independent,s,2.4528062159999998e+01,qOut,4.5624999999999999e-01,2.4528062159999998e+01,4.9525813632892497e+00,2.3874638724051245e+00,2.1250467748482542e+00,4.5624999999999999e-01,1.3000000000000000e+00,0.0000000000000000e+00,3.1415926535897931e+00,1.2477349874807423e+01,8.5479113501449111e-01,-1.0157117720712021e+01,2.9994516317721205e+00,6.1725401075966480e-01,8.9731139189239639e+03,8.9731139189239639e+03,9.9999999999999989e-01,True,1,1,1.2815394483794796e-17,3.6451800859485603e-17,6.5038065220005712e-03,2.5809568279517847e-08,6.5038067784719666e-03,6.5038067785231782e-03,1.9382854635229805e-10,6.6613381477509383e-16,3.3360807334941595e-12,3.3367468740851981e-12
unpolarized,pure_initial_state,user_frame_independent,s,2.5819012799999996e+01,qOut,4.5624999999999999e-01,2.5819012799999996e+01,5.0812412656751498e+00,2.4540429686412759e+00,2.1929215308402652e+00,4.5624999999999999e-01,1.3000000000000000e+00,0.0000000000000000e+00,3.1415926535897931e+00,1.3151240173804240e+01,8.5800743760291243e-01,-1.0772624900324599e+01,3.0562567082569743e+00,6.1460159338033826e-01,8.9980901587617573e+03,8.9980901587617573e+03,1.0000000000000000e+00,True,1,1,9.8436722607493957e-18,1.0717240514083456e-17,6.1180270325476701e-03,0.0000000000000000e+00,6.1180282633873529e-03,6.1180282634054999e-03,0.0000000000000000e+00,-2.1175712781375896e-34,1.5060622413358600e-11,1.5060844464739789e-11
unpolarized,pure_initial_state,user_frame_independent,s,1.5491407679999998e+01,qOut,6.1250000000000004e-01,1.5491407679999998e+01,3.9359125600043505e+00,1.8561849961402406e+00,1.4627142137467350e+00,6.1250000000000004e-01,1.3000000000000000e+00,0.0000000000000000e+00,3.1415926535897931e+00,8.0779557016737691e+00,7.9144750198568992e-01,-5.4679285796938544e+00,3.0084473959375164e+00,6.9852613458351531e-01,4.4532953163937236e+03,4.4532953163937236e+03,1.0000000000000000e+00,True,1,1,3.7138038728513777e-17,5.0214300344876056e-17,1.7693405692685175e-02,2.1073424255447017e-08,1.7693406326170794e-02,1.7693406326164521e-02,4.3054240257715035e-10,4.4408920985006271e-16,2.2417036488805303e-11,2.2416814498410487e-11
unpolarized,pure_initial_state,user_frame_independent,s,1.6782358319999997e+01,qOut,6.1250000000000004e-01,1.6782358319999997e+01,4.0966276765163796e+00,1.9409274622587744e+00,1.5532327316436296e+00,6.1250000000000004e-01,1.3000000000000000e+00,0.0000000000000000e+00,3.1415926535897931e+00,8.7722799075844122e+00,7.9784041102065495e-01,-6.0633072903855174e+00,3.1025949111256583e+00,6.9140203853688953e-01,4.4873107094134721e+03,4.4873107094134721e+03,1.0000000000000000e+00,True,1,1,1.3900280852775345e-18,1.9616071275847808e-17,1.5863577075677742e-02,1.4901161193847656e-08,1.5863577557263208e-02,1.5863577557249209e-02,2.7295472547768908e-10,2.2204460492503131e-16,1.5279336552497663e-11,1.5278892409077705e-11
unpolarized,pure_initial_state,user_frame_independent,s,1.8073308959999999e+01,qOut,6.1250000000000004e-01,1.8073308959999999e+01,4.2512714521658115e+00,2.0221556249061430e+00,1.6393515577931448e+00,6.1250000000000004e-01,1.3000000000000000e+00,0.0000000000000000e+00,3.1415926535897931e+00,9.4645637892817920e+00,8.0356190648378678e-01,-6.6607273666657454e+00,3.1935436063745279e+00,6.8504303367925201e-01,4.5184111766028400e+03,4.5184111766028400e+03,1.0000000000000000e+00,True,1,1,6.3799192741406533e-18,2.0015432068236606e-17,1.4364232549796111e-02,0.0000000000000000e+00,1.4364233243334202e-02,1.4364233243326474e-02,0.0000000000000000e+00,-4.4132089082274571e-34,1.9924285338994777e-11,1.9924063321494906e-11
unpolarized,pure_initial_state,user_frame_independent,s,1.9364259599999997e+01,qOut,6.1250000000000004e-01,1.9364259599999997e+01,4.4004840188324739e+00,2.1002707339571525e+00,1.7216687899838106e+00,6.1250000000000004e-01,1.3000000000000000e+00,0.0000000000000000e+00,3.1415926535897931e+00,1.0155037783977772e+01,8.0872920934122250e-01,-7.2599494684402668e+00,3.2815899536219844e+00,6.7931732381086252e-01,4.5470775026636347e+03,4.5470775026636347e+03,9.9999999999999989e-01,True,1,1,9.5849547988402271e-18,7.2319730211894199e-17,1.3114322803508908e-02,0.0000000000000000e+00,1.3114323549700799e-02,1.3114323549700799e-02,0.0000000000000000e+00,-5.3220147364169725e-33,1.9571603208532948e-11,1.9571603208532948e-11
unpolarized,pure_initial_state,user_frame_independent,s,2.0655210239999995e+01,qOut,6.1250000000000004e-01,2.0655210239999995e+01,4.5448003520506806e+00,2.1756034047873034e+00,1.8006566704830158e+00,6.1250000000000004e-01,1.3000000000000000e+00,0.0000000000000000e+00,3.1415926535897931e+00,1.0843892637163506e+01,8.1343201700266654e-01,-7.8607785604515277e+00,3.3669887580955016e+00,6.7412341361820505e-01,4.5736653180608027e+03,4.5736653180608027e+03,1.0000000000000000e+00,True,1,1,2.9809983226745214e-18,7.8021758522656835e-18,1.2057167361321683e-02,0.0000000000000000e+00,1.2057169098655797e-02,1.2057169098637381e-02,0.0000000000000000e+00,-6.9760299029466051e-35,4.1894659372513840e-11,4.1894215283303990e-11
unpolarized,pure_initial_state,user_frame_independent,s,2.1946160879999997e+01,qOut,6.1250000000000004e-01,2.1946160879999997e+01,4.6846729747123224e+00,2.2484298257012960e+00,1.8766960530645596e+00,6.1250000000000004e-01,1.3000000000000000e+00,0.0000000000000000e+00,3.1415926535897931e+00,1.1531288248625277e+01,8.1774038721729048e-01,-8.4630530961440780e+00,3.4499605845949484e+00,6.6938159686603116e-01,4.5984490770634975e+03,4.5984490770634975e+03,1.0000000000000000e+00,True,1,1,3.8615807027866549e-18,4.2128856370378278e-17,1.1151957609896197e-02,0.0000000000000000e+00,1.1151958610948733e-02,1.1151958610968644e-02,0.0000000000000000e+00,-1.7897523446000966e-33,2.2327391888468662e-11,2.2327835977678512e-11
unpolarized,pure_initial_state,user_frame_independent,s,2.3237111519999996e+01,qOut,6.1250000000000004e-01,2.3237111519999996e+01,4.8204887221110670e+00,2.3189834899363619e+00,1.9500995576598310e+00,6.1250000000000004e-01,1.3000000000000000e+00,0.0000000000000000e+00,3.1415926535897931e+00,1.2217360158631273e+01,8.2171001213775696e-01,-9.0666373943686907e+00,3.5306976615297367e+00,6.6502821987796379e-01,4.6216474688314192e+03,4.6216474688314192e+03,1.0000000000000000e+00,True,1,1,6.0558981079197307e-18,9.4688578237089765e-17,1.0368571801215171e-02,2.9802322387695312e-08,1.0368572556407643e-02,1.0368572556439765e-02,3.5681117516173014e-10,8.8817841970012523e-16,1.5660535327842624e-11,1.5661201448104872e-11
unpolarized,pure_initial_state,user_frame_independent,s,2.4528062159999998e+01,qOut,6.1250000000000004e-01,2.4528062159999998e+01,4.9525813632892497e+00,2.3874638724051245e+00,2.0211276565084084e+00,6.1250000000000004e-01,1.3000000000000000e+00,0.0000000000000000e+00,3.1415926535897931e+00,1.2902224394736132e+01,8.2538584802336168e-01,-9.6714161250070845e+00,3.6093685934909479e+00,6.6101170424195188e-01,4.6434390472718378e+03,4.6434390472718378e+03,1.0000000000000000e+00,True,1,1,7.1841653962705038e-18,5.3724595106102192e-17,9.6843060445949373e-03,0.0000000000000000e+00,9.6843072323528120e-03,9.6843072323528120e-03,0.0000000000000000e+00,-2.9379443517555900e-33,2.3005222943642267e-11,2.3005222943642267e-11
unpolarized,pure_initial_state,user_frame_independent,s,2.5819012799999996e+01,qOut,6.1250000000000004e-01,2.5819012799999996e+01,5.0812412656751498e+00,2.4540429686412759e+00,2.0900001699893842e+00,6.1250000000000004e-01,1.3000000000000000e+00,0.0000000000000000e+00,3.1415926535897931e+00,1.3585981155016288e+01,8.2880467577665418e-01,-1.0277290229388900e+01,3.6861221457473938e+00,6.5728972092941951e-01,4.6639723776057035e+03,4.6639723776057035e+03,1.0000000000000002e+00,True,1,1,3.9504108407435519e-18,4.5297710569064194e-17,9.0817314578157445e-03,0.0000000000000000e+00,9.0817322359683893e-03,9.0817322359439383e-03,0.0000000000000000e+00,-2.0674883286093740e-33,1.4133947308435195e-11,1.4133503192120291e-11
unpolarized,pure_initial_state,user_frame_independent,s,1.5491407679999998e+01,qOut,7.6875000000000004e-01,1.5491407679999998e+01,3.9359125600043505e+00,1.8561849961402406e+00,1.3320657149477801e+00,7.6875000000000004e-01,1.3000000000000000e+00,0.0000000000000000e+00,3.1415926535897931e+00,8.4594262389943307e+00,7.7154290734797371e-01,-5.0168330147045808e+00,3.3847156094194877e+00,7.5038497511539570e-01,2.6153020471631935e+03,2.6153020471631935e+03,1.0000000000000000e+00,True,1,1,1.7177657931720927e-17,4.7332489339954033e-17,2.5593600947390580e-02,0.0000000000000000e+00,2.5593601972947164e-02,2.5593601972960178e-02,0.0000000000000000e+00,-2.5354364791360772e-33,5.2495372957449271e-11,5.2496039199684263e-11
unpolarized,pure_initial_state,user_frame_independent,s,1.6782358319999997e+01,qOut,7.6875000000000004e-01,1.6782358319999997e+01,4.0966276765163796e+00,1.9409274622587744e+00,1.4265923860901997e+00,7.6875000000000004e-01,1.3000000000000000e+00,0.0000000000000000e+00,3.1415926535897931e+00,9.1661193906391265e+00,7.7737250369812916e-01,-5.6013383576857034e+00,3.5048792321882978e+00,7.4146480144955040e-01,2.6416719174910249e+03,2.6416719174910249e+03,1.0000000000000000e+00,True,1,1,1.6505858551944936e-18,4.1044474512961609e-17,2.2764218966125523e-02,0.0000000000000000e+00,2.2764219591315058e-02,2.2764219591315058e-02,0.0000000000000000e+00,-1.6873733217105232e-33,2.8463903326350626e-11,2.8463903326350626e-11
unpolarized,pure_initial_state,user_frame_independent,s,1.8073308959999999e+01,qOut,7.6875000000000004e-01,1.8073308959999999e+01,4.2512714521658115e+00,2.0221556249061430e+00,1.5160140892055953e+00,7.6875000000000004e-01,1.3000000000000000e+00,0.0000000000000000e+00,3.1415926535897931e+00,9.8702313447036278e+00,7.8265687981471699e-01,-6.1881559061430442e+00,3.6207984753715343e+00,7.3348716209412401e-01,2.6656591675441036e+03,2.6656591675441036e+03,9.9999999999999978e-01,True,1,1,1.6416995874994485e-17,4.8537390885071556e-17,2.0474923445334827e-02,0.0000000000000000e+00,2.0474925045856091e-02,2.0474925045861514e-02,0.0000000000000000e+00,-2.6253960674898131e-33,6.5541103306306775e-11,6.5541325350911700e-11
unpolarized,pure_initial_state,user_frame_independent,s,1.9364259599999997e+01,qOut,7.6875000000000004e-01,1.9364259599999997e+01,4.4004840188324739e+00,2.1002707339571525e+00,1.6011072293947377e+00,7.6875000000000004e-01,1.3000000000000000e+00,0.0000000000000000e+00,3.1415926535897931e+00,1.0572059111613040e+01,7.8748451987962687e-01,-6.7770333672158616e+00,3.7328857566923581e+00,7.2629295720365650e-01,2.6877218466753557e+03,2.6877218466753557e+03,1.0000000000000002e+00,True,1,1,1.3010141701752733e-17,5.4756723667932304e-17,1.8586235766014727e-02,0.0000000000000000e+00,1.8586236856964769e-02,1.8586236856964769e-02,0.0000000000000000e+00,-3.1675625739459834e-33,4.0553310601092185e-11,4.0553310601092185e-11
unpolarized,pure_initial_state,user_frame_independent,s,2.0655210239999995e+01,qOut,7.6875000000000004e-01,2.0655210239999995e+01,4.5448003520506806e+00,2.1756034047873034e+00,1.6824660003568566e+00,7.6875000000000004e-01,1.3000000000000000e+00,0.0000000000000000e+00,3.1415926535897931e+00,1.1271847301821557e+01,7.9192405405540145e-01,-7.3677622732302259e+00,3.8414919987682139e+00,7.1975887211633138e-01,2.7081741540782232e+03,2.7081741540782232e+03,9.9999999999999989e-01,True,1,1,1.9342555050706952e-17,1.5959050820359529e-17,1.7002779996443174e-02,0.0000000000000000e+00,1.7002780375243179e-02,1.7002780375249708e-02,0.0000000000000000e+00,-6.2882573897644716e-34,1.2881306427330735e-11,1.2881528471935660e-11
unpolarized,pure_initial_state,user_frame_independent,s,2.1946160879999997e+01,qOut,7.6875000000000004e-01,2.1946160879999997e+01,4.6846729747123224e+00,2.2484298257012960e+00,1.7605576707013990e+00,7.6875000000000004e-01,1.3000000000000000e+00,0.0000000000000000e+00,3.1415926535897931e+00,1.1969800130487743e+01,7.9602978990266915e-01,-7.9601678302798256e+00,3.9469184718450308e+00,7.1378754473253614e-01,2.7272454221933958e+03,2.7272454221933958e+03,9.9999999999999978e-01,True,1,1,9.1032861514739116e-18,7.3762033424932280e-17,1.5657113088929874e-02,0.0000000000000000e+00,1.5657113431995297e-02,1.5657113432009481e-02,0.0000000000000000e+00,-5.5237073937364438e-33,1.0742828393354997e-11,1.0743272482564847e-11
unpolarized,pure_initial_state,user_frame_independent,s,2.3237111519999996e+01,qOut,7.6875000000000004e-01,2.3237111519999996e+01,4.8204887221110670e+00,2.3189834899363619e+00,1.8357579142841476e+00,7.6875000000000004e-01,1.3000000000000000e+00,0.0000000000000000e+00,3.1415926535897931e+00,1.2666090121257273e+01,7.9984544253293877e-01,-8.5541016413125206e+00,4.0494259320165238e+00,7.0830087080667559e-01,2.7451112752150998e+03,2.7451112752150998e+03,1.0000000000000000e+00,True,1,1,9.6989221254462621e-18,8.1804585547525274e-17,1.4500198856134339e-02,0.0000000000000000e+00,1.4500200253842258e-02,1.4500200253842258e-02,0.0000000000000000e+00,-6.7860593069978526e-33,4.0534087479733583e-11,4.0534087479733583e-11
unpolarized,pure_initial_state,user_frame_independent,s,2.4528062159999998e+01,qOut,7.6875000000000004e-01,2.4528062159999998e+01,4.9525813632892497e+00,2.3874638724051245e+00,1.9083743600159946e+00,7.6875000000000004e-01,1.3000000000000000e+00,0.0000000000000000e+00,3.1415926535897931e+00,1.3360864550103765e+01,8.0340672382648126e-01,-9.1494363585319078e+00,4.1492417490071745e+00,7.0323532143492951e-01,2.7619112277330814e+03,2.7619112277330814e+03,9.9999999999999978e-01,True,1,1,8.8233831357541189e-18,6.1175486851613345e-17,1.3495539950697048e-02,0.0000000000000000e+00,1.3495540656210989e-02,1.3495540656202761e-02,0.0000000000000000e+00,-3.8202922814922274e-33,1.9042583644917482e-11,1.9042361546102449e-11
unpolarized,pure_initial_state,user_frame_independent,s,2.5819012799999996e+01,qOut,7.6875000000000004e-01,2.5819012799999996e+01,5.0812412656751498e+00,2.4540429686412759e+00,1.9786628460238329e+00,7.6875000000000004e-01,1.3000000000000000e+00,0.0000000000000000e+00,3.1415926535897931e+00,1.4054250304649798e+01,8.0674318526940758e-01,-9.7460616690216550e+00,4.2465655253836445e+00,6.9853859083039860e-01,2.7777592429306060e+03,2.7777592429306060e+03,1.0000000000000000e+00,True,1,1,1.1550580672967202e-17,1.4856005337172957e-17,1.2615412956027553e-02,2.1073424255447017e-08,1.2615412956017969e-02,1.2615412956026769e-02,3.0697707965411032e-10,4.4408920985006271e-16,-2.4180418951857963e-16,-1.9759584593548318e-17
unpolarized,pure_initial_state,user_frame_independent,s,1.5491407679999998e+01,qOut,9.2500000000000004e-01,1.5491407679999998e+01,3.9359125600043505e+00,1.8561849961402406e+00,1.1826581443681112e+00,9.2500000000000004e-01,1.3000000000000000e+00,0.0000000000000000e+00,3.1415926535897931e+00,8.8826832040686483e+00,7.6081520445598338e-01,-4.5189186327444020e+00,3.6723785781786979e+00,7.9903958521757257e-01,1.6900951924083759e+03,1.6900951924083759e+03,9.9999999999999967e-01,True,1,1,3.1078872937476396e-17,5.9414985963749929e-17,3.5677886367864634e-02,0.0000000000000000e+00,3.5677887231991043e-02,3.5677887231991043e-02,0.0000000000000000e+00,-4.4960369001364035e-33,6.1660408549879531e-11,6.1660408549879531e-11
unpolarized,pure_initial_state,user_frame_independent,s,1.6782358319999997e+01,qOut,9.2500000000000004e-01,1.6782358319999997e+01,4.0966276765163796e+00,1.9409274622587744e+00,1.2833883306609357e+00,9.2500000000000004e-01,1.3000000000000000e+00,0.0000000000000000e+00,3.1415926535897931e+00,9.6009416648592740e+00,7.6551784846354054e-01,-5.0938516952248305e+00,3.8206630323330661e+00,7.8866526668798786e-01,1.7096363212257902e+03,1.7096363212257902e+03,9.9999999999999978e-01,True,1,1,2.1463042469094820e-17,1.0262445829646402e-16,3.1435781065406468e-02,0.0000000000000000e+00,3.1435782322138263e-02,3.1435782322141795e-02,0.0000000000000000e+00,-1.0992441632672851e-32,7.9012692656005301e-11,7.9012914700610226e-11
unpolarized,pure_initial_state,user_frame_independent,s,1.8073308959999999e+01,qOut,9.2500000000000004e-01,1.8073308959999999e+01,4.2512714521658115e+00,2.0221556249061430e+00,1.3777877910150782e+00,9.2500000000000004e-01,1.3000000000000000e+00,0.0000000000000000e+00,3.1415926535897931e+00,1.0316174476455814e+01,7.6988039339591818e-01,-5.6711868119501636e+00,3.9633801343723105e+00,7.7934905163107515e-01,1.7272558665876904e+03,1.7272558665876904e+03,9.9999999999999978e-01,True,1,1,5.9940890548725661e-17,7.8104930051007230e-17,2.8059100188717823e-02,0.0000000000000000e+00,2.8059100188708243e-02,2.8059100188716157e-02,0.0000000000000000e+00,-9.6932904580470421e-33,-5.3754743711831310e-16,-9.3458227268250482e-17
unpolarized,pure_initial_state,user_frame_independent,s,1.9364259599999997e+01,qOut,9.2500000000000004e-01,1.9364259599999997e+01,4.4004840188324739e+00,2.1002707339571525e+00,1.4669781632248080e+00,9.2500000000000004e-01,1.3000000000000000e+00,0.0000000000000000e+00,3.1415926535897931e+00,1.1028727736324281e+01,7.7394600483466591e-01,-6.2506956070773132e+00,4.1011126037696153e+00,7.7091949502011292e-01,1.7434415575637586e+03,1.7434415575637586e+03,9.9999999999999978e-01,True,1,1,8.0194375710885210e-18,2.6772669574354332e-17,2.5308815878478337e-02,2.5809568279517847e-08,2.5308817011165965e-02,2.5308817011152805e-02,7.5426152396775264e-10,6.6613381477509383e-16,5.7333966459009733e-11,5.7333300433615175e-11
unpolarized,pure_initial_state,user_frame_independent,s,2.0655210239999995e+01,qOut,9.2500000000000004e-01,2.0655210239999995e+01,4.5448003520506806e+00,2.1756034047873034e+00,1.5517781215577959e+00,9.2500000000000004e-01,1.3000000000000000e+00,0.0000000000000000e+00,3.1415926535897931e+00,1.1738886527272506e+01,7.7775012394699050e-01,-6.8321835309652235e+00,4.2343482236013568e+00,7.6324203393736323e-01,1.7584830195835257e+03,1.7584830195835257e+03,1.0000000000000000e+00,True,1,1,3.4979840287072259e-17,3.8197548636014808e-17,2.3026889886837064e-02,1.4901161193847656e-08,2.3026890284124760e-02,2.3026890284139224e-02,3.9620939794305678e-10,2.2204460492503131e-16,1.8296600237492633e-11,1.8297266371307408e-11
unpolarized,pure_initial_state,user_frame_independent,s,2.1946160879999997e+01,qOut,9.2500000000000004e-01,2.1946160879999997e+01,4.6846729747123224e+00,2.2484298257012960e+00,1.6328077331208772e+00,9.2500000000000004e-01,1.3000000000000000e+00,0.0000000000000000e+00,3.1415926535897931e+00,1.2446888934022974e+01,7.8132222514628769e-01,-7.4154832785151372e+00,4.3635001515113956e+00,7.5620931633562216e-01,1.7725678214574896e+03,1.7725678214574896e+03,1.0000000000000000e+00,True,1,1,2.4464743440874445e-17,8.6595071072790747e-17,2.1104396986907744e-02,1.4901161193847656e-08,2.1104398340272605e-02,2.1104398340267345e-02,3.6313027330751547e-10,2.2204460492503131e-16,5.7123900390736865e-11,5.7123678400342048e-11
unpolarized,pure_initial_state,user_frame_independent,s,2.3237111519999996e+01,qOut,9.2500000000000004e-01,2.3237111519999996e+01,4.8204887221110670e+00,2.3189834899363619e+00,1.7105505720063889e+00,9.2500000000000004e-01,1.3000000000000000e+00,0.0000000000000000e+00,3.1415926535897931e+00,1.3152936185606775e+01,7.8468709448134766e-01,-8.0004497577083349e+00,4.4889219702401872e+00,7.4973447183795072e-01,1.7858270143810664e+03,1.7858270143810664e+03,9.9999999999999989e-01,True,1,1,2.2868978883934303e-17,2.6739250789675309e-17,1.9463735261850475e-02,2.5809568279517847e-08,1.9463736000351020e-02,1.9463736000362428e-02,5.8006453518896631e-10,6.6613381477509383e-16,2.8747958766110748e-11,2.8748402855320598e-11
unpolarized,pure_initial_state,user_frame_independent,s,2.4528062159999998e+01,qOut,9.2500000000000004e-01,2.4528062159999998e+01,4.9525813632892497e+00,2.3874638724051245e+00,1.7853927997451962e+00,9.2500000000000004e-01,1.3000000000000000e+00,0.0000000000000000e+00,3.1415926535897931e+00,1.3857200153922323e+01,7.8786577947772585e-01,-8.5869561869038744e+00,4.6109190509079028e+00,7.4374631889095455e-01,1.7983581438575611e+03,1.7983581438575611e+03,1.0000000000000000e+00,True,1,1,5.6442925353150724e-18,2.9006526974087886e-17,1.8048076301887567e-02,0.0000000000000000e+00,1.8048077994495745e-02,1.8048077994489594e-02,0.0000000000000000e+00,-8.7323664532270171e-34,6.1096645971592256e-11,6.1096423926987331e-11
unpolarized,pure_initial_state,user_frame_independent,s,2.5819012799999996e+01,qOut,9.2500000000000004e-01,2.5819012799999996e+01,5.0812412656751498e+00,2.4540429686412759e+00,1.8576488778874476e+00,9.2500000000000004e-01,1.3000000000000000e+00,0.0000000000000000e+00,3.1415926535897931e+00,1.4559829003033167e+01,7.9087630792979280e-01,-9.1748910277007845e+00,4.7297572753076125e+00,7.3818588045086653e-01,1.8102375679409888e+03,1.8102375679409888e+03,9.9999999999999978e-01,True,1,1,1.0660824429009522e-17,3.4956854853265885e-17,1.6814848383750993e-02,0.0000000000000000e+00,1.6814848614337005e-02,1.6814848614343608e-02,0.0000000000000000e+00,-1.3356348787384650e-33,7.7545377345951405e-12,7.7547597792000655e-12
unpolarized,pure_initial_state,user_frame_independent,s,1.5491407679999998e+01,qOut,1.0812500000000000e+00,1.5491407679999998e+01,3.9359125600043505e+00,1.8561849961402406e+00,1.0076550243527989e+00,1.0812500000000000e+00,1.3000000000000000e+00,0.0000000000000000e+00,3.1415926535897931e+00,9.3545881392329662e+00,7.5858482380149372e-01,-3.9664975477699302e+00,3.8568868738346946e+00,8.4396381408150978e-01,1.1734673724118188e+03,1.1734673724118188e+03,1.0000000000000000e+00,True,1,1,4.7332939036949884e-17,1.4852326420352876e-16,4.8781772301139434e-02,0.0000000000000000e+00,4.8781772381754497e-02,4.8781772381759049e-02,0.0000000000000000e+00,-2.4299567127546821e-32,7.8650913906685993e-12,7.8655354798784494e-12
unpolarized,pure_initial_state,user_frame_independent,s,1.6782358319999997e+01,qOut,1.0812500000000000e+00,1.6782358319999997e+01,4.0966276765163796e+00,1.9409274622587744e+00,1.1184602683181741e+00,1.0812500000000000e+00,1.3000000000000000e+00,0.0000000000000000e+00,3.1415926535897931e+00,1.0083117634803971e+01,7.6157782371751570e-01,-4.5337714279105912e+00,4.0364995318894925e+00,8.3255848102223073e-01,1.1878946620461343e+03,1.1878946620461343e+03,1.0000000000000000e+00,True,1,1,3.3517449151054571e-17,1.3324820854665106e-16,4.2445021944696140e-02,0.0000000000000000e+00,4.2445022146115043e-02,4.2445022146112427e-02,0.0000000000000000e+00,-1.8878504478485343e-32,1.7098459583961279e-11,1.7098237322515919e-11
unpolarized,pure_initial_state,user_frame_independent,s,1.8073308959999999e+01,qOut,1.0812500000000000e+00,1.8073308959999999e+01,4.2512714521658115e+00,2.0221556249061430e+00,1.2206013935507534e+00,1.0812500000000000e+00,1.3000000000000000e+00,0.0000000000000000e+00,3.1415926535897931e+00,1.0808348720393452e+01,7.6452855837580014e-01,-5.1032550210171701e+00,4.2087679844420718e+00,8.2224686750026243e-01,1.2004060035823545e+03,1.2004060035823545e+03,1.0000000000000000e+00,True,1,1,2.3740425622984345e-17,1.9264162012521968e-17,3.7525196560061272e-02,0.0000000000000000e+00,3.7525197176807593e-02,3.7525197176804630e-02,0.0000000000000000e+00,-9.3471574680514612e-34,4.6287054267582506e-11,4.6286831789296712e-11
unpolarized,pure_initial_state,user_frame_independent,s,1.9364259599999997e+01,qOut,1.0812500000000000e+00,1.9364259599999997e+01,4.4004840188324739e+00,2.1002707339571525e+00,1.3159614119354948e+00,1.0812500000000000e+00,1.3000000000000000e+00,0.0000000000000000e+00,3.1415926535897931e+00,1.1530642742235631e+01,7.6741319948943465e-01,-5.6748040796810351e+00,4.3745393023888894e+00,8.1286519248271638e-01,1.2117446888252045e+03,1.2117446888252045e+03,1.0000000000000000e+00,True,1,1,2.4713158652879217e-17,7.5220760127573468e-17,3.3590260659130275e-02,0.0000000000000000e+00,3.3590260952044461e-02,3.3590260952031235e-02,0.0000000000000000e+00,-6.2689029647723260e-33,1.9678127616967744e-11,1.9677239221707610e-11
unpolarized,pure_initial_state,user_frame_independent,s,2.0655210239999995e+01,qOut,1.0812500000000000e+00,2.0655210239999995e+01,4.5448003520506806e+00,2.1756034047873034e+00,1.4058151221497455e+00,1.0812500000000000e+00,1.3000000000000000e+00,0.0000000000000000e+00,3.1415926535897931e+00,1.2250299940054999e+01,7.7021868018001627e-01,-6.2482820158363426e+00,4.5345074882428520e+00,8.0428161153984568e-01,1.2222756346258079e+03,1.2222756346258079e+03,1.0000000000000000e+00,True,1,1,2.0107921370047592e-17,1.3211259416612626e-16,3.0370511453975575e-02,0.0000000000000000e+00,3.0370511592868923e-02,3.0370511592865267e-02,0.0000000000000000e+00,-1.7858066039127598e-32,8.4365240488049054e-12,8.4363018957797631e-12
unpolarized,pure_initial_state,user_frame_independent,s,2.1946160879999997e+01,qOut,1.0812500000000000e+00,2.1946160879999997e+01,4.6846729747123224e+00,2.2484298257012960e+00,1.4910742573534139e+00,1.0812500000000000e+00,1.3000000000000000e+00,0.0000000000000000e+00,3.1415926535897931e+00,1.2967572924401388e+01,7.7293850400411646e-01,-6.8235619955569948e+00,4.6892499131444296e+00,7.9638880080996044e-01,1.2321921202387903e+03,1.2321921202387903e+03,1.0000000000000002e+00,True,1,1,6.4103657835804199e-17,5.6912437948958677e-17,2.7687689700185789e-02,0.0000000000000000e+00,2.7687690344006363e-02,2.7687690344006363e-02,0.0000000000000000e+00,-7.3483045412239334e-33,3.5651808978978683e-11,3.5651808978978683e-11
unpolarized,pure_initial_state,user_frame_independent,s,2.3237111519999996e+01,qOut,1.0812500000000000e+00,2.3237111519999996e+01,4.8204887221110670e+00,2.3189834899363619e+00,1.5724184600512077e+00,1.0812500000000000e+00,1.3000000000000000e+00,0.0000000000000000e+00,3.1415926535897931e+00,1.3682676576349337e+01,7.7557023107485701e-01,-7.4005274360616822e+00,4.8392532440239080e+00,7.8909848015153383e-01,1.2416047746412105e+03,1.2416047746412105e+03,1.0000000000000000e+00,True,1,1,7.0453064341539617e-18,6.4283775613843859e-17,2.5418727418549603e-02,0.0000000000000000e+00,2.5418727910531593e-02,2.5418727910518489e-02,0.0000000000000000e+00,-4.1820401499221576e-33,2.5011112430271820e-11,2.5010446188036828e-11
unpolarized,pure_initial_state,user_frame_independent,s,2.4528062159999998e+01,qOut,1.0812500000000000e+00,2.4528062159999998e+01,4.9525813632892497e+00,2.3874638724051245e+00,1.6503710307641957e+00,1.0812500000000000e+00,1.3000000000000000e+00,0.0000000000000000e+00,3.1415926535897931e+00,1.4395795460648310e+01,7.7811393231949200e-01,-7.9790717248264142e+00,4.9849323594571340e+00,7.8233732854337978e-01,1.2505823385713670e+03,1.2505823385713670e+03,1.0000000000000000e+00,True,1,1,1.1042028049349510e-17,5.9834863445170504e-17,2.3475680328850605e-02,0.0000000000000000e+00,2.3475680758036271e-02,2.3475680758041000e-02,0.0000000000000000e+00,-3.7021372669448231e-33,2.0150851256714453e-11,2.0151073301319378e-11
unpolarized,pure_initial_state,user_frame_independent,s,2.5819012799999996e+01,qOut,1.0812500000000000e+00,2.5819012799999996e+01,5.0812412656751498e+00,2.4540429686412759e+00,1.7253455012265762e+00,1.0812500000000000e+00,1.3000000000000000e+00,0.0000000000000000e+00,3.1415926535897931e+00,1.5107089472449843e+01,7.8057122018688319e-01,-8.5590975825856859e+00,5.1266444504106561e+00,7.7604390419220792e-01,1.2591712951118725e+03,1.2591712951118725e+03,1.0000000000000000e+00,True,1,1,8.9609621548956864e-18,3.8897183997333701e-17,2.1793922914438775e-02,2.5809568279517847e-08,2.1793923271698525e-02,2.1793923271693428e-02,6.4950952739036298e-10,6.6613381477509383e-16,1.5572183028732950e-11,1.5571960875707808e-11
unpolarized,pure_initial_state,user_frame_independent,s,1.5491407679999998e+01,qOut,1.2375000000000000e+00,1.5491407679999998e+01,3.9359125600043505e+00,1.8561849961402406e+00,7.9328957693511026e-01,1.2375000000000000e+00,1.3000000000000000e+00,0.0000000000000000e+00,3.1415926535897931e+00,9.8835918411940042e+00,7.6474304165555951e-01,-3.3501012235674184e+00,3.9203211634711952e+00,8.8450964508031349e-01,8.6200721177212290e+02,8.6200721177212290e+02,1.0000000000000002e+00,True,1,1,2.0069290459403866e-17,5.4418452913304178e-17,6.6678889997917726e-02,0.0000000000000000e+00,6.6678890409164554e-02,6.6678890409164554e-02,0.0000000000000000e+00,-3.3641444370214228e-33,5.4842963503887177e-11,5.4842963503887177e-11
unpolarized,pure_initial_state,user_frame_independent,s,1.6782358319999997e+01,qOut,1.2375000000000000e+00,1.6782358319999997e+01,4.0966276765163796e+00,1.9409274622587744e+00,9.2250253770573365e-01,1.2375000000000000e+00,1.3000000000000000e+00,0.0000000000000000e+00,3.1415926535897931e+00,1.0620410872921164e+01,7.6534845030729748e-01,-3.9124749074805116e+00,4.1360025101577822e+00,8.7260222527370468e-01,8.7426261286658416e+02,8.7426261286658416e+02,9.9999999999999956e-01,True,1,1,3.3091774522537370e-17,3.7713760134759760e-17,5.6849158391630669e-02,0.0000000000000000e+00,5.6849159000696911e-02,5.6849159000693011e-02,0.0000000000000000e+00,-2.5173932445526479e-33,6.9249806843724171e-11,6.9249363621876059e-11
unpolarized,pure_initial_state,user_frame_independent,s,1.8073308959999999e+01,qOut,1.2375000000000000e+00,1.8073308959999999e+01,4.2512714521658115e+00,2.0221556249061430e+00,1.0376726523813047e+00,1.2375000000000000e+00,1.3000000000000000e+00,0.0000000000000000e+00,3.1415926535897931e+00,1.1353944679440483e+01,7.6633277490206508e-01,-4.4764339986016806e+00,4.3418448879293603e+00,8.6171958949744143e-01,8.8332745434452556e+02,8.8332745434452556e+02,1.0000000000000000e+00,True,1,1,8.4893189292623055e-17,9.5128662007569578e-17,4.9562144591039047e-02,0.0000000000000000e+00,4.9562145220488484e-02,4.9562145220492966e-02,0.0000000000000000e+00,-1.6256315923623542e-32,6.2393728204879206e-11,6.2394172727769925e-11
unpolarized,pure_initial_state,user_frame_independent,s,1.9364259599999997e+01,qOut,1.2375000000000000e+00,1.9364259599999997e+01,4.4004840188324739e+00,2.1002707339571525e+00,1.1428475161499776e+00,1.2375000000000000e+00,1.3000000000000000e+00,0.0000000000000000e+00,3.1415926535897931e+00,1.2084509582505412e+01,7.6757347405014142e-01,-5.0420149830114287e+00,4.5391165973826801e+00,8.5173275263774595e-01,8.9092010063597945e+02,8.9092010063597945e+02,1.0000000000000000e+00,True,1,1,3.8323203935019845e-17,1.9789860925276568e-16,4.3910529802012675e-02,0.0000000000000000e+00,4.3910530223238438e-02,4.3910530223240971e-02,0.0000000000000000e+00,-4.0632527504023958e-32,3.6992493053153441e-11,3.6992715531439235e-11
unpolarized,pure_initial_state,user_frame_independent,s,2.0655210239999995e+01,qOut,1.2375000000000000e+00,2.0655210239999995e+01,4.5448003520506806e+00,2.1756034047873034e+00,1.2404179726469606e+00,1.2375000000000000e+00,1.3000000000000000e+00,0.0000000000000000e+00,3.1415926535897931e+00,1.2812376778551149e+01,7.6898724675262897e-01,-5.6092088488892671e+00,4.7288316753546651e+00,8.4253127106210379e-01,8.9777057018551091e+02,8.9777057018551091e+02,9.9999999999999989e-01,True,1,1,3.7498983914415533e-17,1.4158409372631122e-16,3.9385714231769307e-02,0.0000000000000000e+00,3.9385714570172141e-02,3.9385714570172141e-02,0.0000000000000000e+00,-2.1452229390914475e-32,2.6656474553729548e-11,2.6656474553729548e-11
unpolarized,pure_initial_state,user_frame_independent,s,2.1946160879999997e+01,qOut,1.2375000000000000e+00,2.1946160879999997e+01,4.6846729747123224e+00,2.2484298257012960e+00,1.3319372285381950e+00,1.2375000000000000e+00,1.3000000000000000e+00,0.0000000000000000e+00,3.1415926535897931e+00,1.3537780218369468e+01,7.7051627059149097e-01,-6.1779806838504623e+00,4.9118163424390406e+00,8.3402108972778877e-01,9.0420475987929194e+02,9.0420475987929194e+02,1.0000000000000000e+00,True,1,1,4.3384071111509680e-18,8.8996820313308543e-17,3.5675940654927123e-02,1.4901161193847656e-08,3.5675940936172254e-02,3.5675940936166030e-02,6.1385375597118333e-10,2.2204460492503131e-16,2.0067369207316110e-11,2.0066925118106260e-11
unpolarized,pure_initial_state,user_frame_independent,s,2.3237111519999996e+01,qOut,1.2375000000000000e+00,2.3237111519999996e+01,4.8204887221110670e+00,2.3189834899363619e+00,1.4184830518871481e+00,1.2375000000000000e+00,1.3000000000000000e+00,0.0000000000000000e+00,3.1415926535897931e+00,1.4260923009584898e+01,7.7211973226713815e-01,-6.7482812752842083e+00,5.0887546361778293e+00,8.2612213810298118e-01,9.1037239705391551e+02,9.1037239705391551e+02,9.9999999999999978e-01,True,1,1,4.6401589393833546e-17,7.2961524905144101e-17,3.2577403332190599e-02,0.0000000000000000e+00,3.2577403488832438e-02,3.2577403488839252e-02,0.0000000000000000e+00,-7.4764916147578883e-33,1.0205968665674692e-11,1.0206412538044107e-11
unpolarized,pure_initial_state,user_frame_independent,s,2.4528062159999998e+01,qOut,1.2375000000000000e+00,2.4528062159999998e+01,4.9525813632892497e+00,2.3874638724051245e+00,1.5008404516571705e+00,1.2375000000000000e+00,1.3000000000000000e+00,0.0000000000000000e+00,3.1415926535897931e+00,1.4981982583852012e+01,7.7376844319789939e-01,-7.3200540907349474e+00,5.2602206795125390e+00,8.1876609613299289e-01,9.1634307315322962e+02,9.1634307315322962e+02,9.9999999999999978e-01,True,1,1,2.4918722350186364e-17,2.8693104083760497e-17,2.9950271062299590e-02,0.0000000000000000e+00,2.9950271107227137e-02,2.9950271107227137e-02,0.0000000000000000e+00,-1.4442369455271909e-33,2.6911844063989832e-12,2.6911844063989832e-12
unpolarized,pure_initial_state,user_frame_independent,s,2.5819012799999996e+01,qOut,1.2375000000000000e+00,2.5819012799999996e+01,5.0812412656751498e+00,2.4540429686412759e+00,1.5796028702084461e+00,1.2375000000000000e+00,1.3000000000000000e+00,0.0000000000000000e+00,3.1415926535897931e+00,1.5701114867259808e+01,7.7544131993961052e-01,-7.8932395159698912e+00,5.4267020786267679e+00,8.1189445840258223e-01,9.2214905179097661e+02,9.2214905179097661e+02,1.0000000000000000e+00,True,1,1,3.0422661057349645e-17,1.7690181228173093e-16,2.7694935817096505e-02,0.0000000000000000e+00,2.7694936295464608e-02,2.7694936295444565e-02,0.0000000000000000e+00,-3.2219789494371147e-32,2.6496747938115073e-11,2.6495637823510665e-11
unpolarized,pure_initial_state,user_frame_independent,s,1.5491407679999998e+01,qOut,1.3937500000000000e+00,1.5491407679999998e+01,3.9359125600043505e+00,1.8561849961402406e+00,4.9813947415992171e-01,1.3937500000000000e+00,1.3000000000000000e+00,0.0000000000000000e+00,3.1415926535897931e+00,1.0480222766067119e+01,7.7973581771722689e-01,-2.6579332495374404e+00,3.8403565803599156e+00,9.1986974431931812e-01,6.5467279252632989e+02,6.5467279252632989e+02,1.0000000000000000e+00,True,1,1,1.9178070392827182e-16,7.9338131453229812e-17,9.4681911925938750e-02,0.0000000000000000e+00,9.4681914340705400e-02,9.4681914340700710e-02,0.0000000000000000e+00,-4.3074377501713429e-32,4.5726945147039899e-10,4.5726856329197929e-10
unpolarized,pure_initial_state,user_frame_independent,s,1.6782358319999997e+01,qOut,1.3937500000000000e+00,1.6782358319999997e+01,4.0966276765163796e+00,1.9409274622587744e+00,6.7367752112574220e-01,1.3937500000000000e+00,1.3000000000000000e+00,0.0000000000000000e+00,3.1415926535897931e+00,1.1222380161568578e+01,7.7709065139300992e-01,-3.2193456273472560e+00,4.0989966781990557e+00,9.0812890019567949e-01,6.7304681707565521e+02,6.7304681707565521e+02,1.0000000000000002e+00,True,1,1,4.6521639882775691e-17,6.4237211580621657e-17,7.7252044283498425e-02,0.0000000000000000e+00,7.7252045157589183e-02,7.7252045157584867e-02,0.0000000000000000e+00,-6.2906823290362191e-33,1.3505059657387131e-10,1.3504992957269479e-10
unpolarized,pure_initial_state,user_frame_independent,s,1.8073308959999999e+01,qOut,1.3937500000000000e+00,1.8073308959999999e+01,4.2512714521658115e+00,2.0221556249061430e+00,8.1531709575196998e-01,1.3937500000000000e+00,1.3000000000000000e+00,0.0000000000000000e+00,3.1415926535897931e+00,1.1961725692522926e+01,7.7542280670980712e-01,-3.7810635102307355e+00,4.3441872714242011e+00,8.9720536260930173e-01,6.8218163531957316e+02,6.8218163531957316e+02,1.0000000000000002e+00,True,1,1,7.9965277337243076e-17,2.1338924497958215e-16,6.5636712067096523e-02,0.0000000000000000e+00,6.5636712273292194e-02,6.5636712273292194e-02,0.0000000000000000e+00,-5.1929415452578330e-32,2.7068011894393340e-11,2.7068011894393340e-11
unpolarized,pure_initial_state,user_frame_independent,s,1.9364259599999997e+01,qOut,1.3937500000000000e+00,1.9364259599999997e+01,4.4004840188324739e+00,2.1002707339571525e+00,9.3816336410222778e-01,1.3937500000000000e+00,1.3000000000000000e+00,0.0000000000000000e+00,3.1415926535897931e+00,1.2698427550993587e+01,7.7446160824276034e-01,-4.3434579828776476e+00,4.5778748606842905e+00,8.8704229370810517e-01,6.8775564265744765e+02,6.8775564265744765e+02,1.0000000000000000e+00,True,1,1,6.5236170651880288e-17,1.8833142721132886e-16,5.7180858916818240e-02,1.4901161193847656e-08,5.7180860594084476e-02,5.7180860594088362e-02,9.8387555052306823e-10,2.2204460492503128e-16,1.9181505082205286e-10,1.9181549534494358e-10
unpolarized,pure_initial_state,user_frame_independent,s,2.0655210239999995e+01,qOut,1.3937500000000000e+00,2.0655210239999995e+01,4.5448003520506806e+00,2.1756034047873034e+00,1.0485812405024570e+00,1.3937500000000000e+00,1.3000000000000000e+00,0.0000000000000000e+00,3.1415926535897931e+00,1.3432653729946704e+01,7.7402066227744659e-01,-4.9067566995857588e+00,4.8015767672083154e+00,8.7757598451208385e-01,6.9190827946212005e+02,6.9190827946212005e+02,1.0000000000000000e+00,True,1,1,7.9241251622621620e-17,1.1839621065496119e-16,5.0681672922876141e-02,0.0000000000000000e+00,5.0681672922873580e-02,5.0681672922873580e-02,0.0000000000000000e+00,-2.0296838656173578e-32,-2.5934115965853266e-16,-2.5934115965853266e-16
unpolarized,pure_initial_state,user_frame_independent,s,2.1946160879999997e+01,qOut,1.3937500000000000e+00,2.1946160879999997e+01,4.6846729747123224e+00,2.2484298257012960e+00,1.1499655763005365e+00,1.3937500000000000e+00,1.3000000000000000e+00,0.0000000000000000e+00,3.1415926535897931e+00,1.4164564778824598e+01,7.7396820560346102e-01,-5.4710961567687253e+00,5.0165022898678941e+00,8.6874336757306492e-01,6.9550644957692623e+02,6.9550644957692623e+02,1.0000000000000000e+00,True,1,1,6.9596094109492090e-18,1.4355356477184613e-16,4.5500285334521287e-02,0.0000000000000000e+00,4.5500286184637355e-02,4.5500286184639790e-02,0.0000000000000000e+00,-2.0656062121857595e-32,7.7361048123059106e-11,7.7361269733983162e-11
unpolarized,pure_initial_state,user_frame_independent,s,2.3237111519999996e+01,qOut,1.3937500000000000e+00,2.3237111519999996e+01,4.8204887221110670e+00,2.3189834899363619e+00,1.2443819376364686e+00,1.3937500000000000e+00,1.3000000000000000e+00,0.0000000000000000e+00,3.1415926535897931e+00,1.4894310717595781e+01,7.7420902254759039e-01,-6.0365537995327951e+00,5.2236334385932821e+00,8.6048530478867158e-01,6.9891235561584904e+02,6.9891235561584904e+02,1.0000000000000000e+00,True,1,1,1.5186995331775692e-17,1.5556153502420156e-16,4.1259075842336984e-02,1.4901161193847656e-08,4.1259076557507761e-02,4.1259076557507761e-02,7.0991930237388888e-10,2.2204460492503128e-16,5.9014571224605405e-11,5.9014571224605405e-11
unpolarized,pure_initial_state,user_frame_independent,s,2.4528062159999998e+01,qOut,1.3937500000000000e+00,2.4528062159999998e+01,4.9525813632892497e+00,2.3874638724051245e+00,1.3331992732650106e+00,1.3937500000000000e+00,1.3000000000000000e+00,0.0000000000000000e+00,3.1415926535897931e+00,1.5622030059939441e+01,7.7467301263185817e-01,-6.6031683000384689e+00,5.4237804900833524e+00,8.5274782284158346e-01,7.0227478271635255e+02,7.0227478271635255e+02,1.0000000000000000e+00,True,1,1,1.1158072988652766e-17,1.1037181271700828e-16,3.7717207155305077e-02,0.0000000000000000e+00,3.7717207246905624e-02,3.7717207246905624e-02,0.0000000000000000e+00,-1.2306439635258452e-32,6.9098335993972304e-12,6.9098335993972304e-12
unpolarized,pure_initial_state,user_frame_independent,s,2.5819012799999996e+01,qOut,1.3937500000000000e+00,2.5819012799999996e+01,5.0812412656751498e+00,2.4540429686412759e+00,1.4173812745275152e+00,1.3937500000000000e+00,1.3000000000000000e+00,0.0000000000000000e+00,3.1415926535897931e+00,1.6347849895458815e+01,7.7530773695333377e-01,-7.1709526659885894e+00,5.6176212900761646e+00,8.4548235567237418e-01,7.0564893762636837e+02,7.0564893762636837e+02,1.0000000000000000e+00,True,1,1,6.3192528479948565e-18,5.5541154100681029e-17,3.4712190338406605e-02,0.0000000000000000e+00,3.4712190926028640e-02,3.4712190926028640e-02,0.0000000000000000e+00,-3.1247527553924883e-33,4.0795296177634222e-11,4.0795296177634222e-11
unpolarized,pure_initial_state,user_frame_independent,s,1.6782358319999997e+01,qOut,1.5500000000000000e+00,1.6782358319999997e+01,4.0966276765163796e+00,1.9409274622587744e+00,2.6368625186633876e-01,1.5500000000000000e+00,1.3000000000000000e+00,0.0000000000000000e+00,3.1415926535897931e+00,1.1900930224384595e+01,7.9757242119092475e-01,-2.4411615502243360e+00,3.9003552750773327e+00,9.3830706259423369e-01,5.2182468158942220e+02,5.2182468158942220e+02,1.0000000000000000e+00,True,1,1,1.2739209770748805e-16,5.8456718246973246e-16,1.1330863191200372e-01,2.5809568279517847e-08,1.1330863314407054e-01,1.1330863314407250e-01,3.3768604135792889e-09,6.6613381477509353e-16,2.7920761536126548e-10,2.7920805771575186e-10
unpolarized,pure_initial_state,user_frame_independent,s,1.8073308959999999e+01,qOut,1.5500000000000000e+00,1.8073308959999999e+01,4.2512714521658115e+00,2.0221556249061430e+00,5.1232703939945790e-01,1.5500000000000000e+00,1.3000000000000000e+00,0.0000000000000000e+00,3.1415926535897931e+00,1.2642482694428724e+01,7.9234662349761509e-01,-3.0052482085743333e+00,4.1931088528021352e+00,9.2801233400895933e-01,5.4435217152933376e+02,5.4435217152933376e+02,1.0000000000000000e+00,True,1,1,9.1253728549186161e-17,8.2101774078094122e-17,9.0034534560653301e-02,0.0000000000000000e+00,9.0034536210306798e-02,9.0034536210306798e-02,0.0000000000000000e+00,-1.5067944280898962e-32,2.9705157257586823e-10,2.9705157257586823e-10
unpolarized,pure_initial_state,user_frame_independent,s,1.9364259599999997e+01,qOut,1.5500000000000000e+00,1.9364259599999997e+01,4.4004840188324739e+00,2.1002707339571525e+00,6.7932201214342680e-01,1.5500000000000000e+00,1.3000000000000000e+00,0.0000000000000000e+00,3.1415926535897931e+00,1.3382271800883668e+01,7.8846552981932050e-01,-3.5683178266527560e+00,4.4701236864974740e+00,9.1820871455525721e-01,5.5302740118674251e+02,5.5302740118674251e+02,9.9999999999999978e-01,True,1,1,3.2386828279240819e-17,1.0880242059975833e-16,7.5651561674436194e-02,0.0000000000000000e+00,7.5651561961555522e-02,7.5651561961549652e-02,0.0000000000000000e+00,-1.2886873374355748e-32,4.3442051171627138e-11,4.3441162993207438e-11
unpolarized,pure_initial_state,user_frame_independent,s,2.0655210239999995e+01,qOut,1.5500000000000000e+00,2.0655210239999995e+01,4.5448003520506806e+00,2.1756034047873034e+00,8.1588073462222910e-01,1.5500000000000000e+00,1.3000000000000000e+00,0.0000000000000000e+00,3.1415926535897931e+00,1.4120240350710601e+01,7.8558776058564250e-01,-4.1310054081528831e+00,4.7337130475623566e+00,9.0891410961160335e-01,5.5669773491603291e+02,5.5669773491603291e+02,9.9999999999999989e-01,True,1,1,5.4823888828653610e-17,4.5173541305397831e-17,6.5580237712128162e-02,0.0000000000000000e+00,6.5580239006449423e-02,6.5580239006447730e-02,0.0000000000000000e+00,-5.0463076203670541e-33,1.6976379416805409e-10,1.6976357212344917e-10
unpolarized,pure_initial_state,user_frame_independent,s,2.1946160879999997e+01,qOut,1.5500000000000000e+00,2.1946160879999997e+01,4.6846729747123224e+00,2.2484298257012960e+00,9.3507168021896492e-01,1.5500000000000000e+00,1.3000000000000000e+00,0.0000000000000000e+00,3.1415926535897931e+00,1.4856387007812813e+01,7.8347284538110784e-01,-4.6937413074200363e+00,4.9856802465057983e+00,9.0012047964212605e-01,5.5852670306381469e+02,5.5852670306381469e+02,1.0000000000000000e+00,True,1,1,6.6837308570299984e-17,8.5899962767997566e-17,5.8003381669106457e-02,0.0000000000000000e+00,5.8003382781939616e-02,5.8003382781939616e-02,0.0000000000000000e+00,-1.1846029420464863e-32,1.2909617428877307e-10,1.2909617428877307e-10
unpolarized,pure_initial_state,user_frame_independent,s,2.3237111519999996e+01,qOut,1.5500000000000000e+00,2.3237111519999996e+01,4.8204887221110670e+00,2.3189834899363619e+00,1.0426130698098670e+00,1.5500000000000000e+00,1.3000000000000000e+00,0.0000000000000000e+00,3.1415926535897931e+00,1.5590742945056657e+01,7.8194710584195182e-01,-5.2568197183287255e+00,5.2274611161005691e+00,8.9180665943729942e-01,5.5974751237981116e+02,5.5974751237981116e+02,1.0000000000000000e+00,True,1,1,6.1456084771307825e-17,1.3817374829864855e-16,5.2035843899648132e-02,1.4901161193847656e-08,5.2035844550571593e-02,5.2035844550571593e-02,8.9534845527356037e-10,2.2204460492503128e-16,6.7742703807605054e-11,6.7742703807605054e-11
unpolarized,pure_initial_state,user_frame_independent,s,2.4528062159999998e+01,qOut,1.5500000000000000e+00,2.4528062159999998e+01,4.9525813632892497e+00,2.3874638724051245e+00,1.1416138143800101e+00,1.5500000000000000e+00,1.3000000000000000e+00,0.0000000000000000e+00,3.1415926535897931e+00,1.6323357855614756e+01,7.8088240975631906e-01,-5.8204422587585185e+00,5.4602197304812599e+00,8.8394539684405593e-01,5.6085789702264651e+02,5.6085789702264651e+02,1.0000000000000000e+00,True,1,1,2.5452427821530405e-17,1.5546266929704238e-16,4.7184896189880983e-02,2.5809568279517847e-08,4.7184897121569154e-02,4.7184897121564449e-02,1.4062195163161334e-09,6.6613381477509383e-16,8.7923219919960882e-11,8.7922776264431901e-11
unpolarized,pure_initial_state,user_frame_independent,s,2.5819012799999996e+01,qOut,1.5500000000000000e+00,2.5819012799999996e+01,5.0812412656751498e+00,2.4540429686412759e+00,1.2339881073211323e+00,1.5500000000000000e+00,1.3000000000000000e+00,0.0000000000000000e+00,3.1415926535897931e+00,1.7054291428334349e+01,7.8018248512466637e-01,-6.3847464676399941e+00,5.6849146484869735e+00,8.7650724256781665e-01,5.6205370141260914e+02,5.6205370141260914e+02,9.9999999999999989e-01,True,1,1,4.6789950480644680e-17,1.1717971941885420e-16,4.3149429112105210e-02,0.0000000000000000e+00,4.3149429745351117e-02,4.3149429745351117e-02,0.0000000000000000e+00,-1.5920386109062578e-32,5.4648399304066397e-11,5.4648399304066397e-11
