spin_case,entanglement_mode,Q2,t,phi,squared_amplitude_M2,spin_signal_M2,trace,normalized_by_squared_amplitude,entanglement_h_in,entanglement_s_in,C12,C13,C23,C1_23,C2_13,C3_12,F3,M1,M2,M3
polarized,h_in_plus_minus_h_in_minus,1.0000000000000000e+00,-4.0000000000000002e-01,0.0000000000000000e+00,8.3396031725380169e+01,3.5527136788005009e-15,-2.7755575615628914e-17,True,1,1,-2.4954045192142434e-16,-6.3202123135023177e-17,3.1095519774431640e-01,1.4901161193847656e-08,3.1095519843650077e-01,3.1095519843650798e-01,5.6293070135133293e-09,2.2204460492503160e-16,5.0255501995132013e-10,5.0255546404052998e-10
polarized,h_in_plus_minus_h_in_minus,1.5000000000000000e+00,-4.0000000000000002e-01,0.0000000000000000e+00,8.8847579660929682e+01,2.1316282072803006e-14,9.0205620750793969e-17,True,1,1,9.1120035689651473e-18,-5.8920070001747589e-17,-3.7842242449132241e-01,0.0000000000000000e+00,-3.7842242695765216e-01,-3.7842242695765260e-01,0.0000000000000000e+00,5.0550272330349150e-33,-3.1691019955829014e-09,-3.1691024119165356e-09
polarized,h_in_plus_minus_h_in_minus,2.0000000000000000e+00,-4.0000000000000002e-01,0.0000000000000000e+00,1.0505825648680468e+02,0.0000000000000000e+00,-2.7755575615628914e-17,True,1,1,-1.8222035914410940e-16,-2.8263151781277003e-17,-6.9436476750128406e-01,0.0000000000000000e+00,-6.9436476869038710e-01,-6.9436476869038710e-01,0.0000000000000000e+00,9.3871608469413486e-32,-1.7730574534045808e-09,-1.7730574534045808e-09
polarized,h_in_plus_minus_h_in_minus,2.5000000000000000e+00,-4.0000000000000002e-01,0.0000000000000000e+00,1.2560172817056961e+02,-1.4210854715202004e-14,2.7755575615628914e-17,True,1,1,-6.4371468996705345e-17,1.4628327602808115e-17,-7.8076882134692238e-01,0.0000000000000000e+00,-7.8076882241279999e-01,-7.8076882241279255e-01,0.0000000000000000e+00,1.0135535387117763e-32,-2.7788209061270844e-09,-2.7788204621462947e-09
polarized,h_in_plus_minus_h_in_minus,3.0000000000000000e+00,-4.0000000000000002e-01,0.0000000000000000e+00,1.4998612999769580e+02,7.1054273576010019e-15,2.7755575615628914e-17,True,1,1,-1.3306517724761489e-16,-4.6640772461398929e-18,-8.2887598021028774e-01,0.0000000000000000e+00,-8.2887598490137038e-01,-8.2887598490137415e-01,0.0000000000000000e+00,3.3674803098166797e-32,-8.4772810442397539e-09,-8.4772811553704766e-09
polarized,h_in_plus_minus_h_in_minus,3.5000000000000000e+00,-4.0000000000000002e-01,0.0000000000000000e+00,1.7944293033106106e+02,0.0000000000000000e+00,-2.7755575615628914e-17,True,1,1,-5.0966809277193525e-17,7.1991145586701373e-17,-8.4454134359358757e-01,0.0000000000000000e+00,-8.4454135282656195e-01,-8.4454135282657605e-01,0.0000000000000000e+00,-4.0607299062203135e-33,-1.6679959714924631e-08,-1.6679960159013841e-08
polarized,h_in_plus_minus_h_in_minus,4.0000000000000000e+00,-4.0000000000000002e-01,0.0000000000000000e+00,2.1642790962917491e+02,-1.4210854715202004e-14,-2.7755575615628914e-17,True,1,1,8.0112433141968437e-17,7.1528880657805772e-17,-8.2684340002323287e-01,-2.1073424255447017e-08,-8.2684340053990857e-01,-8.2684340054016192e-01,-2.0141295785842387e-08,-4.4408920985006271e-16,-9.7204352151182048e-10,-9.7204352151171460e-10
polarized,h_in_plus_minus_h_in_minus,4.5000000000000000e+00,-4.0000000000000002e-01,0.0000000000000000e+00,2.6511115768605021e+02,-4.2632564145606011e-14,2.7755575615628914e-17,True,1,1,-1.2988839719190065e-16,-7.9673865089440719e-17,-7.4409252191147268e-01,0.0000000000000000e+00,-7.4409252516728197e-01,-7.4409252516728197e-01,0.0000000000000000e+00,6.8682150924105495e-32,-5.2036616220965844e-09,-5.2036616220965844e-09
polarized,h_in_plus_minus_h_in_minus,5.0000000000000000e+00,-4.0000000000000002e-01,0.0000000000000000e+00,3.3287409408925032e+02,2.8421709430404007e-14,8.3266726846886741e-17,True,1,1,-7.2701116463587048e-17,-2.5488232234552899e-16,-6.3299870111538525e-01,0.0000000000000000e+00,-6.3299870796692159e-01,-6.3299870796692193e-01,0.0000000000000000e+00,1.6277770267856801e-31,-9.1516993005070352e-09,-9.1516997445962450e-09
polarized,h_in_plus_minus_h_in_minus,5.5000000000000000e+00,-4.0000000000000002e-01,0.0000000000000000e+00,4.3416619700249049e+02,1.7053025658242404e-13,2.7755575615628914e-16,True,1,1,-5.0850923227735239e-17,-5.5752772665094736e-16,-5.0039081323554624e-01,0.0000000000000000e+00,-5.0039081374551642e-01,-5.0039081374551875e-01,0.0000000000000000e+00,3.7729923686607155e-31,-1.3681923402390772e-09,-1.3681925622836821e-09
polarized,h_in_plus_minus_h_in_minus,6.0000000000000000e+00,-4.0000000000000002e-01,0.0000000000000000e+00,6.0204665318853426e+02,-2.8421709430404007e-14,0.0000000000000000e+00,True,1,1,1.5881722426055325e-17,-1.0451177087227836e-16,-3.5558466907655212e-01,-1.4901161193847656e-08,-3.5558467239323077e-01,-3.5558467239322678e-01,-7.1497791120319229e-09,-2.2204460492503126e-16,-3.5377650084607304e-09,-3.5377643423269156e-09
polarized,h_in_plus_minus_h_in_minus,1.0000000000000000e+00,-4.0000000000000002e-01,5.2359877559829882e-01,1.4983808434579879e+02,-1.4210854715202004e-14,-2.7755575615628914e-17,True,1,1,-4.2703568257355632e-17,-3.9119038388505102e-17,-1.1299709995106100e-02,0.0000000000000000e+00,-1.1299713023734004e-02,-1.1299713023734004e-02,0.0000000000000000e+00,2.1140364198561411e-32,-3.0389340210934535e-09,-3.0389340210934535e-09
polarized,h_in_plus_minus_h_in_minus,1.5000000000000000e+00,-4.0000000000000002e-01,5.2359877559829882e-01,1.4819443606611765e+02,-7.1054273576010019e-15,-1.3877787807814457e-17,True,1,1,-8.3941055792011871e-17,-2.3571376811611826e-17,-1.5227464778786437e-01,2.1073424255447017e-08,-1.5227464944026958e-01,-1.5227464944026886e-01,1.0113319607336902e-08,4.4408920985006271e-16,-2.2350992168185257e-09,-2.2350985784402866e-09
polarized,h_in_plus_minus_h_in_minus,2.0000000000000000e+00,-4.0000000000000002e-01,5.2359877559829882e-01,1.6075140536938193e+02,1.4210854715202004e-14,1.3877787807814457e-16,True,1,1,7.7530839909346246e-17,7.0239574482630332e-17,-2.7572804324167999e-01,1.4901161193847656e-08,-2.7572804337021478e-01,-2.7572804337021500e-01,6.0152135481575609e-09,2.2204460492503131e-16,-5.8971537375551719e-10,-5.8971565131127335e-10
polarized,h_in_plus_minus_h_in_minus,2.5000000000000000e+00,-4.0000000000000002e-01,5.2359877559829882e-01,1.7922742096587677e+02,-7.1054273576010019e-15,-2.7755575615628914e-17,True,1,1,4.7848421041181275e-17,-9.0787188493302608e-17,-3.6932016751753699e-01,-2.1073424255447017e-08,-3.6932016720096106e-01,-3.6932016720096067e-01,-1.6156905654783186e-08,-4.4408920985006271e-16,-1.2867735488253373e-09,-1.2867733267807324e-09
polarized,h_in_plus_minus_h_in_minus,3.0000000000000000e+00,-4.0000000000000002e-01,5.2359877559829882e-01,2.0259280177942964e+02,-1.4210854715202004e-14,-1.2490009027033011e-16,True,1,1,1.2605661920576835e-17,-7.0171875829910290e-19,-4.3581131022616232e-01,0.0000000000000000e+00,-4.3581131416588970e-01,-4.3581131416589103e-01,0.0000000000000000e+00,-1.7905241040035471e-33,-6.7164845005129870e-09,-6.7164851597079078e-09
polarized,h_in_plus_minus_h_in_minus,3.5000000000000000e+00,-4.0000000000000002e-01,5.2359877559829882e-01,2.3193480879977864e+02,0.0000000000000000e+00,-5.5511151231257827e-17,True,1,1,-5.0265793914345901e-18,-1.8134376692659068e-16,-4.7667121057729478e-01,2.1073424255447017e-08,-4.7667121182342231e-01,-4.7667121182342070e-01,5.0807516852831760e-09,4.4408920985006281e-16,-4.1299626565849401e-09,-4.1299619973900192e-09
polarized,h_in_plus_minus_h_in_minus,4.0000000000000000e+00,-4.0000000000000002e-01,5.2359877559829882e-01,2.6976845926324165e+02,-2.8421709430404007e-14,-5.5511151231257827e-17,True,1,1,3.8362230740734758e-17,-9.1174471461447146e-17,-4.9112543184961654e-01,0.0000000000000000e+00,-4.9112543735462483e-01,-4.9112543735462344e-01,0.0000000000000000e+00,1.8763807846656288e-32,-9.9304637533881301e-09,-9.9304631392960196e-09
polarized,h_in_plus_minus_h_in_minus,4.5000000000000000e+00,-4.0000000000000002e-01,5.2359877559829882e-01,3.2051531473314094e+02,-1.4210854715202004e-14,-1.1102230246251565e-16,True,1,1,-3.0586224407670881e-17,1.9041644876368791e-17,-4.7750951998099761e-01,-1.4901161193847656e-08,-4.7750952154930498e-01,-4.7750952154930509e-01,-1.0741234996022752e-08,-2.2204460492503131e-16,-2.1206764747039308e-09,-2.1206765857262333e-09
polarized,h_in_plus_minus_h_in_minus,5.0000000000000000e+00,-4.0000000000000002e-01,5.2359877559829882e-01,3.9210568818811089e+02,2.8421709430404007e-14,2.7755575615628914e-17,True,1,1,2.0736056279035887e-17,-2.4810648971496631e-16,-4.3496455636225917e-01,-1.4901161193847656e-08,-4.3496456188188315e-01,-4.3496456188188315e-01,-9.6100149065756304e-09,-2.2204460492503123e-16,-6.1655808201999118e-09,-6.1655808201999118e-09
polarized,h_in_plus_minus_h_in_minus,5.5000000000000000e+00,-4.0000000000000002e-01,5.2359877559829882e-01,5.0015748704513584e+02,0.0000000000000000e+00,5.5511151231257827e-17,True,1,1,3.0593085109682105e-17,-2.8232711920244991e-16,-3.6506357658731969e-01,0.0000000000000000e+00,-3.6506357992328353e-01,-3.6506357992328331e-01,0.0000000000000000e+00,1.9860324684748567e-31,-3.3191257069187241e-09,-3.3191255126296948e-09
polarized,h_in_plus_minus_h_in_minus,6.0000000000000000e+00,-4.0000000000000002e-01,5.2359877559829882e-01,6.8051919113145959e+02,-2.8421709430404007e-13,-3.0531133177191805e-16,True,1,1,4.2020206260907780e-18,-8.7141962034768530e-17,-2.7286125884914092e-01,2.1073424255447017e-08,-2.7286126264409649e-01,-2.7286126264409405e-01,2.2165663822379772e-09,4.4408920985006281e-16,-3.0142891897788626e-09,-3.0142887439549293e-09
polarized,h_in_plus_minus_h_in_minus,1.0000000000000000e+00,-4.0000000000000002e-01,1.0471975511965976e+00,4.2153578625727727e+02,9.9475983006414026e-14,2.3592239273284576e-16,True,1,1,7.5466187152804066e-18,-1.1077508885341246e-17,3.7225270428876689e-03,1.4901161193847656e-08,3.7225277676761204e-03,3.7225277676757873e-03,5.6151413109099834e-09,2.2204460492503131e-16,5.0672110951666127e-10,5.0672090134984415e-10
polarized,h_in_plus_minus_h_in_minus,1.5000000000000000e+00,-4.0000000000000002e-01,1.0471975511965976e+00,3.7944286004721607e+02,-8.5265128291212022e-14,-1.9428902930940239e-16,True,1,1,-2.6631218920693714e-17,-1.9069750893820750e-18,-3.0125345877270726e-02,2.1073424255447017e-08,-3.0125346607290715e-02,-3.0125346607290715e-02,8.0485298489224381e-09,4.4408920985006271e-16,-5.7702587152874685e-10,-5.7702587152874685e-10
polarized,h_in_plus_minus_h_in_minus,2.0000000000000000e+00,-4.0000000000000002e-01,1.0471975511965976e+00,3.7056566446368652e+02,-7.1054273576010019e-14,-1.6653345369377348e-16,True,1,1,-6.7585806654872625e-17,3.1984327666680567e-17,-6.8410455963830608e-02,0.0000000000000000e+00,-6.8410453903446800e-02,-6.8410453903446189e-02,0.0000000000000000e+00,3.5660966613323405e-33,1.1315771236697358e-09,1.1315775955145213e-09
polarized,h_in_plus_minus_h_in_minus,2.5000000000000000e+00,-4.0000000000000002e-01,1.0471975511965976e+00,3.7632225550044359e+02,1.4210854715202004e-14,6.9388939039072284e-18,True,1,1,-2.2177378446852557e-17,5.2857472435170224e-18,-1.0633379643709839e-01,2.1073424255447017e-08,-1.0633379389771674e-01,-1.0633379389771602e-01,7.2215722166368746e-09,4.4408920985006271e-16,1.2656706377400795e-09,1.2656710679515015e-09
polarized,h_in_plus_minus_h_in_minus,3.0000000000000000e+00,-4.0000000000000002e-01,1.0471975511965976e+00,3.9236289041313933e+02,-8.5265128291212022e-14,-1.5265566588595902e-16,True,1,1,2.2560229006480891e-17,-4.5797763983009182e-17,-1.4105307155588798e-01,0.0000000000000000e+00,-1.4105307347086132e-01,-1.4105307347086216e-01,0.0000000000000000e+00,2.1001939427005977e-32,-1.7987210748637850e-09,-1.7987215328307826e-09
polarized,h_in_plus_minus_h_in_minus,3.5000000000000000e+00,-4.0000000000000002e-01,1.0471975511965976e+00,4.1860454793730582e+02,0.0000000000000000e+00,1.3877787807814457e-17,True,1,1,7.2306461429444341e-17,-1.2197784549466096e-16,-1.7006291345300964e-01,-2.1073424255447017e-08,-1.7006291473930638e-01,-1.7006291473930729e-01,-1.0167326578361052e-08,-4.4408920985006271e-16,-1.0749131584830707e-09,-1.0749136095111744e-09
polarized,h_in_plus_minus_h_in_minus,4.0000000000000000e+00,-4.0000000000000002e-01,1.0471975511965976e+00,4.5742663422496616e+02,-5.6843418860808015e-14,-5.5511151231257827e-17,True,1,1,8.0295238590352043e-17,2.5924472288270737e-17,-1.9068097148866733e-01,0.0000000000000000e+00,-1.9068097320332147e-01,-1.9068097320332147e-01,0.0000000000000000e+00,-2.0558847075944645e-32,-2.1400054506237609e-09,-2.1400054506237609e-09
polarized,h_in_plus_minus_h_in_minus,4.5000000000000000e+00,-4.0000000000000002e-01,1.0471975511965976e+00,5.1395682150984885e+02,-5.6843418860808015e-14,-1.3877787807814457e-16,True,1,1,-7.6123842947095463e-17,5.0903415707998472e-17,-2.0001517894009699e-01,1.4901161193847656e-08,-2.0001518088185247e-01,-2.0001518088185077e-01,3.3668930333479269e-09,2.2204460492503131e-16,-1.5366747041500872e-09,-1.5366738090327736e-09
polarized,h_in_plus_minus_h_in_minus,5.0000000000000000e+00,-4.0000000000000002e-01,1.0471975511965976e+00,5.9799933287353031e+02,-2.8421709430404007e-14,-5.5511151231257827e-17,True,1,1,9.4030911230988063e-18,-5.8162975387715323e-17,-1.9529010464533852e-01,0.0000000000000000e+00,-1.9529010412290063e-01,-1.9529010412290193e-01,0.0000000000000000e+00,2.6256718888231156e-32,-1.6127351190609041e-10,-1.6127395599530026e-10
polarized,h_in_plus_minus_h_in_minus,5.5000000000000000e+00,-4.0000000000000002e-01,1.0471975511965976e+00,7.2938922539141106e+02,1.1368683772161603e-13,1.1102230246251565e-16,True,1,1,-6.1383978994045384e-17,-3.8588310006022248e-16,-1.7451338566319924e-01,0.0000000000000000e+00,-1.7451338824455684e-01,-1.7451338824455462e-01,0.0000000000000000e+00,2.7540770056798783e-31,-1.9703165939077838e-09,-1.9703157161377050e-09
polarized,h_in_plus_minus_h_in_minus,6.0000000000000000e+00,-4.0000000000000002e-01,1.0471975511965976e+00,9.5430532875226709e+02,-5.6843418860808015e-14,-5.5511151231257827e-17,True,1,1,2.4032573476058163e-17,-1.1772521146074002e-16,-1.3737102087444991e-01,0.0000000000000000e+00,-1.3737102057335698e-01,-1.3737102057335776e-01,0.0000000000000000e+00,4.0033248651681548e-32,-1.5441046705144679e-10,-1.5441112104219723e-10
polarized,h_in_plus_minus_h_in_minus,1.0000000000000000e+00,-4.0000000000000002e-01,1.5707963267948966e+00,1.2677381562669577e+03,-2.2737367544323206e-13,-2.2204460492503131e-16,True,1,1,-1.0173513372944600e-17,-4.8291628856080401e-17,1.3447851922807508e-02,0.0000000000000000e+00,1.3447853383173475e-02,1.3447853383172753e-02,0.0000000000000000e+00,9.6295136704453899e-33,4.7720493182024093e-10,4.7720470283674210e-10
polarized,h_in_plus_minus_h_in_minus,1.5000000000000000e+00,-4.0000000000000002e-01,1.5707963267948966e+00,1.0212175085047757e+03,1.7053025658242404e-13,5.5511151231257827e-17,True,1,1,7.2751092998198260e-18,-2.6807370266024645e-17,8.6280256905122976e-03,-2.5809568279517847e-08,8.6280249574419432e-03,8.6280249574419432e-03,-5.2206647856998785e-09,-6.6613381477509383e-16,-2.5683331503212337e-10,-2.5683331503212337e-10
polarized,h_in_plus_minus_h_in_minus,2.0000000000000000e+00,-4.0000000000000002e-01,1.5707963267948966e+00,9.1003462299133298e+02,2.8421709430404007e-14,8.3266726846886741e-17,True,1,1,-1.7261396171499623e-17,1.1951370509553857e-17,-8.7738341009446774e-05,0.0000000000000000e+00,-8.7737848302626986e-05,-8.7737848302626986e-05,0.0000000000000000e+00,-1.3710506441776578e-33,1.9415434537872756e-10,1.9415434537872756e-10
polarized,h_in_plus_minus_h_in_minus,2.5000000000000000e+00,-4.0000000000000002e-01,1.5707963267948966e+00,8.5653976787560441e+02,5.6843418860808015e-14,6.9388939039072284e-17,True,1,1,7.8764724868017423e-18,-4.6301842137876751e-17,-1.1219293574628170e-02,0.0000000000000000e+00,-1.1219291778112012e-02,-1.1219291778109819e-02,0.0000000000000000e+00,1.4727866946005107e-32,7.2283910801385076e-10,7.2283999619227046e-10
polarized,h_in_plus_minus_h_in_minus,3.0000000000000000e+00,-4.0000000000000002e-01,1.5707963267948966e+00,8.3691103704814066e+02,1.1368683772161603e-13,5.5511151231257827e-17,True,1,1,2.8462566601441075e-18,-7.0324408285850437e-17,-2.3518795479232024e-02,-2.1073424255447017e-08,-2.3518792932943844e-02,-2.3518792932943733e-02,-5.4733746977836249e-09,-4.4408920985006262e-16,9.5711151504307423e-10,9.5711151504307423e-10
polarized,h_in_plus_minus_h_in_minus,3.5000000000000000e+00,-4.0000000000000002e-01,1.5707963267948966e+00,8.4340996770645017e+02,0.0000000000000000e+00,0.0000000000000000e+00,True,1,1,6.1243873066660805e-17,1.3245730027340567e-17,-3.5720096928152506e-02,0.0000000000000000e+00,-3.5720098550019369e-02,-3.5720098550018425e-02,0.0000000000000000e+00,-5.7482885511804832e-33,-8.2545108942566614e-10,-8.2545065227535019e-10
polarized,h_in_plus_minus_h_in_minus,4.0000000000000000e+00,-4.0000000000000002e-01,1.5707963267948966e+00,8.7572388965463267e+02,1.1368683772161603e-13,8.3266726846886741e-17,True,1,1,-4.5599659526472921e-17,-8.2530860191086319e-17,-4.6395718666304708e-02,0.0000000000000000e+00,-4.6395717762949262e-02,-4.6395717762948069e-02,0.0000000000000000e+00,4.1668300657820199e-32,2.0011314133538960e-10,2.0011358542459945e-10
polarized,h_in_plus_minus_h_in_minus,4.5000000000000000e+00,-4.0000000000000002e-01,1.5707963267948966e+00,9.3943157282869493e+02,-5.6843418860808015e-14,-8.3266726846886741e-17,True,1,1,-2.4479947523395558e-17,-1.4293932962123241e-16,-5.3902669531068842e-02,6.1722630615993611e-09,-5.3902670483853610e-02,-5.3902670483855858e-02,3.0854252354815971e-10,2.2204460492503151e-16,-5.1147276691754229e-10,-5.1147365509596199e-10
polarized,h_in_plus_minus_h_in_minus,5.0000000000000000e+00,-4.0000000000000002e-01,1.5707963267948966e+00,1.0482651989156066e+03,0.0000000000000000e+00,0.0000000000000000e+00,True,1,1,2.6632847172486165e-17,-1.6406079958138879e-16,-5.6443472331884043e-02,2.1073424255447017e-08,-5.6443471731198180e-02,-5.6443471731195377e-02,3.8298574218725813e-09,4.4408920985006281e-16,1.8908429683106576e-10,1.8908518154003850e-10
polarized,h_in_plus_minus_h_in_minus,5.5000000000000000e+00,-4.0000000000000002e-01,1.5707963267948966e+00,1.2323737084296158e+03,0.0000000000000000e+00,-2.7755575615628914e-17,True,1,1,-7.1380555198130723e-17,-1.4012689701958101e-16,-5.2302978537255962e-02,0.0000000000000000e+00,-5.2302978778391157e-02,-5.2302978778389991e-02,0.0000000000000000e+00,7.1135814966800801e-32,-2.2165874691282283e-10,-2.2165830282361298e-10
polarized,h_in_plus_minus_h_in_minus,6.0000000000000000e+00,-4.0000000000000002e-01,1.5707963267948966e+00,1.5648803240273360e+03,1.1368683772161603e-13,5.5511151231257827e-17,True,1,1,3.2364361964085391e-17,-1.9918109909008564e-16,-4.0338547873359248e-02,0.0000000000000000e+00,-4.0338548474414176e-02,-4.0338548474412761e-02,0.0000000000000000e+00,8.3056484608726141e-32,-2.8383174456581006e-10,-2.8383130047660021e-10
polarized,h_in_plus_minus_h_in_minus,1.0000000000000000e+00,-4.0000000000000002e-01,2.0943951023931953e+00,4.3024990039402910e+03,0.0000000000000000e+00,1.3877787807814457e-17,True,1,1,6.3920491945104336e-19,-1.7030360508421334e-17,1.2504333230460643e-02,-1.4901161193847656e-08,1.2504333329770904e-02,1.2504333329772702e-02,-8.4846576237638702e-10,-2.2204460492503131e-16,2.3721638368889852e-11,2.3721860413494777e-11
polarized,h_in_plus_minus_h_in_minus,1.5000000000000000e+00,-4.0000000000000002e-01,2.0943951023931953e+00,2.8413312523421710e+03,1.1368683772161603e-13,2.7755575615628914e-17,True,1,1,-2.2997504994318501e-18,-3.3106926760140745e-17,1.6035130208619311e-02,-1.4901161193847656e-08,1.6035129264217352e-02,1.6035129264217352e-02,-1.2546123836671933e-09,-2.2204460492503131e-16,-1.2864210217899963e-10,-1.2864210217899963e-10
polarized,h_in_plus_minus_h_in_minus,2.0000000000000000e+00,-4.0000000000000002e-01,2.0943951023931953e+00,2.2413077310093295e+03,0.0000000000000000e+00,1.3877787807814457e-17,True,1,1,-1.5821213918441988e-17,-6.1639745901788968e-17,1.7301996872873385e-02,1.4901161193847656e-08,1.7301996468249814e-02,1.7301996468256323e-02,1.8743516677582153e-09,2.2204460492503131e-16,-7.4152651033387862e-11,-7.4151317031034836e-11
polarized,h_in_plus_minus_h_in_minus,2.5000000000000000e+00,-4.0000000000000002e-01,2.0943951023931953e+00,1.9385820336604447e+03,0.0000000000000000e+00,0.0000000000000000e+00,True,1,1,-2.0055475381953309e-17,1.0248314222430420e-17,1.6687213574414092e-02,0.0000000000000000e+00,1.6687214745481488e-02,1.6687214745484624e-02,0.0000000000000000e+00,-1.5090216662124931e-33,2.8784894086364421e-10,2.8784960699745898e-10
polarized,h_in_plus_minus_h_in_minus,3.0000000000000000e+00,-4.0000000000000002e-01,2.0943951023931953e+00,1.7779682247875148e+03,0.0000000000000000e+00,-5.5511151231257827e-17,True,1,1,-8.6230929021533159e-18,1.9353626675514965e-17,1.4642378826203173e-02,2.5809568279517847e-08,1.4642378009055976e-02,1.4642378009053367e-02,3.9277018641927540e-09,6.6613381477509383e-16,-1.7396017785997753e-10,-1.7396083532017492e-10
polarized,h_in_plus_minus_h_in_minus,3.5000000000000000e+00,-4.0000000000000002e-01,2.0943951023931953e+00,1.7047960949449521e+03,0.0000000000000000e+00,-1.3877787807814457e-17,True,1,1,3.0267204870482362e-18,-2.6614210435959822e-17,1.1689908737826132e-02,-2.5809568279517847e-08,1.1689909048946512e-02,1.1689909048944735e-02,-3.7105942574716468e-09,-6.6613381477509383e-16,1.2653329772849276e-10,1.2653285537400638e-10
polarized,h_in_plus_minus_h_in_minus,4.0000000000000000e+00,-4.0000000000000002e-01,2.0943951023931953e+00,1.7005114639129829e+03,-4.5474735088646412e-13,-2.6367796834847468e-16,True,1,1,2.3818041259484958e-17,-1.1186498137241213e-16,8.4605473432995404e-03,-2.1073424255447017e-08,8.4605475283487941e-03,8.4605475283479337e-03,-3.1141685479361076e-09,-4.4408920985006262e-16,6.6096874501431202e-11,6.6096655926273229e-11
polarized,h_in_plus_minus_h_in_minus,4.5000000000000000e+00,-4.0000000000000002e-01,2.0943951023931953e+00,1.7663214032691096e+03,0.0000000000000000e+00,1.3877787807814457e-17,True,1,1,3.8150325858859964e-17,-7.6356372140544519e-17,5.7157218975505963e-03,0.0000000000000000e+00,5.7157212390067935e-03,5.7157212390067935e-03,0.0000000000000000e+00,1.5990902380317799e-32,-1.6719079939941928e-10,-1.6719079939941928e-10
polarized,h_in_plus_minus_h_in_minus,5.0000000000000000e+00,-4.0000000000000002e-01,2.0943951023931953e+00,1.9231570221846964e+03,-1.1368683772161603e-13,-2.7755575615628914e-17,True,1,1,5.9235953249857691e-18,-9.2951498512235882e-17,4.3222429562160686e-03,0.0000000000000000e+00,4.3222439596028728e-03,4.3222439596028728e-03,1.2881290796531936e-10,0.0000000000000000e+00,2.6343603860834452e-10,2.6343603860834452e-10
polarized,h_in_plus_minus_h_in_minus,5.5000000000000000e+00,-4.0000000000000002e-01,2.0943951023931953e+00,2.2272295869712389e+03,-2.2737367544323206e-13,-1.6653345369377348e-16,True,1,1,-1.2632716036423508e-17,6.1656189298257191e-17,5.1267545980704793e-03,6.1722630615993611e-09,5.1267524600138031e-03,5.1267524600146358e-03,8.9239246546526984e-10,2.2204460492503136e-16,-4.6056761703050508e-10,-4.6056739845534711e-10
polarized,h_in_plus_minus_h_in_minus,6.0000000000000000e+00,-4.0000000000000002e-01,2.0943951023931953e+00,2.8283061528395374e+03,-1.2505552149377763e-12,-3.6082248300317588e-16,True,1,1,6.2403298315208673e-17,-6.5973428591043629e-17,8.6320129437835735e-03,0.0000000000000000e+00,8.6320137929857682e-03,8.6320137929809249e-03,0.0000000000000000e+00,3.9347650854649148e-32,1.7102824625275792e-10,1.7102735547225301e-10
polarized,h_in_plus_minus_h_in_minus,1.0000000000000000e+00,-4.0000000000000002e-01,2.6179938779914940e+00,1.6252389627243494e+04,0.0000000000000000e+00,-6.9388939039072284e-17,True,1,1,1.4360545416422730e-18,-1.0327815359997061e-17,8.2310619080804264e-03,0.0000000000000000e+00,8.2310618202679296e-03,8.2310618202779112e-03,0.0000000000000000e+00,1.1603591674539710e-33,2.6836890186249934e-12,2.6841331078348435e-12
polarized,h_in_plus_minus_h_in_minus,1.5000000000000000e+00,-4.0000000000000002e-01,2.6179938779914940e+00,7.4565602134437877e+03,-4.5474735088646412e-13,-1.3877787807814457e-17,True,1,1,-2.5564042890097838e-18,1.2218189726722082e-17,1.4013401179461763e-02,0.0000000000000000e+00,1.4013401028410939e-02,1.4013401028428504e-02,0.0000000000000000e+00,-8.9341100485537820e-34,2.7217288752628965e-12,2.7230610344722295e-12
polarized,h_in_plus_minus_h_in_minus,2.0000000000000000e+00,-4.0000000000000002e-01,2.6179938779914940e+00,4.9612167731004174e+03,2.2737367544323206e-13,4.1633363423443370e-17,True,1,1,1.1961060348751676e-17,1.0882740498801003e-17,1.8506449676253450e-02,0.0000000000000000e+00,1.8506449858130720e-02,1.8506449858133225e-02,0.0000000000000000e+00,-8.8507647004863027e-34,3.5128578865228910e-11,3.5128800476152966e-11
polarized,h_in_plus_minus_h_in_minus,2.5000000000000000e+00,-4.0000000000000002e-01,2.6179938779914940e+00,3.8863103810562543e+03,-2.2737367544323206e-13,-2.7755575615628914e-17,True,1,1,-1.7649254064322501e-18,5.4479666453183364e-17,2.1661264163846040e-02,0.0000000000000000e+00,2.1661264091945291e-02,2.1661264091948136e-02,0.0000000000000000e+00,-4.6121068699447556e-33,1.6957356959584891e-11,1.6957801048794741e-11
polarized,h_in_plus_minus_h_in_minus,3.0000000000000000e+00,-4.0000000000000002e-01,2.6179938779914940e+00,3.3417227079851268e+03,0.0000000000000000e+00,2.7755575615628914e-17,True,1,1,8.9211757759775400e-18,1.3344653156667217e-17,2.3614593179989110e-02,0.0000000000000000e+00,2.3614593809076101e-02,2.3614593809077780e-02,0.0000000000000000e+00,-2.0827164477755868e-33,1.4409279412014309e-10,1.4409301529738627e-10
polarized,h_in_plus_minus_h_in_minus,3.5000000000000000e+00,-4.0000000000000002e-01,2.6179938779914940e+00,3.0656878108725659e+03,1.1368683772161603e-13,-4.1633363423443370e-17,True,1,1,1.5463131018912744e-17,-2.9183156885092821e-18,2.4585133228950548e-02,2.5809568279517847e-08,2.4585133064102829e-02,2.4585133064102066e-02,2.8973638122387720e-09,6.6613381477509383e-16,-4.5125353106967303e-12,-4.5127573553016553e-12
polarized,h_in_plus_minus_h_in_minus,4.0000000000000000e+00,-4.0000000000000002e-01,2.6179938779914940e+00,2.9671140480107888e+03,0.0000000000000000e+00,5.5511151231257827e-17,True,1,1,-1.0033284826786183e-17,-1.3900990161236467e-16,2.4863602683696903e-02,-1.4901161193847656e-08,2.4863602857805159e-02,2.4863602857801148e-02,-1.3132835304069415e-09,-2.2204460492503121e-16,5.7210226139803311e-11,5.7209559138626798e-11
polarized,h_in_plus_minus_h_in_minus,4.5000000000000000e+00,-4.0000000000000002e-01,2.6179938779914940e+00,3.0254068240167398e+03,0.0000000000000000e+00,0.0000000000000000e+00,True,1,1,2.5126098764693139e-20,3.3796984766528655e-17,2.4808864106163925e-02,0.0000000000000000e+00,2.4808863238632919e-02,2.4808863238631462e-02,0.0000000000000000e+00,-1.0593826842692564e-32,-9.9352410846964556e-11,-9.9352633758931219e-11
polarized,h_in_plus_minus_h_in_minus,5.0000000000000000e+00,-4.0000000000000002e-01,2.6179938779914940e+00,3.2732931418085514e+03,2.2737367544323206e-13,5.5511151231257827e-17,True,1,1,1.7575339105583714e-17,-2.8650565979275070e-17,2.4811824434829571e-02,2.5809568279517847e-08,2.4811823383326992e-02,2.4811823383323925e-02,2.8999389022120773e-09,6.6613381477509383e-16,-1.5245512838268915e-10,-1.5245557333926074e-10
polarized,h_in_plus_minus_h_in_minus,5.5000000000000000e+00,-4.0000000000000002e-01,2.6179938779914940e+00,3.8303467250499070e+03,0.0000000000000000e+00,5.5511151231257827e-17,True,1,1,4.2789776466254574e-18,3.2370965532392783e-16,2.5174217873866256e-02,0.0000000000000000e+00,2.5174217427936324e-02,2.5174217427934797e-02,0.0000000000000000e+00,-1.3704543467392439e-31,-5.6770949052875608e-11,-5.6771395744170672e-11
polarized,h_in_plus_minus_h_in_minus,6.0000000000000000e+00,-4.0000000000000002e-01,2.6179938779914940e+00,5.0658682136576608e+03,4.5474735088646412e-13,-5.5511151231257827e-17,True,1,1,3.2829211268270612e-17,8.6385468329105716e-17,2.5788640317860739e-02,0.0000000000000000e+00,2.5788640798803691e-02,2.5788640798799195e-02,0.0000000000000000e+00,-2.7136648645769461e-32,7.2366137821716636e-11,7.2365692865145048e-11
polarized,h_in_plus_minus_h_in_minus,1.0000000000000000e+00,-4.0000000000000002e-01,3.1415926535897931e+00,3.4825075598857147e+04,1.8189894035458565e-12,-4.1633363423443370e-17,True,1,1,-3.6860519865228505e-19,-1.0413982527123744e-17,6.0735720628956663e-03,2.1073424255447017e-08,6.0735724273493462e-03,6.0735724273651903e-03,3.1023855893123359e-10,4.4408920985006271e-16,9.2933146597575129e-12,9.2933146597575129e-12
polarized,h_in_plus_minus_h_in_minus,1.5000000000000000e+00,-4.0000000000000002e-01,3.1415926535897931e+00,1.1851442383718815e+04,9.0949470177292824e-13,8.3266726846886741e-17,True,1,1,3.4343782455450716e-18,-1.5416777623419847e-17,1.2260298783956011e-02,0.0000000000000000e+00,1.2260299090347086e-02,1.2260299090343554e-02,0.0000000000000000e+00,2.7191489736961500e-34,1.9262740653860216e-11,1.9262518609255291e-11
polarized,h_in_plus_minus_h_in_minus,2.0000000000000000e+00,-4.0000000000000002e-01,3.1415926535897931e+00,7.0768313843646220e+03,0.0000000000000000e+00,0.0000000000000000e+00,True,1,1,-4.5412546425570515e-19,2.4907809833705878e-17,1.7473487526574523e-02,0.0000000000000000e+00,1.7473487426873678e-02,1.7473487426876162e-02,0.0000000000000000e+00,-2.5364538419156954e-33,-6.3211742697827367e-12,-6.3211749203040402e-12
polarized,h_in_plus_minus_h_in_minus,2.5000000000000000e+00,-4.0000000000000002e-01,3.1415926535897931e+00,5.2456773445561039e+03,-6.8212102632969618e-13,1.3877787807814457e-17,True,1,1,-2.4812365260702508e-18,-5.3226277284064287e-17,2.1535764680731546e-02,0.0000000000000000e+00,2.1535764764524915e-02,2.1535764764528384e-02,0.0000000000000000e+00,5.7220742228467630e-33,2.7192936487632768e-11,2.7193381444204356e-11
polarized,h_in_plus_minus_h_in_minus,3.0000000000000000e+00,-4.0000000000000002e-01,3.1415926535897931e+00,4.3654975345945713e+03,0.0000000000000000e+00,-4.1633363423443370e-17,True,1,1,1.0565155497741594e-17,-1.4565820133127177e-17,2.4495850070348990e-02,0.0000000000000000e+00,2.4495850710704009e-02,2.4495850710700318e-02,0.0000000000000000e+00,1.6127688048782275e-33,1.0343244186486467e-10,1.0343177616473076e-10
polarized,h_in_plus_minus_h_in_minus,3.5000000000000000e+00,-4.0000000000000002e-01,3.1415926535897931e+00,3.9239149859288973e+03,0.0000000000000000e+00,-2.7755575615628914e-17,True,1,1,1.0461666003166583e-17,-3.2981271074342087e-18,2.6488537042825680e-02,-2.5809568279517847e-08,2.6488537285906291e-02,2.6488537285902440e-02,-1.7172433357661628e-09,-6.6613381477509383e-16,6.5560151491644847e-11,6.5559707402434997e-11
polarized,h_in_plus_minus_h_in_minus,4.0000000000000000e+00,-4.0000000000000002e-01,3.1415926535897931e+00,3.7515929872332017e+03,0.0000000000000000e+00,-5.5511151231257827e-17,True,1,1,1.2605216670553437e-17,-4.9320233366905374e-17,2.7709000818901833e-02,0.0000000000000000e+00,2.7709000089102508e-02,2.7709000089105006e-02,0.0000000000000000e+00,4.0821359921932686e-33,-6.3454512044119893e-11,-6.3454067954910043e-11
polarized,h_in_plus_minus_h_in_minus,4.5000000000000000e+00,-4.0000000000000002e-01,3.1415926535897931e+00,3.8048803025087373e+03,0.0000000000000000e+00,6.9388939039072284e-17,True,1,1,1.4507445568464513e-17,-7.2583462381604704e-17,2.8398370667617107e-02,0.0000000000000000e+00,2.8398371137651611e-02,2.8398371137651611e-02,0.0000000000000000e+00,3.0211902684112758e-32,1.0117613561191896e-10,1.0117613561191896e-10
polarized,h_in_plus_minus_h_in_minus,5.0000000000000000e+00,-4.0000000000000002e-01,3.1415926535897931e+00,4.1258419486710900e+03,4.5474735088646412e-13,5.5511151231257827e-17,True,1,1,6.5382086930944951e-18,-8.6168006075928441e-17,2.8798350576393898e-02,0.0000000000000000e+00,2.8798351284951410e-02,2.8798351284950133e-02,0.0000000000000000e+00,2.8590083957122433e-32,1.2298233915616907e-10,1.2298233785512647e-10
polarized,h_in_plus_minus_h_in_minus,5.5000000000000000e+00,-4.0000000000000002e-01,3.1415926535897931e+00,4.8940860860568910e+03,9.0949470177292824e-13,2.7755575615628914e-17,True,1,1,1.5081200645409991e-17,8.5618123222499033e-17,2.9017194755445716e-02,0.0000000000000000e+00,2.9017194751485384e-02,2.9017194751494245e-02,0.0000000000000000e+00,-3.3325809324166170e-32,4.3483138964517387e-11,4.3484026709256218e-11
polarized,h_in_plus_minus_h_in_minus,6.0000000000000000e+00,-4.0000000000000002e-01,3.1415926535897931e+00,6.7177417417956312e+03,0.0000000000000000e+00,-2.7755575615628914e-17,True,1,1,1.0854540208230747e-18,-2.7827315849909806e-16,2.8672265262826666e-02,0.0000000000000000e+00,2.8672265320843521e-02,2.8672265320840162e-02,0.0000000000000000e+00,9.0008251436389718e-32,1.8356564965987809e-11,1.8356120876777959e-11
polarized,h_in_plus_minus_h_in_minus,1.0000000000000000e+00,-4.0000000000000002e-01,3.6651914291880918e+00,1.6252389627243530e+04,0.0000000000000000e+00,-2.7755575615628914e-17,True,1,1,-1.2396108173851534e-18,-6.0441576830800150e-17,8.2310619886842625e-03,0.0000000000000000e+00,8.2310618202837710e-03,8.2310618202937526e-03,0.0000000000000000e+00,4.2817339768082543e-33,4.3026612004185005e-13,4.3071020925170012e-13
polarized,h_in_plus_minus_h_in_minus,1.5000000000000000e+00,-4.0000000000000002e-01,3.6651914291880918e+00,7.4565602134437950e+03,0.0000000000000000e+00,1.3877787807814457e-17,True,1,1,-1.9784520033250994e-18,8.5083314079397957e-18,1.4013401111354427e-02,2.1073424255447017e-08,1.4013401028418380e-02,1.4013401028428504e-02,1.0671773483601107e-09,4.4408920985006271e-16,1.5752334332763684e-12,1.5761213948556341e-12
polarized,h_in_plus_minus_h_in_minus,2.0000000000000000e+00,-4.0000000000000002e-01,3.6651914291880918e+00,4.9612167731004083e+03,2.2737367544323206e-13,-1.3877787807814457e-17,True,1,1,1.9868428962780875e-18,-3.7582427152998256e-17,1.8506449844019689e-02,0.0000000000000000e+00,1.8506449858124677e-02,1.8506449858124677e-02,0.0000000000000000e+00,3.9671123414906671e-33,2.5104850490120789e-11,2.5104850490120789e-11
polarized,h_in_plus_minus_h_in_minus,2.5000000000000000e+00,-4.0000000000000002e-01,3.6651914291880918e+00,3.8863103810562607e+03,-2.2737367544323206e-13,2.7755575615628914e-17,True,1,1,-6.4193115488571349e-19,2.1571296624881074e-17,2.1661264356224112e-02,0.0000000000000000e+00,2.1661264091952070e-02,2.1661264091952070e-02,0.0000000000000000e+00,-1.8570487891951113e-33,-2.9804728563648242e-11,-2.9804728563648242e-11
polarized,h_in_plus_minus_h_in_minus,3.0000000000000000e+00,-4.0000000000000002e-01,3.6651914291880918e+00,3.3417227079851159e+03,0.0000000000000000e+00,0.0000000000000000e+00,True,1,1,1.8574892631165965e-18,3.3024507745671575e-17,2.3614592099794954e-02,2.1073424255447017e-08,2.3614593809070689e-02,2.3614593809080264e-02,2.1779242006629604e-09,4.4408920985006271e-16,3.0597111476404759e-10,3.0597266907628207e-10
polarized,h_in_plus_minus_h_in_minus,3.5000000000000000e+00,-4.0000000000000002e-01,3.6651914291880918e+00,3.0656878108725637e+03,-2.2737367544323206e-13,-8.3266726846886741e-17,True,1,1,8.9974016484471514e-18,-5.0027118917200459e-17,2.4585132669519213e-02,0.0000000000000000e+00,2.4585133064096737e-02,2.4585133064099790e-02,0.0000000000000000e+00,1.1409410969056407e-32,9.0173542244276206e-11,9.0173985466124318e-11
polarized,h_in_plus_minus_h_in_minus,4.0000000000000000e+00,-4.0000000000000002e-01,3.6651914291880918e+00,2.9671140480108043e+03,-3.4106051316484809e-13,-4.1633363423443370e-17,True,1,1,8.8183018462882656e-18,-1.2469169567431332e-16,2.4863601997727275e-02,2.1073424255447017e-08,2.4863602857805159e-02,2.4863602857811348e-02,2.4622817208284666e-09,4.4408920985006271e-16,1.8993583442150630e-10,1.8993694204244571e-10
polarized,h_in_plus_minus_h_in_minus,4.5000000000000000e+00,-4.0000000000000002e-01,3.6651914291880918e+00,3.0254068240167403e+03,0.0000000000000000e+00,0.0000000000000000e+00,True,1,1,6.6231115231488271e-18,-6.7778811442789106e-17,2.4808863362855288e-02,0.0000000000000000e+00,2.4808863238631462e-02,2.4808863238631462e-02,0.0000000000000000e+00,1.8357701362724743e-32,3.3514582602200971e-11,3.3514582602200971e-11
polarized,h_in_plus_minus_h_in_minus,5.0000000000000000e+00,-4.0000000000000002e-01,3.6651914291880918e+00,3.2732931418085491e+03,-4.5474735088646412e-13,-1.3877787807814457e-16,True,1,1,9.8889677430559612e-18,2.9953850596326203e-16,2.4811822318041923e-02,0.0000000000000000e+00,2.4811823383323925e-02,2.4811823383326992e-02,0.0000000000000000e+00,-1.4062494212976959e-31,2.2674132883759857e-10,2.2674177379417015e-10
polarized,h_in_plus_minus_h_in_minus,5.5000000000000000e+00,-4.0000000000000002e-01,3.6651914291880918e+00,3.8303467250499143e+03,-4.5474735088646412e-13,-8.3266726846886741e-17,True,1,1,3.4123243922141854e-18,-2.4291712586980980e-16,2.5174217393803100e-02,-1.4901161193847656e-08,2.5174217427939058e-02,2.5174217427936324e-02,-1.0952652958262739e-09,-2.2204460492503118e-16,3.5498442726988877e-11,3.5498218947660476e-11
polarized,h_in_plus_minus_h_in_minus,6.0000000000000000e+00,-4.0000000000000002e-01,3.6651914291880918e+00,5.0658682136577036e+03,-2.2737367544323206e-13,-5.5511151231257827e-17,True,1,1,-4.7369456162654910e-18,5.7921313655619471e-17,2.5788640357917413e-02,0.0000000000000000e+00,2.5788640798805933e-02,2.5788640798803691e-02,0.0000000000000000e+00,-5.3254119756144859e-32,6.6339139476873088e-11,6.6338917865949032e-11
polarized,h_in_plus_minus_h_in_minus,1.0000000000000000e+00,-4.0000000000000002e-01,4.1887902047863905e+00,4.3024990039403147e+03,-4.5474735088646412e-13,-8.3266726846886741e-17,True,1,1,-1.8635259053131478e-18,-5.4869907519423663e-18,1.2504332585890308e-02,1.4901161193847656e-08,1.2504333329777205e-02,1.2504333329777205e-02,1.0636200589528019e-09,2.2204460492503131e-16,9.7330013406476956e-11,9.7330013406476956e-11
polarized,h_in_plus_minus_h_in_minus,1.5000000000000000e+00,-4.0000000000000002e-01,4.1887902047863905e+00,2.8413312523421664e+03,-1.1368683772161603e-13,6.9388939039072284e-17,True,1,1,1.5963811627488544e-18,-1.4001494531973245e-17,1.6035129027269099e-02,6.1722630615993611e-09,1.6035129264219850e-02,1.6035129264217352e-02,9.0986819193717685e-10,2.2204460492503141e-16,5.9146720507441408e-11,5.9146274683508082e-11
polarized,h_in_plus_minus_h_in_minus,2.0000000000000000e+00,-4.0000000000000002e-01,4.1887902047863905e+00,2.2413077310093258e+03,2.2737367544323206e-13,1.3877787807814457e-17,True,1,1,-8.1490824017141182e-18,1.4797270211221507e-17,1.7301996077708812e-02,2.1073424255447017e-08,1.7301996468253075e-02,1.7301996468256323e-02,2.6507335509669339e-09,4.4408920985006271e-16,8.5086672083067860e-11,8.5087336482159159e-11
polarized,h_in_plus_minus_h_in_minus,2.5000000000000000e+00,-4.0000000000000002e-01,4.1887902047863905e+00,1.9385820336604402e+03,0.0000000000000000e+00,0.0000000000000000e+00,True,1,1,5.9942585913453150e-18,6.7977385953660382e-17,1.6687216033912364e-02,0.0000000000000000e+00,1.6687214745487192e-02,1.6687214745484347e-02,0.0000000000000000e+00,-1.9289692780126341e-32,-2.5038322630510645e-10,-2.5038389070419775e-10
polarized,h_in_plus_minus_h_in_minus,3.0000000000000000e+00,-4.0000000000000002e-01,4.1887902047863905e+00,1.7779682247875112e+03,0.0000000000000000e+00,-4.1633363423443370e-17,True,1,1,-1.5109769781593768e-17,5.6018655114456338e-17,1.4642377067007536e-02,0.0000000000000000e+00,1.4642378009052409e-02,1.4642378009053367e-02,0.0000000000000000e+00,-1.9019566838784607e-32,2.9115507227395199e-10,2.9115529605328039e-10
polarized,h_in_plus_minus_h_in_minus,3.5000000000000000e+00,-4.0000000000000002e-01,4.1887902047863905e+00,1.7047960949449548e+03,-1.1368683772161603e-13,-8.3266726846886741e-17,True,1,1,1.8842618613148254e-17,3.8918778948006698e-18,1.1689908965118456e-02,0.0000000000000000e+00,1.1689909048949940e-02,1.1689909048948149e-02,0.0000000000000000e+00,-1.4063792045153590e-33,6.2950512857984364e-11,6.2950067034051038e-11
polarized,h_in_plus_minus_h_in_minus,4.0000000000000000e+00,-4.0000000000000002e-01,4.1887902047863905e+00,1.7005114639129843e+03,0.0000000000000000e+00,-4.1633363423443370e-17,True,1,1,4.7142281976411973e-17,-6.0790839318583214e-17,8.4605477540700691e-03,0.0000000000000000e+00,8.4605475283521525e-03,8.4605475283512921e-03,0.0000000000000000e+00,2.8930714779437084e-33,-3.6926961488603638e-11,-3.6927180063761611e-11
polarized,h_in_plus_minus_h_in_minus,4.5000000000000000e+00,-4.0000000000000002e-01,4.1887902047863905e+00,1.7663214032691135e+03,1.1368683772161603e-13,-2.7755575615628914e-17,True,1,1,2.4731325940820197e-17,1.3870087721170739e-17,5.7157199511428669e-03,0.0000000000000000e+00,5.7157212390067935e-03,5.7157212390067935e-03,0.0000000000000000e+00,-4.8673012168945657e-33,3.5309018556195504e-10,3.5309018556195504e-10
polarized,h_in_plus_minus_h_in_minus,5.0000000000000000e+00,-4.0000000000000002e-01,4.1887902047863905e+00,1.9231570221846991e+03,0.0000000000000000e+00,2.7755575615628914e-17,True,1,1,-2.4753155099622366e-18,-1.2190220149416112e-16,4.3222440228441322e-03,0.0000000000000000e+00,4.3222439596003054e-03,4.3222439596029283e-03,0.0000000000000000e+00,5.4268440839620833e-32,-5.9301365901154313e-12,-5.9294721910241321e-12
polarized,h_in_plus_minus_h_in_minus,5.5000000000000000e+00,-4.0000000000000002e-01,4.1887902047863905e+00,2.2272295869712393e+03,-5.6843418860808015e-13,-3.0531133177191805e-16,True,1,1,7.1747287942397882e-17,2.2877565511901656e-16,5.1267516171557559e-03,0.0000000000000000e+00,5.1267524600157738e-03,5.1267524600126790e-03,0.0000000000000000e+00,-1.9329633864435085e-31,1.9020619454468424e-10,1.9020552667614599e-10
polarized,h_in_plus_minus_h_in_minus,6.0000000000000000e+00,-4.0000000000000002e-01,4.1887902047863905e+00,2.8283061528395278e+03,-5.6843418860808015e-13,-1.1102230246251565e-16,True,1,1,-1.4937705082338894e-17,2.3400888847902976e-16,8.6320157062745873e-03,0.0000000000000000e+00,8.6320137929870311e-03,8.6320137929832425e-03,0.0000000000000000e+00,-1.0301635051423718e-31,-3.2710071630470683e-10,-3.2710138070379813e-10
polarized,h_in_plus_minus_h_in_minus,1.0000000000000000e+00,-4.0000000000000002e-01,4.7123889803846897e+00,1.2677381562669539e+03,0.0000000000000000e+00,4.1633363423443370e-17,True,1,1,1.1066775599200454e-18,1.3758368357221248e-17,1.3447851093138424e-02,0.0000000000000000e+00,1.3447853383171227e-02,1.3447853383171227e-02,0.0000000000000000e+00,-2.2059769592940954e-33,7.1976507046156435e-10,7.1976507046156435e-10
polarized,h_in_plus_minus_h_in_minus,1.5000000000000000e+00,-4.0000000000000002e-01,4.7123889803846897e+00,1.0212175085047788e+03,5.6843418860808015e-14,0.0000000000000000e+00,True,1,1,8.0185890940046381e-18,-2.2140548428602648e-17,8.6280240093027927e-03,0.0000000000000000e+00,8.6280249574444412e-03,8.6280249574432200e-03,0.0000000000000000e+00,4.7888936632923984e-33,3.5990920313477837e-10,3.5990875904556852e-10
polarized,h_in_plus_minus_h_in_minus,2.0000000000000000e+00,-4.0000000000000002e-01,4.7123889803846897e+00,9.1003462299133480e+02,-2.8421709430404007e-14,-2.7755575615628914e-17,True,1,1,3.8994189483203302e-17,-6.4257438646520728e-18,-8.7737805402277047e-05,-1.4901161193847656e-08,-8.7737848301516763e-05,-8.7737848302626986e-05,-3.3956882922468921e-09,-2.2204460492503131e-16,-1.7276263752918908e-11,-1.7276700903234854e-11
polarized,h_in_plus_minus_h_in_minus,2.5000000000000000e+00,-4.0000000000000002e-01,4.7123889803846897e+00,8.5653976787560521e+02,-2.8421709430404007e-14,-2.7755575615628914e-17,True,1,1,1.6427183744634370e-17,-4.2668012154919686e-17,-1.1219291353888022e-02,6.1722630615993611e-09,-1.1219291778112567e-02,-1.1219291778109819e-02,1.2489946051149136e-09,2.2204460492503141e-16,-2.2791504794561490e-10,-2.2791393772259028e-10
polarized,h_in_plus_minus_h_in_minus,3.0000000000000000e+00,-4.0000000000000002e-01,4.7123889803846897e+00,8.3691103704814248e+02,1.4210854715202004e-13,6.9388939039072284e-17,True,1,1,-1.4907822613791527e-17,2.9266505748905846e-17,-2.3518794169489654e-02,2.5809568279517847e-08,-2.3518792932944843e-02,-2.3518792932943733e-02,6.0025729407332772e-09,6.6613381477509383e-16,4.8156974241653216e-10,4.8157019344463592e-10
polarized,h_in_plus_minus_h_in_minus,3.5000000000000000e+00,-4.0000000000000002e-01,4.7123889803846897e+00,8.4340996770645074e+02,1.1368683772161603e-13,1.1102230246251565e-16,True,1,1,2.9681994514508714e-17,-8.7252245481286630e-17,-3.5720097941594670e-02,2.1073424255447017e-08,-3.5720098550017093e-02,-3.5720098550017093e-02,4.7650573427729669e-09,4.4408920985006281e-16,-3.9827999925856616e-10,-3.9827999925856616e-10
polarized,h_in_plus_minus_h_in_minus,4.0000000000000000e+00,-4.0000000000000002e-01,4.7123889803846897e+00,8.7572388965463256e+02,0.0000000000000000e+00,-8.3266726846886741e-17,True,1,1,1.8885960536313364e-17,-3.0890950502116003e-17,-4.6395719443479783e-02,0.0000000000000000e+00,-4.6395717762947097e-02,-4.6395717762948069e-02,0.0000000000000000e+00,5.1796371386697235e-33,5.7594382041337155e-10,5.7594336938526780e-10
polarized,h_in_plus_minus_h_in_minus,4.5000000000000000e+00,-4.0000000000000002e-01,4.7123889803846897e+00,9.3943157282869356e+02,0.0000000000000000e+00,0.0000000000000000e+00,True,1,1,6.9116828302343589e-18,-4.5003581319223500e-17,-5.3902666734781168e-02,0.0000000000000000e+00,-5.3902670483852305e-02,-5.3902670483855858e-02,0.0000000000000000e+00,4.9804235005175771e-33,-1.7277325750630901e-09,-1.7277339142696135e-09
polarized,h_in_plus_minus_h_in_minus,5.0000000000000000e+00,-4.0000000000000002e-01,4.7123889803846897e+00,1.0482651989156052e+03,1.7053025658242404e-13,1.1102230246251565e-16,True,1,1,-3.9368971760074644e-17,-2.3351800649316377e-16,-5.6443471653419369e-02,0.0000000000000000e+00,-5.6443471731198180e-02,-5.6443471731198180e-02,0.0000000000000000e+00,2.4527609927017693e-31,-1.5523284394025616e-10,-1.5523284394025616e-10
polarized,h_in_plus_minus_h_in_minus,5.5000000000000000e+00,-4.0000000000000002e-01,4.7123889803846897e+00,1.2323737084296124e+03,-1.7053025658242404e-13,-5.5511151231257827e-17,True,1,1,9.4173372342190811e-17,-2.6800890341688548e-16,-5.2302976794809247e-02,-6.1722630615993611e-09,-5.2302978778388381e-02,-5.2302978778389547e-02,-2.2590094863970002e-09,-2.2204460492503128e-16,-7.6273524302061801e-10,-7.6273568710982786e-10
polarized,h_in_plus_minus_h_in_minus,6.0000000000000000e+00,-4.0000000000000002e-01,4.7123889803846897e+00,1.5648803240273355e+03,-1.1368683772161603e-13,-8.3266726846886741e-17,True,1,1,7.3811598494064587e-17,-2.4896553792264672e-16,-4.0338547933756172e-02,0.0000000000000000e+00,-4.0338548474409444e-02,-4.0338548474409444e-02,0.0000000000000000e+00,1.2553299766453169e-31,-2.6749684758908820e-10,-2.6749684758908820e-10
polarized,h_in_plus_minus_h_in_minus,1.0000000000000000e+00,-4.0000000000000002e-01,5.2359877559829879e+00,4.2153578625727772e+02,-5.6843418860808015e-14,-1.1102230246251565e-16,True,1,1,-3.2291996347770596e-17,2.4585037237617593e-17,3.7225293147839511e-03,-2.1073424255447017e-08,3.7225277676743995e-03,3.7225277676743995e-03,-7.8504268779124310e-09,-4.4408920985006271e-16,-9.7762949125002052e-10,-9.7762949125002052e-10
polarized,h_in_plus_minus_h_in_minus,1.5000000000000000e+00,-4.0000000000000002e-01,5.2359877559829879e+00,3.7944286004721675e+02,2.8421709430404007e-14,2.7755575615628914e-17,True,1,1,3.0946523794661187e-17,-2.4425460103115085e-17,-3.0125349099219212e-02,-2.1073424255447017e-08,-3.0125346607292325e-02,-3.0125346607293269e-02,-8.7815847757864453e-09,-4.4408920985006271e-16,1.6484560383389635e-09,1.6484553722051487e-09
polarized,h_in_plus_minus_h_in_minus,2.0000000000000000e+00,-4.0000000000000002e-01,5.2359877559829879e+00,3.7056566446368697e+02,1.4210854715202004e-14,-1.3877787807814457e-17,True,1,1,-2.8339947470390770e-17,-1.4235293146905307e-17,-6.8410458661751272e-02,0.0000000000000000e+00,-6.8410453903447521e-02,-6.8410453903446189e-02,0.0000000000000000e+00,1.1288406433709852e-32,2.8231100096531847e-09,2.8231109394649678e-09
polarized,h_in_plus_minus_h_in_minus,2.5000000000000000e+00,-4.0000000000000002e-01,5.2359877559829879e+00,3.7632225550044427e+02,1.2789769243681803e-13,3.0531133177191805e-16,True,1,1,3.8899337979355905e-17,2.4582011096243730e-17,-1.0633379675652854e-01,0.0000000000000000e+00,-1.0633379389771697e-01,-1.0633379389771641e-01,0.0000000000000000e+00,-8.1878501311627696e-33,1.6968474680911783e-09,1.6968479121803881e-09
polarized,h_in_plus_minus_h_in_minus,3.0000000000000000e+00,-4.0000000000000002e-01,5.2359877559829879e+00,3.9236289041313779e+02,0.0000000000000000e+00,1.3877787807814457e-17,True,1,1,6.3530039715849799e-17,-1.6280282365508636e-16,-1.4105307537114431e-01,0.0000000000000000e+00,-1.4105307347086132e-01,-1.4105307347086082e-01,0.0000000000000000e+00,7.3358870735434733e-32,9.0293586496592582e-10,9.0293625354398444e-10
polarized,h_in_plus_minus_h_in_minus,3.5000000000000000e+00,-4.0000000000000002e-01,5.2359877559829879e+00,4.1860454793730548e+02,-8.5265128291212022e-14,-1.1102230246251565e-16,True,1,1,-4.6829555133490021e-17,-1.0395219484992029e-16,-1.7006291148578703e-01,0.0000000000000000e+00,-1.7006291473930638e-01,-1.7006291473930443e-01,0.0000000000000000e+00,7.4984357562105541e-32,-3.0356192975977692e-09,-3.0356179930857152e-09
polarized,h_in_plus_minus_h_in_minus,4.0000000000000000e+00,-4.0000000000000002e-01,5.2359877559829879e+00,4.5742663422496605e+02,-2.8421709430404007e-14,-9.7144514654701197e-17,True,1,1,-5.7611039702819973e-17,-1.8329422861907862e-16,-1.9068097038305815e-01,0.0000000000000000e+00,-1.9068097320332103e-01,-1.9068097320332103e-01,0.0000000000000000e+00,6.3451034622433718e-32,-2.4902019890582494e-09,-2.4902019890582494e-09
polarized,h_in_plus_minus_h_in_minus,4.5000000000000000e+00,-4.0000000000000002e-01,5.2359877559829879e+00,5.1395682150984931e+02,8.5265128291212022e-14,1.1102230246251565e-16,True,1,1,7.7707443154169736e-17,6.1378527071702361e-17,-2.0001518193787768e-01,0.0000000000000000e+00,-2.0001518088185188e-01,-2.0001518088185302e-01,0.0000000000000000e+00,-2.4778606025488361e-32,4.1327990335515707e-10,4.1327945232705332e-10
polarized,h_in_plus_minus_h_in_minus,5.0000000000000000e+00,-4.0000000000000002e-01,5.2359877559829879e+00,5.9799933287353133e+02,0.0000000000000000e+00,5.5511151231257827e-17,True,1,1,-2.8720142499277015e-17,-2.0764703715447880e-16,-1.9529010296142990e-01,0.0000000000000000e+00,-1.9529010412290124e-01,-1.9529010412290124e-01,0.0000000000000000e+00,1.2504803346414766e-31,-1.4680259230459569e-09,-1.4680259230459569e-09
polarized,h_in_plus_minus_h_in_minus,5.5000000000000000e+00,-4.0000000000000002e-01,5.2359877559829879e+00,7.2938922539140879e+02,1.1368683772161603e-13,0.0000000000000000e+00,True,1,1,1.0237753531169404e-17,-8.6168805000600369e-17,-1.7451338937888264e-01,0.0000000000000000e+00,-1.7451338824455309e-01,-1.7451338824455462e-01,0.0000000000000000e+00,1.8753121093818394e-32,-8.1279392938338191e-11,-8.1279833558101089e-11
polarized,h_in_plus_minus_h_in_minus,6.0000000000000000e+00,-4.0000000000000002e-01,5.2359877559829879e+00,9.5430532875226675e+02,-3.4106051316484809e-13,-1.3877787807814457e-16,True,1,1,-1.1317610874078662e-17,-1.0230821929278221e-16,-1.3737101899059545e-01,0.0000000000000000e+00,-1.3737102057335787e-01,-1.3737102057335973e-01,0.0000000000000000e+00,4.1202998970569889e-32,-1.1898406149235541e-09,-1.1898410624822109e-09
polarized,h_in_plus_minus_h_in_minus,1.0000000000000000e+00,-4.0000000000000002e-01,5.7595865315812871e+00,1.4983808434579907e+02,0.0000000000000000e+00,1.3877787807814457e-17,True,1,1,-4.2076375851692336e-18,-6.3619802227656278e-18,-1.1299714886378043e-02,-1.4901161193847656e-08,-1.1299713023733560e-02,-1.1299713023733560e-02,-8.5982071763206465e-09,-2.2204460492503131e-16,1.8194710738050901e-09,1.8194710738050901e-09
polarized,h_in_plus_minus_h_in_minus,1.5000000000000000e+00,-4.0000000000000002e-01,5.7595865315812871e+00,1.4819443606611748e+02,0.0000000000000000e+00,1.3877787807814457e-17,True,1,1,-8.9603142654997356e-17,-2.4793944275432673e-17,-1.5227465281193409e-01,-1.4901161193847656e-08,-1.5227464944026886e-01,-1.5227464944026919e-01,-9.7712921731584697e-09,-2.2204460492503128e-16,2.3778714552946667e-09,2.3778712610056374e-09
polarized,h_in_plus_minus_h_in_minus,2.0000000000000000e+00,-4.0000000000000002e-01,5.7595865315812871e+00,1.6075140536938119e+02,2.1316282072803006e-14,1.2490009027033011e-16,True,1,1,4.2383398194386297e-17,7.0745352441423357e-17,-2.7572803970026527e-01,2.9802322387695312e-08,-2.7572804337021567e-01,-2.7572804337021439e-01,1.2030427073906685e-08,8.8817841970012523e-16,-4.5897870781796968e-09,-4.5897861900012771e-09
polarized,h_in_plus_minus_h_in_minus,2.5000000000000000e+00,-4.0000000000000002e-01,5.7595865315812871e+00,1.7922742096587706e+02,0.0000000000000000e+00,0.0000000000000000e+00,True,1,1,-5.2424059680575841e-17,-6.9271612570496846e-17,-3.6932016322755701e-01,1.4901161193847656e-08,-3.6932016720096028e-01,-3.6932016720095923e-01,5.0699947724518714e-09,2.2204460492503136e-16,-5.2765048441649753e-09,-5.2765039837421313e-09
polarized,h_in_plus_minus_h_in_minus,3.0000000000000000e+00,-4.0000000000000002e-01,5.7595865315812871e+00,2.0259280177943020e+02,0.0000000000000000e+00,-1.3877787807814457e-17,True,1,1,1.1312492306528639e-16,-1.8630521594783964e-16,-4.3581130957929304e-01,0.0000000000000000e+00,-4.3581131416589014e-01,-4.3581131416588981e-01,0.0000000000000000e+00,1.9719119418297452e-32,-7.2699149478161473e-09,-7.2699145037269375e-09
polarized,h_in_plus_minus_h_in_minus,3.5000000000000000e+00,-4.0000000000000002e-01,5.7595865315812871e+00,2.3193480879977898e+02,0.0000000000000000e+00,-2.7755575615628914e-17,True,1,1,8.3068481625813793e-17,-2.8158405424788112e-16,-4.7667120500682064e-01,-2.5809568279517847e-08,-4.7667121182342276e-01,-4.7667121182342187e-01,-2.0428533681855756e-08,-6.6613381477509373e-16,-1.0474822467743117e-08,-1.0474822308148557e-08
polarized,h_in_plus_minus_h_in_minus,4.0000000000000000e+00,-4.0000000000000002e-01,5.7595865315812871e+00,2.6976845926324461e+02,-2.8421709430404007e-14,-2.7755575615628914e-17,True,1,1,3.9215543608943511e-17,-2.3528428727915293e-16,-4.9112543537059827e-01,0.0000000000000000e+00,-4.9112543735462444e-01,-4.9112543735462444e-01,0.0000000000000000e+00,7.9199514203026498e-32,-3.2000423248745857e-09,-3.2000423248745857e-09
polarized,h_in_plus_minus_h_in_minus,4.5000000000000000e+00,-4.0000000000000002e-01,5.7595865315812871e+00,3.2051531473314265e+02,4.2632564145606011e-14,1.1102230246251565e-16,True,1,1,3.5291463726964409e-18,-1.8974005657033649e-16,-4.7750952201700581e-01,0.0000000000000000e+00,-4.7750952154930215e-01,-4.7750952154930354e-01,0.0000000000000000e+00,1.1081795232771204e-31,-1.0843811855398844e-09,-1.0843814596261936e-09
polarized,h_in_plus_minus_h_in_minus,5.0000000000000000e+00,-4.0000000000000002e-01,5.7595865315812871e+00,3.9210568818811089e+02,-5.6843418860808015e-14,-2.2204460492503131e-16,True,1,1,5.3161533479177696e-17,-3.8769766300939963e-16,-4.3496455803540712e-01,-2.1073424255447017e-08,-4.3496456188188015e-01,-4.3496456188188015e-01,-1.3590613469294157e-08,-4.4408920985006252e-16,-5.0135011420149311e-09,-5.0135011420149311e-09
polarized,h_in_plus_minus_h_in_minus,5.5000000000000000e+00,-4.0000000000000002e-01,5.7595865315812871e+00,5.0015748704513419e+02,0.0000000000000000e+00,5.5511151231257827e-17,True,1,1,2.4191208054734122e-19,-1.7963037968836474e-16,-3.6506358062698868e-01,0.0000000000000000e+00,-3.6506357992328287e-01,-3.6506357992328392e-01,0.0000000000000000e+00,1.1217810535617572e-31,1.4811803866754403e-10,1.4811781662293910e-10
polarized,h_in_plus_minus_h_in_minus,6.0000000000000000e+00,-4.0000000000000002e-01,5.7595865315812871e+00,6.8051919113145857e+02,0.0000000000000000e+00,-2.7755575615628914e-17,True,1,1,-3.8245506764400445e-17,-2.9094263308730608e-16,-2.7286126264409810e-01,0.0000000000000000e+00,-2.7286126264409927e-01,-2.7286126264409954e-01,0.0000000000000000e+00,1.3825462072427624e-31,-8.3266726846886741e-17,-2.7755575615628914e-16
