detail_id,selected_observable,selected_observable_label,selected_spin_case,selected_region,qOut_regime,cluster_id,energy_band_cluster_id,selected_concurrence,selected_purity,alpha_e,alpha_p,sqrt_s,theta_p_out,theta_gamma_out,phi_p_out,qOut,phi_gamma_out
max_c_e_gamma_mixing_angles_polarization_01_local_minimum_8,C_e_gamma,C_{mu\gamma},mixing_angles,polarization_cluster_01_local_minimum_8,gradient_local_minimum,0,0,9.9999999824149599e-01,9.9999999999999989e-01,2.5224803202753225e+00,1.5977959158604338e-01,4.999749636161804,0.3126346049391011,3.140222913777891,3.141081870908329,2.005652994638719,3.140661006193776
max_c_e_gamma_mixing_angles_polarization_01_local_minimum_12,C_e_gamma,C_{mu\gamma},mixing_angles,polarization_cluster_01_local_minimum_12,gradient_local_minimum,1,1,9.9999999768979553e-01,9.9999999999999933e-01,2.4550528155441764e+00,1.2750348613154600e-01,4.999900980019237,0.19538194094394395,3.1386189302106553,3.140472989416445,2.0101210727820664,3.138587525225873
max_c_e_gamma_mixing_angles_polarization_01_local_minimum_14,C_e_gamma,C_{mu\gamma},mixing_angles,polarization_cluster_01_local_minimum_14,gradient_local_minimum,2,2,9.9999999742229506e-01,9.9999999999999989e-01,2.5815226180659065e+00,1.4772474678609190e-01,4.313576781801573,0.41399530291669256,3.1401101534970444,3.1421005168771314,1.65310815873587,3.1432927207138497
max_c_e_gamma_mixing_angles_polarization_01_local_minimum_19,C_e_gamma,C_{mu\gamma},mixing_angles,polarization_cluster_01_local_minimum_19,gradient_local_minimum,3,3,9.9999999610355006e-01,1.0000000000000000e+00,1.4750288251814634e+00,7.9636795022587095e-02,4.345082389346098,2.3781153182738253,1.542646054766218,3.141544413127447,1.228067789108663,0.4507911815763549
max_c_e_gamma_mixing_angles_polarization_01_local_minimum_21,C_e_gamma,C_{mu\gamma},mixing_angles,polarization_cluster_01_local_minimum_21,gradient_local_minimum,4,4,9.9999999544388252e-01,1.0000000000000000e+00,1.5771472368760364e+00,1.8449678404185228e-02,4.8086833307851045,2.9296328817125232,2.3118922966628963,3.1416288798488816,1.159001053850438,0.715019012966503
max_c_e_gamma_mixing_angles_polarization_01_local_minimum_23,C_e_gamma,C_{mu\gamma},mixing_angles,polarization_cluster_01_local_minimum_23,gradient_local_minimum,5,5,9.9999999521337379e-01,1.0000000000000000e+00,1.5756760034611923e+00,1.5678265566468359e-02,4.666503937192403,2.96783534539123,2.2845206382413186,3.141669512333741,1.0448823167152999,5.626845751664402
max_c_e_gamma_mixing_angles_polarization_01_local_minimum_30,C_e_gamma,C_{mu\gamma},mixing_angles,polarization_cluster_01_local_minimum_30,gradient_local_minimum,6,6,9.9999999155484709e-01,1.0000000000000002e+00,7.4327487900894162e-01,1.3688670299796082e-01,4.999471104611931,0.2195930683677219,3.140303800008318,3.139048497716556,2.020470936681502,6.269422377765441
max_c_e_gamma_mixing_angles_polarization_01_local_minimum_32,C_e_gamma,C_{mu\gamma},mixing_angles,polarization_cluster_01_local_minimum_32,gradient_local_minimum,7,7,9.9999998980954730e-01,9.9999999999999967e-01,7.7084643873581260e-01,2.1700251153329631e-01,4.275821989619905,0.4718387894147842,3.141592653589793,3.1414026759682643,1.08937354763783,0.5491967903979268
max_c_e_gamma_mixing_angles_polarization_01_local_minimum_40,C_e_gamma,C_{mu\gamma},mixing_angles,polarization_cluster_01_local_minimum_40,gradient_local_minimum,8,8,9.9999998434827941e-01,1.0000000000000002e+00,1.5121625598235278e+00,6.2444747187100989e-02,3.9026518512201536,2.597598864104178,0.9228369651565612,3.1414454761559307,1.14182530926842,0.3608030942606605
max_c_e_gamma_mixing_angles_polarization_01_local_minimum_45,C_e_gamma,C_{mu\gamma},mixing_angles,polarization_cluster_01_local_minimum_45,gradient_local_minimum,9,9,9.9999998015586233e-01,9.9999999999999978e-01,2.3491755558710832e+00,8.5760286603973307e-02,4.533344400274611,0.09539415904818674,3.025631710870698,3.099217515921048,1.7592774647757006,0.003040805486149575
max_c_e_gamma_mixing_angles_polarization_01_local_minimum_48,C_e_gamma,C_{mu\gamma},mixing_angles,polarization_cluster_01_local_minimum_48,gradient_local_minimum,10,10,9.9999997629641812e-01,1.0000000000000000e+00,7.8461305608297593e-01,2.8978135991296897e-02,4.567386194493292,0.06984898345342014,3.1167523993505344,3.2525353643614285,1.8116280868468477,2.738608838879402
max_c_e_gamma_mixing_angles_polarization_01_local_minimum_55,C_e_gamma,C_{mu\gamma},mixing_angles,polarization_cluster_01_local_minimum_55,gradient_local_minimum,11,11,9.9999997096776327e-01,1.0000000000000002e+00,1.6186725705092195e+00,5.6281331149565579e-02,4.048731015822858,2.628381190867052,1.233909085452347,3.141437794921745,1.0103118396406874,0.5414146952849938
max_c_e_gamma_mixing_angles_polarization_01_local_minimum_57,C_e_gamma,C_{mu\gamma},mixing_angles,polarization_cluster_01_local_minimum_57,gradient_local_minimum,12,12,9.9999996847616823e-01,1.0000000000000004e+00,1.6605815754952555e+00,7.7225564714412900e-02,4.445998998797727,2.380989676471356,1.5556835608907742,3.141845874742585,1.3140397042475125,0.5323764845906365
max_c_e_gamma_mixing_angles_polarization_01_local_minimum_60,C_e_gamma,C_{mu\gamma},mixing_angles,polarization_cluster_01_local_minimum_60,gradient_local_minimum,13,13,9.9999996412653325e-01,1.0000000000000000e+00,1.4423599197465116e+00,9.2196094059276756e-02,4.90889036387631,2.160164523403397,1.9469895053197708,3.1418497120693147,1.5381257461222893,5.826193807502185
max_c_e_gamma_mixing_angles_polarization_01_local_minimum_64,C_e_gamma,C_{mu\gamma},mixing_angles,polarization_cluster_01_local_minimum_64,gradient_local_minimum,14,14,9.9999996204095032e-01,1.0000000000000002e+00,7.3431857199294193e-01,9.7549077725391453e-02,3.532906784356559,0.008114436521168295,3.0865628523033997,6.280078868034426,1.0046682119666452,6.2800443992628185
max_c_e_gamma_mixing_angles_polarization_01_local_minimum_65,C_e_gamma,C_{mu\gamma},mixing_angles,polarization_cluster_01_local_minimum_65,gradient_local_minimum,15,15,9.9999996128798507e-01,1.0000000000000002e+00,7.3041057182112612e-01,1.4753945994235415e-01,4.84907696719266,0.25242599629077567,3.141047881720944,3.142754158470041,1.9080827439503658,0.08974326414497985
max_c_e_gamma_mixing_angles_polarization_01_local_minimum_71,C_e_gamma,C_{mu\gamma},mixing_angles,polarization_cluster_01_local_minimum_71,gradient_local_minimum,16,16,9.9999995897417837e-01,1.0000000000000000e+00,7.5889484829165887e-01,1.3655583774706986e-01,4.999983540427795,0.21243033745210269,3.1390961236354578,3.137350661539333,2.009665432569968,6.231313941799809
max_c_e_gamma_mixing_angles_polarization_01_local_minimum_72,C_e_gamma,C_{mu\gamma},mixing_angles,polarization_cluster_01_local_minimum_72,gradient_local_minimum,17,17,9.9999995837247924e-01,9.9999999999999978e-01,7.6962770434741479e-01,1.2961307284295553e-01,5.0,0.20016644097850253,3.1375151449725127,3.1460577000862586,2.02915086938901,0.0271763546594369
max_c_e_gamma_mixing_angles_polarization_01_local_minimum_79,C_e_gamma,C_{mu\gamma},mixing_angles,polarization_cluster_01_local_minimum_79,gradient_local_minimum,18,18,9.9999995409365805e-01,1.0000000000000002e+00,8.1680496359410582e-01,2.3399327355383945e-01,4.999658545285596,0.4520757349458554,3.138378828373111,3.141217677975893,1.3567429246864708,0.003010209625554849
max_c_e_gamma_mixing_angles_polarization_01_local_minimum_91,C_e_gamma,C_{mu\gamma},mixing_angles,polarization_cluster_01_local_minimum_91,gradient_local_minimum,19,19,9.9999993623130867e-01,9.9999999999999978e-01,1.5740549932683596e+00,1.1389494260515803e-03,4.114668304295297,3.130737607965854,2.1629018712562678,3.1414856916868006,0.5414758088585876,6.283164283321055
max_c_e_gamma_mixing_angles_polarization_01_local_minimum_93,C_e_gamma,C_{mu\gamma},mixing_angles,polarization_cluster_01_local_minimum_93,gradient_local_minimum,20,20,9.9999993481017180e-01,1.0000000000000002e+00,8.3551757552761396e-01,2.5486609109115632e-01,4.9210060376964,0.4179254398865195,2.7173583405644526,3.141805069720464,1.9838366788353816,0.00024915698688754786
max_c_e_gamma_mixing_angles_polarization_01_local_minimum_94,C_e_gamma,C_{mu\gamma},mixing_angles,polarization_cluster_01_local_minimum_94,gradient_local_minimum,21,21,9.9999993405310972e-01,1.0000000000000002e+00,7.2402112469791480e-01,2.9734223314989826e-02,3.284133089359661,0.036532985099342295,3.0965909805454177,0.0004300190749447259,1.059603479092638,0.0003795438301808762
max_c_e_gamma_mixing_angles_polarization_01_local_minimum_98,C_e_gamma,C_{mu\gamma},mixing_angles,polarization_cluster_01_local_minimum_98,gradient_local_minimum,22,22,9.9999992108243907e-01,9.9999999999999989e-01,7.5603737177005859e-01,1.7158476318894464e-01,4.999734738726071,0.2673222009975394,3.1402773156440924,3.1388190052357205,1.8684193314831485,6.182510776241013
max_c_e_gamma_mixing_angles_polarization_01_local_minimum_100,C_e_gamma,C_{mu\gamma},mixing_angles,polarization_cluster_01_local_minimum_100,gradient_local_minimum,23,23,9.9999991993725468e-01,1.0000000000000002e+00,1.5744387897624210e+00,4.3627769836182464e-03,5.0,3.08868012695784,2.422034085136718,3.1413956929870728,1.264549847637312,6.283082971633732
max_c_e_gamma_mixing_angles_polarization_01_local_minimum_101,C_e_gamma,C_{mu\gamma},mixing_angles,polarization_cluster_01_local_minimum_101,gradient_local_minimum,24,24,9.9999991865501192e-01,9.9999999999999978e-01,7.8788550692152626e-01,1.7234645771171359e-01,5.0,0.2626784475500939,3.1368437494012986,3.141451203926541,1.8561583243110484,6.280581803161467
max_c_e_gamma_mixing_angles_polarization_01_local_minimum_103,C_e_gamma,C_{mu\gamma},mixing_angles,polarization_cluster_01_local_minimum_103,gradient_local_minimum,25,25,9.9999991629174512e-01,1.0000000000000000e+00,2.4173788494567283e+00,2.3832757149138558e-03,3.0694113246164556,0.04902696987840427,3.090450939289436,4.110524460056448,0.6689765420376528,4.149152574184824
max_c_e_gamma_mixing_angles_polarization_01_local_minimum_111,C_e_gamma,C_{mu\gamma},mixing_angles,polarization_cluster_01_local_minimum_111,gradient_local_minimum,26,26,9.9999990815240625e-01,1.0000000000000002e+00,8.2342802395125114e-01,6.3122905206781113e-02,3.795523541665133,0.09265638315505792,3.0164663662711484,3.191322043107551,1.154234849359064,0.04906395053502078
max_c_e_gamma_mixing_angles_polarization_01_local_minimum_113,C_e_gamma,C_{mu\gamma},mixing_angles,polarization_cluster_01_local_minimum_113,gradient_local_minimum,27,27,9.9999990471678968e-01,9.9999999999999978e-01,7.8250936085583378e-01,1.2808739578845107e-01,3.946416877098785,0.2774275329551829,3.134454196416237,3.1563766777018865,1.4209101071333226,0.8575053371360011
max_c_e_gamma_mixing_angles_polarization_01_local_minimum_114,C_e_gamma,C_{mu\gamma},mixing_angles,polarization_cluster_01_local_minimum_114,gradient_local_minimum,28,28,9.9999990335215783e-01,9.9999999999999978e-01,9.7035976756170694e-01,2.2794368122204367e-01,4.100226086800918,1.0702208537820328,2.0711152661492935,3.1422094759378996,1.5573248906527883,6.282157489898674
max_c_e_gamma_mixing_angles_polarization_01_local_minimum_119,C_e_gamma,C_{mu\gamma},mixing_angles,polarization_cluster_01_local_minimum_119,gradient_local_minimum,29,29,9.9999988598961687e-01,9.9999999999999989e-01,7.7276362854065839e-01,1.8168822880987578e-01,3.3356977488673536,0.534978303981672,3.141592653589793,3.141541448039515,0.7744833917797744,5.73438271252463
max_c_e_gamma_mixing_angles_polarization_01_local_minimum_121,C_e_gamma,C_{mu\gamma},mixing_angles,polarization_cluster_01_local_minimum_121,gradient_local_minimum,30,30,9.9999988341963753e-01,1.0000000000000004e+00,7.6163884811726867e-01,1.3056776771832374e-01,4.999618734501394,0.2033921777367346,3.138579382256686,3.1515552421730315,2.029394513432299,0.10048888341114369
max_c_e_gamma_mixing_angles_polarization_01_local_minimum_131,C_e_gamma,C_{mu\gamma},mixing_angles,polarization_cluster_01_local_minimum_131,gradient_local_minimum,31,31,9.9999986832258847e-01,9.9999999999999978e-01,8.2398545972743453e-01,8.5115185603298268e-02,3.805715682926242,0.1274236899709602,2.985427942695011,3.036768621388186,1.3609427887335739,6.180082990301431
max_c_e_gamma_mixing_angles_polarization_01_local_minimum_144,C_e_gamma,C_{mu\gamma},mixing_angles,polarization_cluster_01_local_minimum_144,gradient_local_minimum,32,32,9.9999984684196486e-01,1.0000000000000000e+00,1.5692070555796780e+00,0.0000000000000000e+00,3.72050938061748,3.141592653589793,1.4392648662937286,3.1704028980412255,0.17274106701142494,3.141607404547778
max_c_e_gamma_mixing_angles_polarization_01_local_minimum_149,C_e_gamma,C_{mu\gamma},mixing_angles,polarization_cluster_01_local_minimum_149,gradient_local_minimum,33,33,9.9999983941872117e-01,1.0000000000000000e+00,1.8633122700554250e+00,1.4473103112571278e-01,3.739806071592059,1.8907646832355627,1.2525472080503328,3.142689313816006,1.2445411294894173,6.2805225907294036
max_c_e_gamma_mixing_angles_polarization_01_local_minimum_157,C_e_gamma,C_{mu\gamma},mixing_angles,polarization_cluster_01_local_minimum_157,gradient_local_minimum,34,34,9.9999983179282792e-01,1.0000000000000000e+00,7.8045848771652293e-01,2.3640211329139724e-01,4.254896680532799,0.45805789755029525,3.1366602915221238,3.1306505296776477,0.5013177666329881,3.4231123802478773
max_c_e_gamma_mixing_angles_polarization_01_local_minimum_162,C_e_gamma,C_{mu\gamma},mixing_angles,polarization_cluster_01_local_minimum_162,gradient_local_minimum,35,35,9.9999982500845119e-01,1.0000000000000000e+00,7.7797115029076891e-01,1.7545441975927642e-01,3.1571220165126412,0.5631758341288263,3.141592653589793,3.141559759108011,0.6933120278588666,0.4440077863404258
max_c_e_gamma_mixing_angles_polarization_01_local_minimum_165,C_e_gamma,C_{mu\gamma},mixing_angles,polarization_cluster_01_local_minimum_165,gradient_local_minimum,36,36,9.9999981978356789e-01,1.0000000000000004e+00,7.2352715772415088e-01,1.6321978570824675e-01,4.999749270156858,0.2710959471547465,3.1414800132921976,3.1397019467230556,1.9419057585097792,5.777642068260075
max_c_e_gamma_mixing_angles_polarization_01_local_minimum_181,C_e_gamma,C_{mu\gamma},mixing_angles,polarization_cluster_01_local_minimum_181,gradient_local_minimum,37,37,9.9999979472701661e-01,1.0000000000000000e+00,7.9635472837764165e-01,4.2571489348880935e-02,3.504716580829389,0.016572002938403607,3.0661542645009514,5.98014862250171,1.0821649236108801,2.7549673660927176
max_c_e_gamma_mixing_angles_polarization_01_local_minimum_187,C_e_gamma,C_{mu\gamma},mixing_angles,polarization_cluster_01_local_minimum_187,gradient_local_minimum,38,38,9.9999978109599741e-01,1.0000000000000004e+00,2.2523913794511605e+00,2.4718331347191733e-01,3.8946175495472968,0.707064845297371,2.4307731272332247,3.146790266493053,1.4400469136141325,0.009361781803297352
max_c_e_gamma_mixing_angles_polarization_01_local_minimum_192,C_e_gamma,C_{mu\gamma},mixing_angles,polarization_cluster_01_local_minimum_192,gradient_local_minimum,39,39,9.9999976741320939e-01,9.9999999999999967e-01,7.7942038140129655e-01,1.3383313347496630e-03,3.0397305245827146,0.053993521457726366,3.0353754255196552,5.689931141089295,1.013369445783093,2.645499512280785
max_c_e_gamma_mixing_angles_polarization_01_local_minimum_197,C_e_gamma,C_{mu\gamma},mixing_angles,polarization_cluster_01_local_minimum_197,gradient_local_minimum,40,40,9.9999975245881056e-01,9.9999999999999967e-01,2.3412890528206307e+00,3.7099285787711524e-02,3.708229666785753,0.06964779831580857,3.034688174187385,3.6373877013214466,1.2728004576125873,0.5516407047211518
max_c_e_gamma_mixing_angles_polarization_01_local_minimum_198,C_e_gamma,C_{mu\gamma},mixing_angles,polarization_cluster_01_local_minimum_198,gradient_local_minimum,41,41,9.9999975166708499e-01,9.9999999999999967e-01,2.3463792927482969e+00,7.3926613449126086e-02,4.999071516914865,0.07733417810141625,3.0432204949253783,2.815795651740741,2.0286070852131886,5.901838138158803
max_c_e_gamma_mixing_angles_polarization_01_local_minimum_212,C_e_gamma,C_{mu\gamma},mixing_angles,polarization_cluster_01_local_minimum_212,gradient_local_minimum,42,42,9.9999972743375420e-01,1.0000000000000000e+00,2.3738050035031599e+00,2.6646078201681142e-03,4.511398659337017,0.045306161425165185,3.0688139110245403,4.685175340648383,1.7087003371019318,1.4882598160597058
max_c_e_gamma_mixing_angles_polarization_01_local_minimum_215,C_e_gamma,C_{mu\gamma},mixing_angles,polarization_cluster_01_local_minimum_215,gradient_local_minimum,43,43,9.9999971494033790e-01,1.0000000000000000e+00,2.2760072197040251e+00,1.5943546911456854e-02,3.3571693175542077,0.08679417209721146,3.0904300059254495,2.9326079643299328,1.0452299699826502,2.962741639394872
max_c_e_gamma_mixing_angles_polarization_01_local_minimum_217,C_e_gamma,C_{mu\gamma},mixing_angles,polarization_cluster_01_local_minimum_217,gradient_local_minimum,44,44,9.9999971059584225e-01,1.0000000000000000e+00,2.3729864626942159e+00,8.0357010298019119e-03,4.3800660803946725,0.04247339638557199,3.0674604291715273,4.511993102549112,1.3612138633292583,1.3397745757634858
max_c_e_gamma_mixing_angles_polarization_01_local_minimum_224,C_e_gamma,C_{mu\gamma},mixing_angles,polarization_cluster_01_local_minimum_224,gradient_local_minimum,45,45,9.9999969956869716e-01,9.9999999999999989e-01,8.5161249147460483e-01,2.5782019113050547e-01,4.5023685731864145,0.5688076794084075,2.569554365657099,3.1416728322542014,1.7757021476943184,8.383426550898986e-05
max_c_e_gamma_mixing_angles_polarization_01_local_minimum_234,C_e_gamma,C_{mu\gamma},mixing_angles,polarization_cluster_01_local_minimum_234,gradient_local_minimum,46,46,9.9999965205479335e-01,1.0000000000000000e+00,8.4282867456305322e-01,1.6692440050173316e-01,4.881807695432151,0.28330812234412206,3.1176688714002068,3.1364458991696753,1.913269425117979,0.0066178161945545004
max_c_e_gamma_mixing_angles_polarization_01_local_minimum_242,C_e_gamma,C_{mu\gamma},mixing_angles,polarization_cluster_01_local_minimum_242,gradient_local_minimum,47,47,9.9999962855912572e-01,1.0000000000000002e+00,2.3689008676368819e+00,1.3590303409684125e-02,4.75239017051209,0.04913490996104121,3.066498167377417,4.401349361177627,1.6090807321532785,1.2273223111531277
max_c_e_gamma_mixing_angles_polarization_01_local_minimum_246,C_e_gamma,C_{mu\gamma},mixing_angles,polarization_cluster_01_local_minimum_246,gradient_local_minimum,48,48,9.9999962355308103e-01,1.0000000000000002e+00,2.3259142307852154e+00,1.6652277108987293e-01,3.437969690005566,0.2983196969353594,2.829321272309758,3.1753224248583836,1.1940947284405787,0.019268416241179094
max_c_e_gamma_mixing_angles_polarization_01_local_minimum_247,C_e_gamma,C_{mu\gamma},mixing_angles,polarization_cluster_01_local_minimum_247,gradient_local_minimum,49,49,9.9999961866592124e-01,1.0000000000000004e+00,2.3755231432020891e+00,2.5202699730771404e-04,4.1186085566961745,0.0538262975769296,3.0577620608982063,4.692164480549568,1.4464582941089899,1.5070436507025615
max_c_e_gamma_mixing_angles_polarization_01_local_minimum_249,C_e_gamma,C_{mu\gamma},mixing_angles,polarization_cluster_01_local_minimum_249,gradient_local_minimum,50,50,9.9999961092378498e-01,9.9999999999999967e-01,8.0712095380270166e-01,2.2211278505096491e-03,4.948905658788939,0.048372563218651,3.064758612144767,4.645333758980738,1.6697708312721598,1.4798838955095739
max_c_e_gamma_mixing_angles_polarization_01_local_minimum_250,C_e_gamma,C_{mu\gamma},mixing_angles,polarization_cluster_01_local_minimum_250,gradient_local_minimum,51,51,9.9999959959046791e-01,1.0000000000000000e+00,8.1276246222005288e-01,7.5825572665027543e-04,4.521136640417138,0.04776510056519268,3.058304300219502,4.612184243211323,1.7239154406949417,1.4213929224627884
max_c_e_gamma_mixing_angles_polarization_01_local_minimum_258,C_e_gamma,C_{mu\gamma},mixing_angles,polarization_cluster_01_local_minimum_258,gradient_local_minimum,52,52,9.9999957724858479e-01,9.9999999999999989e-01,2.2028574391294216e+00,2.3744773221180929e-01,4.981699256066914,0.9810290630264388,2.158803536564574,3.142363303921079,1.871662313669101,6.2825717148644316
max_c_e_gamma_mixing_angles_polarization_01_local_minimum_259,C_e_gamma,C_{mu\gamma},mixing_angles,polarization_cluster_01_local_minimum_259,gradient_local_minimum,53,53,9.9999957605634704e-01,1.0000000000000000e+00,8.2327171673412181e-01,1.4432954628989947e-01,4.154796221661237,0.19670038481763624,2.9261989827335544,3.1926241198837246,1.6066614570137538,0.05047256931460746
max_c_e_gamma_mixing_angles_polarization_01_local_minimum_260,C_e_gamma,C_{mu\gamma},mixing_angles,polarization_cluster_01_local_minimum_260,gradient_local_minimum,54,54,9.9999957423981189e-01,1.0000000000000000e+00,2.3619021783926053e+00,1.1757232713422025e-01,2.5762131331125784,0.010785354591827246,3.0534104151363626,6.219453089091573,0.501495342965603,6.283108608140193
max_c_e_gamma_mixing_angles_polarization_01_local_minimum_265,C_e_gamma,C_{mu\gamma},mixing_angles,polarization_cluster_01_local_minimum_265,gradient_local_minimum,55,55,9.9999955824704112e-01,1.0000000000000000e+00,2.2511508571972496e+00,2.5188493847421206e-01,4.242792642120138,0.7395149787951466,2.398846194435213,3.145608259724615,1.6306590324257506,0.007618439591939288
max_c_e_gamma_mixing_angles_polarization_01_local_minimum_266,C_e_gamma,C_{mu\gamma},mixing_angles,polarization_cluster_01_local_minimum_266,gradient_local_minimum,56,56,9.9999955581083055e-01,1.0000000000000002e+00,7.7875245081459732e-01,1.6681039583241100e-01,4.999904066001809,0.2522120606476669,3.137717459142672,3.126079252836606,1.874504922374602,5.723663274786789
max_c_e_gamma_mixing_angles_polarization_01_local_minimum_268,C_e_gamma,C_{mu\gamma},mixing_angles,polarization_cluster_01_local_minimum_268,gradient_local_minimum,57,57,9.9999954456423279e-01,9.9999999999999978e-01,9.8798025655185107e-01,2.1151152825589745e-01,4.351999290531226,1.0334032245757137,3.132099364390067,3.1419672118806754,0.6762461414966724,6.283086381206433
max_c_e_gamma_mixing_angles_polarization_01_local_minimum_269,C_e_gamma,C_{mu\gamma},mixing_angles,polarization_cluster_01_local_minimum_269,gradient_local_minimum,58,58,9.9999953961474952e-01,1.0000000000000000e+00,7.8661970581236695e-01,9.2942925912294930e-02,3.327030922829863,0.29971022149366805,3.1308208098862917,3.14548963378412,1.175975319721789,5.82071844099399
max_c_e_gamma_mixing_angles_polarization_01_local_minimum_276,C_e_gamma,C_{mu\gamma},mixing_angles,polarization_cluster_01_local_minimum_276,gradient_local_minimum,59,59,9.9999951280451871e-01,1.0000000000000002e+00,2.3351220897027485e+00,1.4450529839536658e-01,3.7791205308806326,0.2121345952722876,2.9140202827648563,3.0626905578452694,1.3389759986574992,6.185863932107193
max_c_e_gamma_mixing_angles_polarization_01_local_minimum_277,C_e_gamma,C_{mu\gamma},mixing_angles,polarization_cluster_01_local_minimum_277,gradient_local_minimum,60,60,9.9999949511773545e-01,1.0000000000000000e+00,2.3580797138774234e+00,4.1638660845466351e-02,3.3875783722363524,0.08675115230806241,3.019406582857916,3.6789135396312225,1.0961013471569991,0.4887519051115516
max_c_e_gamma_mixing_angles_polarization_01_local_minimum_281,C_e_gamma,C_{mu\gamma},mixing_angles,polarization_cluster_01_local_minimum_281,gradient_local_minimum,61,61,9.9999947839127079e-01,1.0000000000000004e+00,2.3410806081254765e+00,4.9204571943257037e-02,3.9338542241508727,0.07993319862494809,3.030001140334764,2.5846531428527437,1.411096044091524,5.675587890655852
max_c_e_gamma_mixing_angles_polarization_01_local_minimum_284,C_e_gamma,C_{mu\gamma},mixing_angles,polarization_cluster_01_local_minimum_284,gradient_local_minimum,62,62,9.9999947056745797e-01,9.9999999999999978e-01,2.2943353359951870e+00,8.2528820454123589e-02,4.552077089122349,0.09629767557313754,3.119164763353661,3.4332401889784867,0.8782635169410322,3.4173758169307797
max_c_e_gamma_mixing_angles_polarization_01_local_minimum_286,C_e_gamma,C_{mu\gamma},mixing_angles,polarization_cluster_01_local_minimum_286,gradient_local_minimum,63,63,9.9999946273846707e-01,1.0000000000000000e+00,8.1965031509621211e-01,2.5058137297809469e-01,4.883571899257387,0.3960778396772171,2.741600849682073,3.143054316640544,1.9267571225344688,0.0015040101949710947
max_c_e_gamma_mixing_angles_polarization_01_local_minimum_288,C_e_gamma,C_{mu\gamma},mixing_angles,polarization_cluster_01_local_minimum_288,gradient_local_minimum,64,64,9.9999946133551232e-01,1.0000000000000004e+00,2.3405628460087251e+00,2.7092756212240696e-02,3.350432907084646,0.05686557867745116,3.0381088830235004,2.410878686578978,0.6490732723327619,5.534079767087154
max_c_e_gamma_mixing_angles_polarization_01_local_minimum_292,C_e_gamma,C_{mu\gamma},mixing_angles,polarization_cluster_01_local_minimum_292,gradient_local_minimum,65,65,9.9999945271977031e-01,1.0000000000000000e+00,2.3316256533694060e+00,1.3123493545248281e-02,2.849484574389482,0.07614990757897212,3.0075588774471163,2.497082160720851,0.8959931967020696,5.565842502257817
max_c_e_gamma_mixing_angles_polarization_01_local_minimum_304,C_e_gamma,C_{mu\gamma},mixing_angles,polarization_cluster_01_local_minimum_304,gradient_local_minimum,66,66,9.9999938627484064e-01,1.0000000000000000e+00,7.7789829844157721e-01,1.3833714470924566e-01,5.0,0.2094185781344464,3.136337894561367,3.169794788797947,1.9945087499552019,0.5101356043385322
max_c_e_gamma_mixing_angles_polarization_01_local_minimum_305,C_e_gamma,C_{mu\gamma},mixing_angles,polarization_cluster_01_local_minimum_305,gradient_local_minimum,67,67,9.9999938259801857e-01,9.9999999999999978e-01,2.3420567504055252e+00,5.8282782700580960e-02,3.6419532174838283,0.09683891805817149,3.013432583642029,3.673205155681971,1.0121185174922036,0.554233957609506
max_c_e_gamma_mixing_angles_polarization_01_local_minimum_311,C_e_gamma,C_{mu\gamma},mixing_angles,polarization_cluster_01_local_minimum_311,gradient_local_minimum,68,68,9.9999934519028866e-01,1.0000000000000002e+00,1.8755048742648290e+00,1.4625535138948173e-01,4.0058590652979085,1.8773197306368408,1.2640856805502794,3.1411487005056884,1.0481180493459603,0.0010737865515199488
max_c_e_gamma_mixing_angles_polarization_01_local_minimum_312,C_e_gamma,C_{mu\gamma},mixing_angles,polarization_cluster_01_local_minimum_312,gradient_local_minimum,69,69,9.9999933735373592e-01,9.9999999999999978e-01,1.3079038408399719e+00,1.3223975733360821e-01,4.99165937013139,1.8436286307761955,1.6320018243089802,3.1394113137416944,2.025313060370884,6.043338715226921
max_c_e_gamma_mixing_angles_polarization_01_local_minimum_315,C_e_gamma,C_{mu\gamma},mixing_angles,polarization_cluster_01_local_minimum_315,gradient_local_minimum,70,70,9.9999932296603666e-01,9.9999999999999989e-01,2.3548474195122595e+00,6.3814326325990892e-02,3.8809023271521825,0.08362624851459724,3.028091944137165,3.1631161360477016,1.0780654970806052,6.281021604188942
max_c_e_gamma_mixing_angles_polarization_01_local_minimum_317,C_e_gamma,C_{mu\gamma},mixing_angles,polarization_cluster_01_local_minimum_317,gradient_local_minimum,71,71,9.9999931902234618e-01,9.9999999999999967e-01,2.3413005056874878e+00,6.1359231515425376e-02,4.053767985997672,0.09096589517724872,3.022589273762248,3.6112743131236735,1.546243654073684,0.5262878183284029
max_c_e_gamma_mixing_angles_polarization_01_local_minimum_318,C_e_gamma,C_{mu\gamma},mixing_angles,polarization_cluster_01_local_minimum_318,gradient_local_minimum,72,72,9.9999931105613082e-01,9.9999999999999989e-01,7.7592691554079440e-01,1.7203604842545434e-01,3.409464598807552,0.4602976490936251,3.137693365525595,3.159694017188836,0.865040065311243,1.771642029196234
max_c_e_gamma_mixing_angles_polarization_01_local_minimum_323,C_e_gamma,C_{mu\gamma},mixing_angles,polarization_cluster_01_local_minimum_323,gradient_local_minimum,73,73,9.9999929598033099e-01,1.0000000000000002e+00,2.3481072392810880e+00,6.5333120635800351e-02,2.7485403359131118,0.1280692958209902,2.969367481063666,3.3150721233337923,0.26034209628294597,0.17960739433087575
max_c_e_gamma_mixing_angles_polarization_01_local_minimum_326,C_e_gamma,C_{mu\gamma},mixing_angles,polarization_cluster_01_local_minimum_326,gradient_local_minimum,74,74,9.9999927418076495e-01,1.0000000000000002e+00,2.3585367904269936e+00,4.3360756983615974e-02,4.048483931938437,0.07770178408406557,3.037367820624619,3.8078542695727498,1.5422671777464734,0.6013175547920522
max_c_e_gamma_mixing_angles_polarization_01_local_minimum_327,C_e_gamma,C_{mu\gamma},mixing_angles,polarization_cluster_01_local_minimum_327,gradient_local_minimum,75,75,9.9999926350609925e-01,1.0000000000000002e+00,2.3041599062141818e+00,6.7593704316451730e-02,4.7574287662088075,0.0777538564343775,3.1182725699790597,3.5402980066794543,0.9316584365203977,3.523498361041964
max_c_e_gamma_mixing_angles_polarization_01_local_minimum_328,C_e_gamma,C_{mu\gamma},mixing_angles,polarization_cluster_01_local_minimum_328,gradient_local_minimum,76,76,9.9999925623894415e-01,9.9999999999999989e-01,2.2323046880491777e+00,2.5203051025085998e-01,4.899694052359987,0.8129988840081848,2.3283444712455506,3.144050339325873,1.9122447027101637,0.004252232635501115
max_c_e_gamma_mixing_angles_polarization_01_local_minimum_330,C_e_gamma,C_{mu\gamma},mixing_angles,polarization_cluster_01_local_minimum_330,gradient_local_minimum,77,77,9.9999924617263747e-01,1.0000000000000002e+00,1.7943644436918980e+00,1.2244165702058989e-01,4.6988084743318055,1.9766420939982707,1.452340865394821,3.1400420041037003,1.87818363425886,6.022531793661568
max_c_e_gamma_mixing_angles_polarization_01_local_minimum_332,C_e_gamma,C_{mu\gamma},mixing_angles,polarization_cluster_01_local_minimum_332,gradient_local_minimum,78,78,9.9999923325314666e-01,1.0000000000000000e+00,7.7087523214590825e-01,2.2140578775555891e-02,3.216929395432757,0.030678156465930924,3.056323812082367,0.88412208102928,1.0890496567209706,3.9189224662264275
max_c_e_gamma_mixing_angles_polarization_01_local_minimum_354,C_e_gamma,C_{mu\gamma},mixing_angles,polarization_cluster_01_local_minimum_354,gradient_local_minimum,79,79,9.9999911118794638e-01,9.9999999999999989e-01,7.8599888162440501e-01,1.9145398091143687e-01,4.999473850484714,0.22576070694514658,2.911628400338608,3.0491271156529343,2.029195599361188,6.1898920864656155
max_c_e_gamma_mixing_angles_polarization_01_local_minimum_357,C_e_gamma,C_{mu\gamma},mixing_angles,polarization_cluster_01_local_minimum_357,gradient_local_minimum,80,80,9.9999905597300986e-01,1.0000000000000000e+00,7.5176299374224720e-01,5.6198688349218505e-02,4.958022934952348,0.009992033717885897,3.108658706522995,5.596995881513718,1.9737502589079459,5.530871708524878
max_c_e_gamma_mixing_angles_polarization_01_local_minimum_363,C_e_gamma,C_{mu\gamma},mixing_angles,polarization_cluster_01_local_minimum_363,gradient_local_minimum,81,81,9.9999902400931184e-01,1.0000000000000000e+00,2.2525786696149193e+00,2.5468027385198611e-01,4.954002569567954,0.7791685745822297,2.3595712162145857,3.1405914766304592,1.9867235824723921,0.000772225318737902
max_c_e_gamma_mixing_angles_polarization_01_local_minimum_364,C_e_gamma,C_{mu\gamma},mixing_angles,polarization_cluster_01_local_minimum_364,gradient_local_minimum,82,82,9.9999900984247647e-01,9.9999999999999978e-01,7.6924858477943991e-01,1.4204609426239049e-02,2.378793076802193,0.05236378842954197,3.0096885317060544,0.7577268206617684,0.576670989284925,3.830610087138746
max_c_e_gamma_mixing_angles_polarization_01_local_minimum_365,C_e_gamma,C_{mu\gamma},mixing_angles,polarization_cluster_01_local_minimum_365,gradient_local_minimum,83,83,9.9999900760177762e-01,1.0000000000000000e+00,8.1555922583401130e-01,8.4943811480974549e-03,4.22066750041097,0.06898636141316494,3.105906574268212,2.212400360508835,1.5887679950849098,1.8414415915142723
max_c_e_gamma_mixing_angles_polarization_01_local_minimum_367,C_e_gamma,C_{mu\gamma},mixing_angles,polarization_cluster_01_local_minimum_367,gradient_local_minimum,84,84,9.9999900049491974e-01,9.9999999999999989e-01,7.8170580930240796e-01,1.1883491215198698e-01,4.770300792484122,0.1889633524312057,3.133189899338437,3.081573628573927,1.898967986487833,4.9365446925278915
max_c_e_gamma_mixing_angles_polarization_01_local_minimum_370,C_e_gamma,C_{mu\gamma},mixing_angles,polarization_cluster_01_local_minimum_370,gradient_local_minimum,85,85,9.9999895609867751e-01,1.0000000000000000e+00,7.9153742889535372e-01,8.3262441652111802e-02,3.0213879741148535,0.340428242527717,3.1292984812660403,3.1421279476690662,1.0154977907459892,6.267231906985575
max_c_e_gamma_mixing_angles_polarization_01_local_minimum_372,C_e_gamma,C_{mu\gamma},mixing_angles,polarization_cluster_01_local_minimum_372,gradient_local_minimum,86,86,9.9999894399277456e-01,1.0000000000000000e+00,7.6281721619099041e-01,1.6971902134465238e-02,3.8508038162038085,0.07573577589512412,3.0407528872271294,4.278629343096853,1.4540467056508157,1.1790985482520333
max_c_e_gamma_mixing_angles_polarization_01_local_minimum_377,C_e_gamma,C_{mu\gamma},mixing_angles,polarization_cluster_01_local_minimum_377,gradient_local_minimum,87,87,9.9999888590775243e-01,9.9999999999999967e-01,7.3397489159807883e-01,7.5185009994464961e-03,2.7765250804733386,0.012086116409636399,3.0637853491055345,4.972261060812139,0.3693557504812193,4.954575659009351
max_c_e_gamma_mixing_angles_polarization_01_local_minimum_382,C_e_gamma,C_{mu\gamma},mixing_angles,polarization_cluster_01_local_minimum_382,gradient_local_minimum,88,88,9.9999879950962933e-01,9.9999999999999978e-01,2.1421219452701252e+00,2.1979880584209505e-01,4.044840680615245,1.163628618531454,1.975525634678619,3.1419026713179097,1.205671440682874,6.282631226096211
max_c_e_gamma_mixing_angles_polarization_01_local_minimum_383,C_e_gamma,C_{mu\gamma},mixing_angles,polarization_cluster_01_local_minimum_383,gradient_local_minimum,89,89,9.9999879822107962e-01,9.9999999999999978e-01,2.3665726479566884e+00,1.5608002623906101e-02,4.941706624782326,0.07137355400816464,3.0511938426138445,1.7775485765627774,1.8301564523219382,4.949003671288783
max_c_e_gamma_mixing_angles_polarization_01_local_minimum_384,C_e_gamma,C_{mu\gamma},mixing_angles,polarization_cluster_01_local_minimum_384,gradient_local_minimum,90,90,9.9999878576949486e-01,1.0000000000000000e+00,1.7232161113085551e+00,1.0116904204748636e-01,4.252967645785157,2.2132888076863892,1.2430702817480228,3.140325174352087,1.5808088183461064,0.28821518221247594
max_c_e_gamma_mixing_angles_polarization_01_local_minimum_390,C_e_gamma,C_{mu\gamma},mixing_angles,polarization_cluster_01_local_minimum_390,gradient_local_minimum,91,91,9.9999873143031182e-01,9.9999999999999978e-01,2.3084263351602892e+00,1.3345080437685878e-03,3.734411155052462,0.06571503372620259,3.1053984512714377,1.5740917402165782,0.1803390887174213,1.583797222571968
max_c_e_gamma_mixing_angles_polarization_01_local_minimum_398,C_e_gamma,C_{mu\gamma},mixing_angles,polarization_cluster_01_local_minimum_398,gradient_local_minimum,92,92,9.9999864757152834e-01,1.0000000000000002e+00,6.6925034073948941e-01,4.3053615955076958e-02,2.1292663063894954,0.1242668204187566,3.0875219950047903,2.334557624922574e-05,0.5662304985335243,1.0837798250019997e-05
max_c_e_gamma_mixing_angles_polarization_01_local_minimum_400,C_e_gamma,C_{mu\gamma},mixing_angles,polarization_cluster_01_local_minimum_400,gradient_local_minimum,93,93,9.9999863156592639e-01,1.0000000000000002e+00,2.3340076592116454e+00,4.6633015951723207e-02,3.1168849716072136,0.11096004792611484,2.9900612643986917,3.695664502919844,1.0562815339252087,0.6107282009341155
max_c_e_gamma_mixing_angles_polarization_01_local_minimum_407,C_e_gamma,C_{mu\gamma},mixing_angles,polarization_cluster_01_local_minimum_407,gradient_local_minimum,94,94,9.9999856234383133e-01,1.0000000000000000e+00,2.3247354698418397e+00,4.7102226564291758e-03,3.56981436793866,0.07874629305998243,3.0226865783095795,1.712967066043196,1.2134220708402152,4.812805939734356
max_c_e_gamma_mixing_angles_polarization_01_local_minimum_412,C_e_gamma,C_{mu\gamma},mixing_angles,polarization_cluster_01_local_minimum_412,gradient_local_minimum,95,95,9.9999852079542562e-01,1.0000000000000000e+00,2.3360984411392569e+00,2.6336202516013089e-02,4.742660052072026,0.08197818113046752,3.037614028019373,1.9342369923261595,1.4447809024030396,5.058875201651799
max_c_e_gamma_mixing_angles_polarization_01_local_minimum_419,C_e_gamma,C_{mu\gamma},mixing_angles,polarization_cluster_01_local_minimum_419,gradient_local_minimum,96,96,9.9999848595455865e-01,9.9999999999999978e-01,2.3196088322494681e+00,6.8360782890722520e-03,4.0085566338311125,0.031956984647284165,3.0920837597948014,1.364282420317467,1.4539280778142685,1.5420744463713947
max_c_e_gamma_mixing_angles_polarization_01_local_minimum_420,C_e_gamma,C_{mu\gamma},mixing_angles,polarization_cluster_01_local_minimum_420,gradient_local_minimum,97,97,9.9999847013351406e-01,9.9999999999999989e-01,7.3339053234718787e-01,1.7588086337905490e-01,4.9919867445147235,0.2872536275813662,3.141592653589793,3.1428909330900927,1.864729432942926,3.829623629096004
max_c_e_gamma_mixing_angles_polarization_01_local_minimum_422,C_e_gamma,C_{mu\gamma},mixing_angles,polarization_cluster_01_local_minimum_422,gradient_local_minimum,98,98,9.9999844182259701e-01,1.0000000000000002e+00,2.3392918026755933e+00,4.9942392197622656e-02,3.6162081749941573,0.10349111619817186,3.0074894634614084,2.351592486673171,0.9185786092671078,5.477185711522879
max_c_e_gamma_mixing_angles_polarization_01_local_minimum_423,C_e_gamma,C_{mu\gamma},mixing_angles,polarization_cluster_01_local_minimum_423,gradient_local_minimum,99,99,9.9999843524539633e-01,1.0000000000000004e+00,2.3942354404356356e+00,8.7391210882958627e-03,4.936666385673,0.06101957976643822,3.121074030188693,1.7384885398359426,1.557883363314815,1.6282396325324555
max_c_e_gamma_mixing_angles_polarization_01_local_minimum_424,C_e_gamma,C_{mu\gamma},mixing_angles,polarization_cluster_01_local_minimum_424,gradient_local_minimum,100,100,9.9999843397538346e-01,1.0000000000000002e+00,2.3092589383872668e+00,1.0871528923457961e-02,2.601738245987148,0.022789459884762175,3.0563476893634123,1.3036226849330927,0.442505677651535,1.3477141956143983
max_c_e_gamma_mixing_angles_polarization_01_local_minimum_425,C_e_gamma,C_{mu\gamma},mixing_angles,polarization_cluster_01_local_minimum_425,gradient_local_minimum,101,101,9.9999842371285141e-01,1.0000000000000000e+00,2.3566156169585053e+00,1.3397104518972441e-01,4.897909555522837,0.13819901135272333,2.989594585173176,3.245616731988553,1.525381797988238,0.09474434082086176
max_c_e_gamma_mixing_angles_polarization_01_local_minimum_426,C_e_gamma,C_{mu\gamma},mixing_angles,polarization_cluster_01_local_minimum_426,gradient_local_minimum,102,102,9.9999837418058701e-01,9.9999999999999989e-01,7.5418623048360312e-01,5.7937500168070727e-02,3.0011325735689036,0.1413239368933438,2.9683020327649277,2.580040956958336,0.6076666491882071,5.717571586577269
max_c_e_gamma_mixing_angles_polarization_01_local_minimum_432,C_e_gamma,C_{mu\gamma},mixing_angles,polarization_cluster_01_local_minimum_432,gradient_local_minimum,103,103,9.9999827969875088e-01,1.0000000000000000e+00,7.6217428261849818e-01,1.0527560821793044e-01,2.412942276760602,0.6125236858899733,3.141562315513897,3.1418187072036172,0.5149156435757307,1.6702975961950697
max_c_e_gamma_mixing_angles_polarization_01_local_minimum_448,C_e_gamma,C_{mu\gamma},mixing_angles,polarization_cluster_01_local_minimum_448,gradient_local_minimum,104,104,9.9999799349686314e-01,9.9999999999999967e-01,1.3110355470899941e+00,1.3115847288957797e-01,4.9922438321232185,1.86039096354815,1.6073779233058436,3.1382557104679893,2.025729910137869,6.04549552027695
max_c_e_gamma_mixing_angles_polarization_01_local_minimum_457,C_e_gamma,C_{mu\gamma},mixing_angles,polarization_cluster_01_local_minimum_457,gradient_local_minimum,105,105,9.9999779165289826e-01,1.0000000000000002e+00,8.9133162802873267e-01,1.7406838955898318e-01,4.822759451410111,0.3431229039043711,3.0901968931464756,3.1472509084671354,1.939432404822689,6.276627512928022
max_c_e_gamma_mixing_angles_polarization_01_local_minimum_458,C_e_gamma,C_{mu\gamma},mixing_angles,polarization_cluster_01_local_minimum_458,gradient_local_minimum,106,106,9.9999776165775356e-01,1.0000000000000000e+00,2.4792620114165458e+00,3.8706574976917025e-03,2.1232989663686643,0.501322270375743,3.1387266594683427,6.11591283696208,0.5878924412178613,0.9552017760783056
max_c_e_gamma_mixing_angles_polarization_01_local_minimum_460,C_e_gamma,C_{mu\gamma},mixing_angles,polarization_cluster_01_local_minimum_460,gradient_local_minimum,107,107,9.9999771791044234e-01,9.9999999999999978e-01,7.5217136930621797e-01,4.1309863465833575e-02,4.104927285056068,0.09378539068300296,3.117463208703137,2.1333111517468715,0.5852775193262949,2.1841590679529355
max_c_e_gamma_mixing_angles_polarization_01_local_minimum_461,C_e_gamma,C_{mu\gamma},mixing_angles,polarization_cluster_01_local_minimum_461,gradient_local_minimum,108,108,9.9999771619821354e-01,9.9999999999999967e-01,8.3331412790057036e-01,1.4520934812953827e-02,3.3012518151441057,0.012104150368837968,3.0740835529988284,4.9206594896867095,0.8148391610896177,4.967212235536228
max_c_e_gamma_mixing_angles_polarization_01_local_minimum_462,C_e_gamma,C_{mu\gamma},mixing_angles,polarization_cluster_01_local_minimum_462,gradient_local_minimum,109,109,9.9999769418414075e-01,1.0000000000000000e+00,2.3036448115568988e+00,2.2253312170285054e-02,4.626434566053263,0.0679513668615896,3.1062980112638123,4.153718720432913,1.7228622411433656,3.9733895961090306
max_c_e_gamma_mixing_angles_polarization_01_local_minimum_463,C_e_gamma,C_{mu\gamma},mixing_angles,polarization_cluster_01_local_minimum_463,gradient_local_minimum,110,110,9.9999766538624246e-01,1.0000000000000002e+00,2.3086976831854735e+00,8.2833026090577359e-03,3.123941726232515,0.03521170059465251,3.0365691676122233,1.3658565827556752,1.0523040992978707,4.434300488174794
max_c_e_gamma_mixing_angles_polarization_01_local_minimum_465,C_e_gamma,C_{mu\gamma},mixing_angles,polarization_cluster_01_local_minimum_465,gradient_local_minimum,111,111,9.9999765738295709e-01,1.0000000000000000e+00,8.8694362521763503e-01,1.6607708807613650e-01,2.576163596719642,0.539262099746451,2.582877249544522,3.181405637192817,0.7495096269662169,0.03975893873201645
max_c_e_gamma_mixing_angles_polarization_01_local_minimum_466,C_e_gamma,C_{mu\gamma},mixing_angles,polarization_cluster_01_local_minimum_466,gradient_local_minimum,112,112,9.9999765387701256e-01,1.0000000000000002e+00,2.1174528753529529e+00,2.0862167164217862e-01,4.767441599182483,0.6553317562741555,3.1027880451901266,3.141368261159318,1.4132542768450935,3.1415777188391725
max_c_e_gamma_mixing_angles_polarization_01_local_minimum_467,C_e_gamma,C_{mu\gamma},mixing_angles,polarization_cluster_01_local_minimum_467,gradient_local_minimum,113,113,9.9999761089600137e-01,1.0000000000000000e+00,8.3839671778684588e-01,1.1938765286565645e-01,3.1002809601374466,0.2357852255724398,2.8817400886040434,2.9509080164658577,0.689448964032345,6.093268027461249
max_c_e_gamma_mixing_angles_polarization_01_local_minimum_468,C_e_gamma,C_{mu\gamma},mixing_angles,polarization_cluster_01_local_minimum_468,gradient_local_minimum,114,114,9.9999760775725022e-01,1.0000000000000004e+00,8.1244383196692760e-01,3.8017489513883153e-02,3.5496663351286255,0.09830662853680382,3.1084597858796483,3.9320885481668286,0.774873425869429,4.05583085694675
max_c_e_gamma_mixing_angles_polarization_01_local_minimum_470,C_e_gamma,C_{mu\gamma},mixing_angles,polarization_cluster_01_local_minimum_470,gradient_local_minimum,115,115,9.9999756092008596e-01,9.9999999999999989e-01,8.1949980253002286e-01,3.7410812566075022e-02,3.9443999072783216,0.09832020467868001,3.012370535454495,4.139562823612795,1.408451835611462,0.9780444490923911
max_c_e_gamma_mixing_angles_polarization_01_local_minimum_478,C_e_gamma,C_{mu\gamma},mixing_angles,polarization_cluster_01_local_minimum_478,gradient_local_minimum,116,116,9.9999744364009391e-01,1.0000000000000002e+00,2.4115349066901102e+00,6.0173146587595927e-02,4.994853735119471,0.08836255738126805,3.130726415702418,3.567622273970389,1.9695143506364623,3.670654965159962
max_c_e_gamma_mixing_angles_polarization_01_local_minimum_481,C_e_gamma,C_{mu\gamma},mixing_angles,polarization_cluster_01_local_minimum_481,gradient_local_minimum,117,117,9.9999737009396117e-01,9.9999999999999989e-01,2.2822584189228126e+00,2.3950576852091229e-02,3.719923092962663,0.0975037681959701,3.0969271258220195,2.414272105092987,1.274402577805892,2.5605144134169824
max_c_e_gamma_mixing_angles_polarization_01_local_minimum_490,C_e_gamma,C_{mu\gamma},mixing_angles,polarization_cluster_01_local_minimum_490,gradient_local_minimum,118,118,9.9999719711631652e-01,9.9999999999999978e-01,9.7916791340930553e-01,2.0189829744811158e-01,4.607011249060708,0.6643567865689606,3.1004882283447195,3.1423583846806142,1.4935227447613573,6.282824470699784
max_c_e_gamma_mixing_angles_polarization_01_local_minimum_494,C_e_gamma,C_{mu\gamma},mixing_angles,polarization_cluster_01_local_minimum_494,gradient_local_minimum,119,119,9.9999715735740513e-01,9.9999999999999989e-01,2.3093690943892806e+00,1.7877462028617834e-03,4.468843704404301,0.07322871071015861,3.1040057955066844,1.5542503129327994,1.7331826243873647,1.901715859095675
max_c_e_gamma_mixing_angles_polarization_01_local_minimum_495,C_e_gamma,C_{mu\gamma},mixing_angles,polarization_cluster_01_local_minimum_495,gradient_local_minimum,120,120,9.9999711860077634e-01,1.0000000000000002e+00,8.2162673477827874e-01,8.5268007974464183e-02,3.9013070062340782,0.13923799345461435,2.9790561634104873,3.7299707171957164,1.159197962609017,0.583409309914708
max_c_e_gamma_mixing_angles_polarization_01_local_minimum_497,C_e_gamma,C_{mu\gamma},mixing_angles,polarization_cluster_01_local_minimum_497,gradient_local_minimum,121,121,9.9999704185297555e-01,1.0000000000000000e+00,2.3655376077168482e+00,2.3475692611468907e-01,4.919157787326869,0.002333108456082743,3.0994727660880796,5.7897927691220925,1.753921488931717,5.897521888132053
max_c_e_gamma_mixing_angles_polarization_01_local_minimum_504,C_e_gamma,C_{mu\gamma},mixing_angles,polarization_cluster_01_local_minimum_504,gradient_local_minimum,122,122,9.9999697246454633e-01,9.9999999999999989e-01,8.1597277099930321e-01,2.6342703399127261e-02,4.1793198974203944,0.08154055462795314,3.1122694897227183,4.148138880982222,1.2555290890397777,4.341687806815428
max_c_e_gamma_mixing_angles_polarization_01_local_minimum_508,C_e_gamma,C_{mu\gamma},mixing_angles,polarization_cluster_01_local_minimum_508,gradient_local_minimum,123,123,9.9999682178422189e-01,1.0000000000000002e+00,1.7858290202868015e+00,1.1968509812067117e-01,4.68074138521048,2.0130170755153256,1.4036788657555315,3.1384707093361763,1.8698410648800448,6.029233657792442
max_c_e_gamma_mixing_angles_polarization_01_local_minimum_510,C_e_gamma,C_{mu\gamma},mixing_angles,polarization_cluster_01_local_minimum_510,gradient_local_minimum,124,124,9.9999676799149251e-01,9.9999999999999967e-01,8.5655429647572934e-01,4.9537535553982173e-02,2.9059484718883977,0.026775436252734326,3.0640684140795833,0.7246033965591301,0.7841961975758079,0.6811969415603623
max_c_e_gamma_mixing_angles_polarization_01_local_minimum_512,C_e_gamma,C_{mu\gamma},mixing_angles,polarization_cluster_01_local_minimum_512,gradient_local_minimum,125,125,9.9999670512145222e-01,1.0000000000000000e+00,1.7635966801284357e+00,1.1331996795019840e-01,4.561178604827131,2.0834583629103665,1.3451677047653314,3.1387922933708783,1.7840738767731545,6.018474852147177
max_c_e_gamma_mixing_angles_polarization_01_local_minimum_514,C_e_gamma,C_{mu\gamma},mixing_angles,polarization_cluster_01_local_minimum_514,gradient_local_minimum,126,126,9.9999658692771820e-01,9.9999999999999989e-01,8.1810274960333129e-01,2.6335095765886923e-02,3.7914620943849293,0.10568970304602626,3.005613394699801,4.353998993394587,1.2414697276550106,1.1950217503157836
max_c_e_gamma_mixing_angles_polarization_01_local_minimum_526,C_e_gamma,C_{mu\gamma},mixing_angles,polarization_cluster_01_local_minimum_526,gradient_local_minimum,127,127,9.9999616761106258e-01,1.0000000000000000e+00,2.2986440643200012e+00,3.9794819183434894e-02,3.95827897038284,0.1076750335193661,3.1162477674567377,2.0752724379787715,0.44611256120987597,2.1024693409292277
max_c_e_gamma_mixing_angles_polarization_01_local_minimum_531,C_e_gamma,C_{mu\gamma},mixing_angles,polarization_cluster_01_local_minimum_531,gradient_local_minimum,128,128,9.9999604179659940e-01,9.9999999999999989e-01,7.6971000258447464e-01,8.7436904909481680e-02,3.9431766629669136,0.14652351969147112,2.9809545944931726,3.7309743413929257,1.4529794416250883,0.5995080718369213
max_c_e_gamma_mixing_angles_polarization_01_local_minimum_537,C_e_gamma,C_{mu\gamma},mixing_angles,polarization_cluster_01_local_minimum_537,gradient_local_minimum,129,129,9.9999587102322229e-01,9.9999999999999989e-01,8.4780054207071009e-01,1.1018866506654188e-02,2.478662701470156,0.13334334781522,2.9411315439259056,2.027089394322198,0.762872183151811,5.204864470324915
max_c_e_gamma_mixing_angles_polarization_01_local_minimum_538,C_e_gamma,C_{mu\gamma},mixing_angles,polarization_cluster_01_local_minimum_538,gradient_local_minimum,130,130,9.9999582401527443e-01,1.0000000000000000e+00,1.3034457419469783e+00,1.3452510329820760e-01,5.0,1.781228975799107,1.7551688264280485,3.147075193114969,2.0107502102614556,6.025885353889631
max_c_e_gamma_mixing_angles_polarization_01_local_minimum_542,C_e_gamma,C_{mu\gamma},mixing_angles,polarization_cluster_01_local_minimum_542,gradient_local_minimum,131,131,9.9999565814534719e-01,1.0000000000000002e+00,9.1679838628775456e-01,1.9455731240456384e-01,2.605216612375404,0.8362495140649946,2.301850616200071,3.141078268856285,0.7918104896641422,6.282677472971361
max_c_e_gamma_mixing_angles_polarization_01_local_minimum_543,C_e_gamma,C_{mu\gamma},mixing_angles,polarization_cluster_01_local_minimum_543,gradient_local_minimum,132,132,9.9999558709926417e-01,1.0000000000000000e+00,1.0522884725127164e+00,1.8685963848690959e-01,2.630434632819065,1.1945688306414066,1.9422428861996075,3.145621253420697,0.7920243533192801,0.003922577692429043
max_c_e_gamma_mixing_angles_polarization_01_local_minimum_544,C_e_gamma,C_{mu\gamma},mixing_angles,polarization_cluster_01_local_minimum_544,gradient_local_minimum,133,133,9.9999547550581036e-01,1.0000000000000000e+00,8.3144228843809564e-01,4.7258400119375307e-02,3.8729218021501852,0.01414966207798216,3.0833780294857123,5.166609941299099,1.3067419917308771,5.240560054820657
max_c_e_gamma_mixing_angles_polarization_01_local_minimum_549,C_e_gamma,C_{mu\gamma},mixing_angles,polarization_cluster_01_local_minimum_549,gradient_local_minimum,134,134,9.9999537849915965e-01,1.0000000000000002e+00,2.3690396806584024e+00,1.7444731628211443e-02,2.5705001921400514,0.13354845947018848,2.965899346890091,4.350513457185543,0.8087286201316966,1.1488330448304056
max_c_e_gamma_mixing_angles_polarization_01_local_minimum_550,C_e_gamma,C_{mu\gamma},mixing_angles,polarization_cluster_01_local_minimum_550,gradient_local_minimum,135,135,9.9999537364504221e-01,9.9999999999999967e-01,1.9852148643358398e+00,1.6868011621253390e-01,4.553836471621766,1.6517419104276847,1.4883466585438463,3.139988318853199,0.964405274841383,6.281580036839981
max_c_e_gamma_mixing_angles_polarization_01_local_minimum_553,C_e_gamma,C_{mu\gamma},mixing_angles,polarization_cluster_01_local_minimum_553,gradient_local_minimum,136,136,9.9999531568615552e-01,1.0000000000000000e+00,2.4694827279642806e+00,2.8318282522754546e-03,1.826335273349176,0.24146607646441473,3.0743467226388423,4.740023017166213,0.2551500480241298,4.8496844669594195
max_c_e_gamma_mixing_angles_polarization_01_local_minimum_554,C_e_gamma,C_{mu\gamma},mixing_angles,polarization_cluster_01_local_minimum_554,gradient_local_minimum,137,137,9.9999519070161169e-01,1.0000000000000002e+00,8.3832355683647430e-01,3.1522844413803090e-02,2.7085884965394604,0.1428118695214704,2.951230970990256,2.144167449105821,0.6838440672179276,5.299030912699932
max_c_e_gamma_mixing_angles_polarization_01_local_minimum_558,C_e_gamma,C_{mu\gamma},mixing_angles,polarization_cluster_01_local_minimum_558,gradient_local_minimum,138,138,9.9999512493248199e-01,9.9999999999999978e-01,7.8152755622429937e-01,6.6769877258324076e-02,4.692409213401093,0.07653504892158473,3.043283989194377,2.9610221793503193,1.3046764134480926,6.101936768657151
max_c_e_gamma_mixing_angles_polarization_01_local_minimum_561,C_e_gamma,C_{mu\gamma},mixing_angles,polarization_cluster_01_local_minimum_561,gradient_local_minimum,139,139,9.9999507160940293e-01,1.0000000000000002e+00,7.8971106928295098e-01,1.3394642382684816e-02,1.8692221463985834,0.07585360432089323,2.9471100907725147,6.084027834397371,0.27844615465441125,2.988346661365334
max_c_e_gamma_mixing_angles_polarization_01_local_minimum_562,C_e_gamma,C_{mu\gamma},mixing_angles,polarization_cluster_01_local_minimum_562,gradient_local_minimum,140,140,9.9999507055790515e-01,1.0000000000000002e+00,8.4134015231414905e-01,3.0525212466795380e-02,2.7475467109863416,0.14091711217046,2.9487583247153495,4.061338957133682,0.8776662994572244,0.896283087823669
max_c_e_gamma_mixing_angles_polarization_01_local_minimum_565,C_e_gamma,C_{mu\gamma},mixing_angles,polarization_cluster_01_local_minimum_565,gradient_local_minimum,141,141,9.9999486367205992e-01,9.9999999999999967e-01,8.6268893329110463e-01,5.8906320158546817e-04,2.0135671093709586,0.0849036475951247,3.0366185558140746,1.6514795349718148,0.3089879658869425,1.5772281545060791
max_c_e_gamma_mixing_angles_polarization_01_local_minimum_566,C_e_gamma,C_{mu\gamma},mixing_angles,polarization_cluster_01_local_minimum_566,gradient_local_minimum,142,142,9.9999485198560101e-01,9.9999999999999989e-01,6.0141366930639029e-01,5.3767284705638005e-02,1.772978021218107,0.2946471534652694,3.09712382520603,1.94922737239522e-05,0.39561559241751604,3.74004760063373e-05
max_c_e_gamma_mixing_angles_polarization_01_local_minimum_568,C_e_gamma,C_{mu\gamma},mixing_angles,polarization_cluster_01_local_minimum_568,gradient_local_minimum,143,143,9.9999483010153956e-01,1.0000000000000000e+00,8.2483890448729513e-01,3.8343296914121895e-02,2.6492867931435735,0.0333743521208354,3.0237742075300855,5.24009145662166,0.773604588202319,2.0065442494754917
max_c_e_gamma_mixing_angles_polarization_01_local_minimum_570,C_e_gamma,C_{mu\gamma},mixing_angles,polarization_cluster_01_local_minimum_570,gradient_local_minimum,144,144,9.9999463609496619e-01,1.0000000000000002e+00,2.3811166458646764e+00,1.2663816615981627e-01,2.2832555355689044,0.009528044501864067,3.0377328482160117,5.716069801502153,0.3013646205668906,5.754282169825867
max_c_e_gamma_mixing_angles_polarization_01_local_minimum_571,C_e_gamma,C_{mu\gamma},mixing_angles,polarization_cluster_01_local_minimum_571,gradient_local_minimum,145,145,9.9999463084483187e-01,1.0000000000000000e+00,2.3455706784013102e+00,1.2206203280889877e-01,4.4397467374783535,0.16675506120400505,2.9615810551376347,2.593405470561059,1.018615661831654,5.73907501220217
max_c_e_gamma_mixing_angles_polarization_01_local_minimum_572,C_e_gamma,C_{mu\gamma},mixing_angles,polarization_cluster_01_local_minimum_572,gradient_local_minimum,146,146,9.9999458540691211e-01,9.9999999999999967e-01,2.0899399727525751e+00,1.6508188291866169e-01,2.2568941788727384,1.1675208341322587,1.9657524700266271,3.1387299242106264,0.3931866242219387,0.0
max_c_e_gamma_mixing_angles_polarization_01_local_minimum_596,C_e_gamma,C_{mu\gamma},mixing_angles,polarization_cluster_01_local_minimum_596,gradient_local_minimum,147,147,9.9999324485201913e-01,9.9999999999999978e-01,1.8071254824165204e+00,1.2509951688155352e-01,4.949828106872364,1.9305727024376258,1.5108261300283585,3.136385200019587,1.9945806282582654,6.011670302922828
max_c_e_gamma_mixing_angles_polarization_01_local_minimum_601,C_e_gamma,C_{mu\gamma},mixing_angles,polarization_cluster_01_local_minimum_601,gradient_local_minimum,148,148,9.9999309134497849e-01,9.9999999999999956e-01,2.4320216762660216e+00,5.8916985072542380e-02,3.5226292414726545,0.14483461719258833,3.117838519597936,4.033795197732778,0.25417014906924706,4.04861396771995
max_c_e_gamma_mixing_angles_polarization_01_local_minimum_604,C_e_gamma,C_{mu\gamma},mixing_angles,polarization_cluster_01_local_minimum_604,gradient_local_minimum,149,149,9.9999303083962598e-01,9.9999999999999978e-01,9.4004713709155185e-01,1.8198683392758236e-01,4.776681351828736,0.42859921579311605,3.0648589946849807,3.1265943238943734,1.9151092033849098,0.018112093756725362
max_c_e_gamma_mixing_angles_polarization_01_local_minimum_611,C_e_gamma,C_{mu\gamma},mixing_angles,polarization_cluster_01_local_minimum_611,gradient_local_minimum,150,150,9.9999269050868700e-01,9.9999999999999989e-01,2.3129593961390142e+00,1.5951975637488068e-03,2.834472787495563,0.13388709598172535,2.9603685471317704,4.692822939390709,0.8943755346038856,1.5858564265499018
max_c_e_gamma_mixing_angles_polarization_01_local_minimum_615,C_e_gamma,C_{mu\gamma},mixing_angles,polarization_cluster_01_local_minimum_615,gradient_local_minimum,151,151,9.9999257418520449e-01,1.0000000000000002e+00,7.9670761613748797e-01,1.0405148427488539e-01,4.119407295898216,0.16153381979413511,2.9638534714941867,3.7585148041398395,0.7425439167588904,0.6148622465078603
max_c_e_gamma_mixing_angles_polarization_01_local_minimum_616,C_e_gamma,C_{mu\gamma},mixing_angles,polarization_cluster_01_local_minimum_616,gradient_local_minimum,152,152,9.9999236517163648e-01,1.0000000000000000e+00,8.1727658580835549e-01,1.0354370318228216e-02,1.9142706395600055,0.2110556447590499,3.0653772601068563,2.5755049163909542,0.2402497449958826,2.436200780216386
max_c_e_gamma_mixing_angles_polarization_01_local_minimum_620,C_e_gamma,C_{mu\gamma},mixing_angles,polarization_cluster_01_local_minimum_620,gradient_local_minimum,153,153,9.9999208781742377e-01,9.9999999999999944e-01,8.4858114460640166e-01,1.0746370632361758e-02,2.370673024608897,0.15930885117171684,2.9165862843465433,4.382402254768972,0.6996575524984646,1.2067425092679336
max_c_e_gamma_mixing_angles_polarization_01_local_minimum_624,C_e_gamma,C_{mu\gamma},mixing_angles,polarization_cluster_01_local_minimum_624,gradient_local_minimum,154,154,9.9999191845819724e-01,9.9999999999999989e-01,2.0628979703013544e+00,1.7389547347829204e-01,2.4438205652936693,1.251139229534053,1.8872780341351465,3.1346309484900083,0.6986884296592636,6.282702936533701
max_c_e_gamma_mixing_angles_polarization_01_local_minimum_626,C_e_gamma,C_{mu\gamma},mixing_angles,polarization_cluster_01_local_minimum_626,gradient_local_minimum,155,155,9.9999186646337890e-01,1.0000000000000004e+00,2.2914814751517216e+00,1.0006377841263170e-01,2.017422367281334,0.44773851899739553,2.657691153875876,3.1275026759965154,0.4194055556060813,6.255040178285711
max_c_e_gamma_mixing_angles_polarization_01_local_minimum_627,C_e_gamma,C_{mu\gamma},mixing_angles,polarization_cluster_01_local_minimum_627,gradient_local_minimum,156,156,9.9999184407578912e-01,9.9999999999999989e-01,2.4397898998679510e+00,1.9232249263768420e-02,2.7282141412006062,0.14407639247318477,3.1060335083948423,4.275672990368229,0.5837304830477263,4.363343182800623
max_c_e_gamma_mixing_angles_polarization_01_local_minimum_631,C_e_gamma,C_{mu\gamma},mixing_angles,polarization_cluster_01_local_minimum_631,gradient_local_minimum,157,157,9.9999060570801279e-01,9.9999999999999989e-01,2.3310006592654320e+00,5.9021091841363282e-02,4.1711287062315545,0.1456737199947979,2.977910374242011,4.191776891590278,1.0934064768685754,1.0597011933877767
max_c_e_gamma_mixing_angles_polarization_01_local_minimum_635,C_e_gamma,C_{mu\gamma},mixing_angles,polarization_cluster_01_local_minimum_635,gradient_local_minimum,158,158,9.9999040412098439e-01,1.0000000000000000e+00,2.2595469617841273e+00,2.0924467008086253e-02,2.3874131742040294,0.16829404947281218,3.0879091307105067,4.304249337072692,0.2467158398502352,4.2563379563609205
max_c_e_gamma_mixing_angles_polarization_01_local_minimum_636,C_e_gamma,C_{mu\gamma},mixing_angles,polarization_cluster_01_local_minimum_636,gradient_local_minimum,159,159,9.9999039751655361e-01,1.0000000000000002e+00,8.4593363458968696e-01,1.2885203062691683e-01,2.251676067570363,0.852957192119925,3.141205472736992,3.1545512956749833,0.2802497621838283,5.023303426350281
max_c_e_gamma_mixing_angles_polarization_01_local_minimum_647,C_e_gamma,C_{mu\gamma},mixing_angles,polarization_cluster_01_local_minimum_647,gradient_local_minimum,160,160,9.9998920571634720e-01,9.9999999999999956e-01,2.1894733648322688e+00,8.6280482398956443e-02,3.884910081519452,0.2628525623951804,3.0707824406195674,3.110135247366448,1.4167129406551273,3.12744768971574
max_c_e_gamma_mixing_angles_polarization_01_local_minimum_654,C_e_gamma,C_{mu\gamma},mixing_angles,polarization_cluster_01_local_minimum_654,gradient_local_minimum,161,161,9.9998873290563728e-01,1.0000000000000000e+00,8.2218650365054347e-01,4.6240185528578601e-02,4.747705912912153,0.1363204238346542,3.1269809030486857,1.9323549149854176,0.4287608852386745,1.8875568473699618
max_c_e_gamma_mixing_angles_polarization_01_local_minimum_657,C_e_gamma,C_{mu\gamma},mixing_angles,polarization_cluster_01_local_minimum_657,gradient_local_minimum,162,162,9.9998865980761675e-01,1.0000000000000000e+00,7.3921757994814086e-01,3.2590135295305321e-02,1.9609450185485549,0.6812222763725884,3.141592653589793,3.1413079975128535,0.3893138809014796,5.204882815045592
max_c_e_gamma_mixing_angles_polarization_01_local_minimum_659,C_e_gamma,C_{mu\gamma},mixing_angles,polarization_cluster_01_local_minimum_659,gradient_local_minimum,163,163,9.9998812070731180e-01,1.0000000000000000e+00,7.1468705656135345e-01,6.0985496041459104e-03,1.9124682653846827,0.645729110559099,3.1414361933800032,3.141572366045071,0.4099788643062703,6.222243082431815
max_c_e_gamma_mixing_angles_polarization_01_local_minimum_660,C_e_gamma,C_{mu\gamma},mixing_angles,polarization_cluster_01_local_minimum_660,gradient_local_minimum,164,164,9.9998775325884504e-01,1.0000000000000002e+00,7.9367478742218078e-01,1.0020028056586552e-01,2.1219272204394937,0.46922743745022566,2.654374005463513,3.2991358254814642,0.5349034019366984,0.15919981198205135
max_c_e_gamma_mixing_angles_polarization_01_local_minimum_661,C_e_gamma,C_{mu\gamma},mixing_angles,polarization_cluster_01_local_minimum_661,gradient_local_minimum,165,165,9.9998768557791251e-01,9.9999999999999989e-01,1.8412724597895695e+00,1.3690368868317179e-01,4.999980911029695,1.7377726995214002,1.764184829759322,3.1494470996077837,2.029614333520087,5.972060948139185
max_c_e_gamma_mixing_angles_polarization_01_local_minimum_669,C_e_gamma,C_{mu\gamma},mixing_angles,polarization_cluster_01_local_minimum_669,gradient_local_minimum,166,166,9.9998624380915968e-01,1.0000000000000002e+00,8.2380588170395286e-01,4.1754113380486492e-02,2.4188678567201274,0.4253194893414653,3.112380052486898,3.0766792032937005,0.7324396827924485,0.3226534397417801
max_c_e_gamma_mixing_angles_polarization_01_local_minimum_675,C_e_gamma,C_{mu\gamma},mixing_angles,polarization_cluster_01_local_minimum_675,gradient_local_minimum,167,167,9.9998489322323991e-01,1.0000000000000000e+00,8.1886306479889381e-01,6.5500491881610612e-02,3.89266620338892,0.16977741557053286,2.9523791349667357,4.15481932881107,1.0689293683293872,1.0080762236537872
max_c_e_gamma_mixing_angles_polarization_01_local_minimum_680,C_e_gamma,C_{mu\gamma},mixing_angles,polarization_cluster_01_local_minimum_680,gradient_local_minimum,168,168,9.9998398655568388e-01,1.0000000000000000e+00,9.7437354537021781e-01,1.7492062140901338e-01,4.381547428818527,0.5100945383321538,3.0515492623781566,3.131557978895877,1.6949615629789487,0.011427407131806172
max_c_e_gamma_mixing_angles_polarization_01_local_minimum_681,C_e_gamma,C_{mu\gamma},mixing_angles,polarization_cluster_01_local_minimum_681,gradient_local_minimum,169,169,9.9998391738601544e-01,1.0000000000000002e+00,2.3249066593347472e+00,1.0420765187266032e-01,2.6865922850957658,0.2703616667396727,2.8436364506350267,2.6894182923547194,0.5345886422391944,5.823051060224629
max_c_e_gamma_mixing_angles_polarization_01_local_minimum_685,C_e_gamma,C_{mu\gamma},mixing_angles,polarization_cluster_01_local_minimum_685,gradient_local_minimum,170,170,9.9998374734306772e-01,1.0000000000000000e+00,2.3669344604056417e+00,2.7304858024364272e-02,1.691651278806125,0.17385291139703737,3.030273927269513,6.283163833514499,0.22452787385322634,0.14517653406151917
max_c_e_gamma_mixing_angles_polarization_01_local_minimum_690,C_e_gamma,C_{mu\gamma},mixing_angles,polarization_cluster_01_local_minimum_690,gradient_local_minimum,171,171,9.9998191132446212e-01,9.9999999999999989e-01,2.4486391855291805e+00,2.3333325920112582e-02,1.8179706560382725,0.6552581227000981,3.141592653589793,8.364918174579678e-06,0.3887255148168046,2.187997848340082
max_c_e_gamma_mixing_angles_polarization_01_local_minimum_692,C_e_gamma,C_{mu\gamma},mixing_angles,polarization_cluster_01_local_minimum_692,gradient_local_minimum,172,172,9.9998124838714564e-01,1.0000000000000002e+00,1.0000861434852153e+00,1.8515894134430239e-01,4.917423060179405,0.5330167030537315,3.0287318792790985,3.1236893542000903,1.985084947852221,0.030185282778317807
max_c_e_gamma_mixing_angles_polarization_01_local_minimum_693,C_e_gamma,C_{mu\gamma},mixing_angles,polarization_cluster_01_local_minimum_693,gradient_local_minimum,173,173,9.9998083475175836e-01,1.0000000000000000e+00,7.4193254855593482e-01,1.1745110577566031e-02,1.8447900990877084,0.46717030958165306,3.1056103592459703,2.9257390847300933,0.33496378862437876,3.5103746085686938
max_c_e_gamma_mixing_angles_polarization_01_local_minimum_695,C_e_gamma,C_{mu\gamma},mixing_angles,polarization_cluster_01_local_minimum_695,gradient_local_minimum,174,174,9.9998065974630057e-01,1.0000000000000000e+00,2.1972387610380539e+00,1.4074521493769313e-02,1.9774091863234475,0.31919997470779765,3.068654594006931,2.1355708933625763,0.3331907889113066,2.327665074951231
max_c_e_gamma_mixing_angles_polarization_01_local_minimum_696,C_e_gamma,C_{mu\gamma},mixing_angles,polarization_cluster_01_local_minimum_696,gradient_local_minimum,175,175,9.9998007416540446e-01,1.0000000000000000e+00,2.3388383155434238e+00,1.2509613325207422e-01,3.831526776908513,0.22301970196473697,2.9035767314654746,3.764065488042223,0.7861311298091034,0.6259511184312564
max_c_e_gamma_mixing_angles_polarization_01_local_minimum_697,C_e_gamma,C_{mu\gamma},mixing_angles,polarization_cluster_01_local_minimum_697,gradient_local_minimum,176,176,9.9997875772625489e-01,1.0000000000000000e+00,8.8481717717585540e-01,2.6621132135673229e-03,1.9970551702998738,0.12647190061526056,3.040251780171811,4.858464751276737,0.39006800668119,4.989407217029131
max_c_e_gamma_mixing_angles_polarization_01_local_minimum_700,C_e_gamma,C_{mu\gamma},mixing_angles,polarization_cluster_01_local_minimum_700,gradient_local_minimum,177,177,9.9997819312483371e-01,9.9999999999999967e-01,1.3714627942175071e+00,1.1445517019892740e-01,4.99999161887555,1.7870854545991002,2.9935564252044764,3.142947599723198,1.330369042846405,6.282625273743692
max_c_e_gamma_mixing_angles_polarization_01_local_minimum_702,C_e_gamma,C_{mu\gamma},mixing_angles,polarization_cluster_01_local_minimum_702,gradient_local_minimum,178,178,9.9997760572004657e-01,1.0000000000000002e+00,7.2759105796257728e-01,3.1036454439057438e-02,3.092146225290251,0.17208281425926783,3.1152408119167285,1.8816837926950305,0.4316689930705194,1.960075472551097
max_c_e_gamma_mixing_angles_polarization_01_local_minimum_703,C_e_gamma,C_{mu\gamma},mixing_angles,polarization_cluster_01_local_minimum_703,gradient_local_minimum,179,179,9.9997711669814360e-01,9.9999999999999978e-01,7.3134751990231195e-01,4.9000292631054179e-03,1.8225797832011281,0.6810984369544318,3.1298523864322414,3.222064405813192,0.3418547862487083,2.043131261180316
max_c_e_gamma_mixing_angles_polarization_01_local_minimum_704,C_e_gamma,C_{mu\gamma},mixing_angles,polarization_cluster_01_local_minimum_704,gradient_local_minimum,180,180,9.9997696138629355e-01,1.0000000000000002e+00,7.3209054487026060e-01,6.5877341701535697e-03,1.8325391041720154,0.7234639859612844,3.141592653589793,3.141915484466726,0.3434886063141244,0.5404143370192602
max_c_e_gamma_mixing_angles_polarization_01_local_minimum_706,C_e_gamma,C_{mu\gamma},mixing_angles,polarization_cluster_01_local_minimum_706,gradient_local_minimum,181,181,9.9997663971895068e-01,9.9999999999999956e-01,2.1968459044087791e+00,5.3890955858606777e-03,2.114037867571044,0.27792872908941424,3.0621382049069883,3.976958111159323,0.4629077336706108,3.7692208896752493
max_c_e_gamma_mixing_angles_polarization_01_local_minimum_709,C_e_gamma,C_{mu\gamma},mixing_angles,polarization_cluster_01_local_minimum_709,gradient_local_minimum,182,182,9.9997604573435628e-01,1.0000000000000002e+00,1.3049270501965580e+00,1.3488705311634730e-01,5.0,1.7377048869151408,1.8550908134878157,3.154759157348259,1.99531210596443,6.013156663128874
max_c_e_gamma_mixing_angles_polarization_01_local_minimum_711,C_e_gamma,C_{mu\gamma},mixing_angles,polarization_cluster_01_local_minimum_711,gradient_local_minimum,183,183,9.9997552101836995e-01,9.9999999999999989e-01,1.1172969106158843e+00,1.6937759391803175e-01,4.094340183457892,0.9974926201604066,3.067224476244043,3.1431854997012176,1.2145128341180411,6.282647105907751
max_c_e_gamma_mixing_angles_polarization_01_local_minimum_716,C_e_gamma,C_{mu\gamma},mixing_angles,polarization_cluster_01_local_minimum_716,gradient_local_minimum,184,184,9.9997210208510945e-01,9.9999999999999989e-01,2.2644901114911189e+00,3.1388446112792033e-02,2.177137494427699,0.3532659118483176,3.077404049117075,0.8729533347169409,0.5768168756582016,1.8364085184743126
max_c_e_gamma_mixing_angles_polarization_01_local_minimum_718,C_e_gamma,C_{mu\gamma},mixing_angles,polarization_cluster_01_local_minimum_718,gradient_local_minimum,185,185,9.9997202859438161e-01,9.9999999999999989e-01,1.8440264988813986e+00,1.3819771579928930e-01,4.999897712269549,1.6990253412656733,1.8210779821097156,3.1296833750625286,2.029571128501653,0.3249759288442147
max_c_e_gamma_mixing_angles_polarization_01_local_minimum_719,C_e_gamma,C_{mu\gamma},mixing_angles,polarization_cluster_01_local_minimum_719,gradient_local_minimum,186,186,9.9997130272256274e-01,1.0000000000000002e+00,9.3394661011103086e-01,1.2237011873317045e-01,3.2689900883885343,0.48247991588846584,3.0641357817765846,3.1195412919492855,1.1608102851993058,0.03084521365244324
max_c_e_gamma_mixing_angles_polarization_01_local_minimum_723,C_e_gamma,C_{mu\gamma},mixing_angles,polarization_cluster_01_local_minimum_723,gradient_local_minimum,187,187,9.9997030301024226e-01,1.0000000000000000e+00,9.8993646868842045e-01,1.6071954516293249e-01,3.8508326123969385,0.5694384931713234,3.0495962401979764,3.1705066209460653,1.406353410820501,6.253655972637142
max_c_e_gamma_mixing_angles_polarization_01_local_minimum_724,C_e_gamma,C_{mu\gamma},mixing_angles,polarization_cluster_01_local_minimum_724,gradient_local_minimum,188,188,9.9997012263978280e-01,9.9999999999999978e-01,7.3245196368230625e-01,1.2478147134416430e-02,1.6445427723707833,0.17979697334111847,2.853136781818573,4.624912631434392,0.25795350932461336,1.5204759809472663
max_c_e_gamma_mixing_angles_polarization_01_local_minimum_727,C_e_gamma,C_{mu\gamma},mixing_angles,polarization_cluster_01_local_minimum_727,gradient_local_minimum,189,189,9.9996975462468041e-01,1.0000000000000002e+00,7.2721164289020934e-01,1.6043789098360756e-02,1.6034335237079387,0.15097702154194187,2.860847324003054,1.5802122240463576,0.20394841516682752,4.689103494234318
max_c_e_gamma_mixing_angles_polarization_01_local_minimum_729,C_e_gamma,C_{mu\gamma},mixing_angles,polarization_cluster_01_local_minimum_729,gradient_local_minimum,190,190,9.9996911699466440e-01,9.9999999999999967e-01,2.2422598245887784e+00,1.0656485296618069e-02,1.7052515950884537,0.24579153399240602,2.7816898341122047,0.7951673072115928,0.3220521928989699,3.9199391803676855
max_c_e_gamma_mixing_angles_polarization_01_local_minimum_730,C_e_gamma,C_{mu\gamma},mixing_angles,polarization_cluster_01_local_minimum_730,gradient_local_minimum,191,191,9.9996905168451877e-01,1.0000000000000000e+00,9.8795742323829761e-01,1.6242714300257255e-01,4.000555102492362,0.5434741338711535,3.03953911660247,3.1119374163940634,1.5145982729596843,0.03804414710920614
max_c_e_gamma_mixing_angles_polarization_01_local_minimum_733,C_e_gamma,C_{mu\gamma},mixing_angles,polarization_cluster_01_local_minimum_733,gradient_local_minimum,192,192,9.9996862020292199e-01,1.0000000000000000e+00,1.1036182681325395e+00,1.7231038376676325e-01,4.4619430570946506,0.8556099764925601,3.0406453613084423,3.1258794891296664,1.5380681879249085,0.008475014445717823
max_c_e_gamma_mixing_angles_polarization_01_local_minimum_738,C_e_gamma,C_{mu\gamma},mixing_angles,polarization_cluster_01_local_minimum_738,gradient_local_minimum,193,193,9.9996598394239689e-01,1.0000000000000002e+00,8.2028461473405800e-01,7.4670302099999530e-02,4.029154058384945,0.1924988570396504,2.9297550796065637,4.151059302934103,1.5434460393792981,0.997838411186469
max_c_e_gamma_mixing_angles_polarization_01_local_minimum_741,C_e_gamma,C_{mu\gamma},mixing_angles,polarization_cluster_01_local_minimum_741,gradient_local_minimum,194,194,9.9996546884621440e-01,1.0000000000000004e+00,1.2875151471546080e+00,1.3987033316182118e-01,5.0,1.6831416012206544,1.8796824285919502,3.1251528040361154,2.0296252492932827,0.2520943998196172
max_c_e_gamma_mixing_angles_polarization_01_local_minimum_750,C_e_gamma,C_{mu\gamma},mixing_angles,polarization_cluster_01_local_minimum_750,gradient_local_minimum,195,195,9.9995952254451115e-01,9.9999999999999989e-01,9.3353792047985251e-01,1.0284052498902224e-01,2.7889405963721474,0.5635994099296632,3.0796721675766103,3.14394897857842,0.8607184324704282,6.280362375409021
max_c_e_gamma_mixing_angles_polarization_01_local_minimum_751,C_e_gamma,C_{mu\gamma},mixing_angles,polarization_cluster_01_local_minimum_751,gradient_local_minimum,196,196,9.9995949074024371e-01,1.0000000000000000e+00,2.2978115773881584e+00,6.9102615439922604e-02,2.0014118287940432,0.3528647032594606,2.739978394530006,2.613943411952448,0.4623453290535731,5.732345815720538
max_c_e_gamma_mixing_angles_polarization_01_local_minimum_763,C_e_gamma,C_{mu\gamma},mixing_angles,polarization_cluster_01_local_minimum_763,gradient_local_minimum,197,197,9.9995102118800916e-01,9.9999999999999989e-01,8.4097637158304839e-01,3.4026110668556410e-02,2.5840844484823773,0.24402761303071965,2.8612931601794944,4.343773284181263,0.6442204323594719,1.1928759164734875
max_c_e_gamma_mixing_angles_polarization_01_local_minimum_766,C_e_gamma,C_{mu\gamma},mixing_angles,polarization_cluster_01_local_minimum_766,gradient_local_minimum,198,198,9.9994906272087147e-01,9.9999999999999989e-01,1.0279903041467733e+00,1.6686455350072177e-01,4.190487852147439,0.6079500407867284,3.012263868165688,3.0995198983513443,1.6126757289169915,0.07376344020087178
max_c_e_gamma_mixing_angles_polarization_01_local_minimum_772,C_e_gamma,C_{mu\gamma},mixing_angles,polarization_cluster_01_local_minimum_772,gradient_local_minimum,199,199,9.9994581322729859e-01,1.0000000000000000e+00,1.1490893020141975e+00,1.6176804971950753e-01,4.273744250483379,0.983704967915299,3.0291079892403925,3.124148618551735,1.4085312589560637,0.009108670241874749
max_c_e_gamma_mixing_angles_polarization_01_local_minimum_790,C_e_gamma,C_{mu\gamma},mixing_angles,polarization_cluster_01_local_minimum_790,gradient_local_minimum,200,200,9.9992936548184974e-01,1.0000000000000000e+00,2.4005622547753540e+00,9.7377406761846655e-03,1.5476278930571699,0.5069158435479475,3.069364227614181,6.166427077281591,0.1488376428659645,0.1329440588614771
max_c_e_gamma_mixing_angles_polarization_01_local_minimum_798,C_e_gamma,C_{mu\gamma},mixing_angles,polarization_cluster_01_local_minimum_798,gradient_local_minimum,201,201,9.9991609691826921e-01,1.0000000000000002e+00,1.8620700808321951e+00,1.4114913012409014e-01,3.589585607969572,1.4128263252183273,3.0671568627525363,3.1424245486753866,0.7553246279312402,3.1418172610016417
max_c_e_gamma_mixing_angles_polarization_01_local_minimum_799,C_e_gamma,C_{mu\gamma},mixing_angles,polarization_cluster_01_local_minimum_799,gradient_local_minimum,202,202,9.9991570439366173e-01,1.0000000000000000e+00,1.2832108677257217e+00,1.1562198725476044e-01,2.2122374231316555,1.8107324137320318,1.3360433628022392,3.1702587084920597,0.6061814146448637,0.03678749306518311
max_c_e_gamma_mixing_angles_polarization_01_local_minimum_805,C_e_gamma,C_{mu\gamma},mixing_angles,polarization_cluster_01_local_minimum_805,gradient_local_minimum,203,203,9.9990467153352025e-01,9.9999999999999989e-01,1.2852974133946140e+00,1.4113333430732505e-01,5.0,1.6163349924018071,1.9924399375726196,3.1141989795981893,2.0296251838988235,0.25272306084833046
max_c_e_gamma_mixing_angles_polarization_01_local_minimum_813,C_e_gamma,C_{mu\gamma},mixing_angles,polarization_cluster_01_local_minimum_813,gradient_local_minimum,204,204,9.9989314473932500e-01,1.0000000000000002e+00,1.2855838250940324e+00,1.4113012302726519e-01,5.0,1.6073445457573958,2.008925984675622,3.17075117786944,2.029607854507513,6.031043617138215
max_c_e_gamma_mixing_angles_polarization_01_local_minimum_814,C_e_gamma,C_{mu\gamma},mixing_angles,polarization_cluster_01_local_minimum_814,gradient_local_minimum,205,205,9.9988922774436517e-01,9.9999999999999944e-01,1.3169130286934039e+00,1.3234875473443053e-01,4.9999780393392195,1.6846016381487452,2.0162799807847582,3.1140321838512834,1.9684453422001738,0.2838534881898695
max_c_e_gamma_mixing_angles_polarization_01_local_minimum_816,C_e_gamma,C_{mu\gamma},mixing_angles,polarization_cluster_01_local_minimum_816,gradient_local_minimum,206,206,9.9988819162453557e-01,9.9999999999999956e-01,1.7816562388494908e+00,1.2063208602534246e-01,5.0,1.7854026199075623,1.9412597878797964,3.1575122354605973,1.9180908352341173,5.836484156484458
max_c_e_gamma_mixing_angles_polarization_01_local_minimum_819,C_e_gamma,C_{mu\gamma},mixing_angles,polarization_cluster_01_local_minimum_819,gradient_local_minimum,207,207,9.9988697605154764e-01,1.0000000000000000e+00,1.7489390862269996e+00,1.1023177440656656e-01,5.0,1.889205027421171,1.946474197268684,3.129839074245636,1.8470416311553517,0.49565269533935924
max_c_e_gamma_mixing_angles_polarization_01_local_minimum_824,C_e_gamma,C_{mu\gamma},mixing_angles,polarization_cluster_01_local_minimum_824,gradient_local_minimum,208,208,9.9988315973158359e-01,1.0000000000000000e+00,1.8427646176251076e+00,1.3885368747913723e-01,5.0,1.6057166619419623,1.9650582124475628,3.118457084624964,2.0296084703267634,0.3689439831022549
max_c_e_gamma_mixing_angles_polarization_01_local_minimum_826,C_e_gamma,C_{mu\gamma},mixing_angles,polarization_cluster_01_local_minimum_826,gradient_local_minimum,209,209,9.9987395943492952e-01,9.9999999999999978e-01,1.8240442038899849e+00,1.3343717311865103e-01,5.0,1.6490927272738247,1.9669219835405025,3.119430096449238,2.0009023873783667,0.3943506705678967
max_c_e_gamma_mixing_angles_polarization_01_local_minimum_828,C_e_gamma,C_{mu\gamma},mixing_angles,polarization_cluster_01_local_minimum_828,gradient_local_minimum,210,210,9.9987021037473889e-01,9.9999999999999978e-01,1.8078397424027490e+00,1.2865062556555312e-01,5.0,1.6947421831349554,1.9631984264700562,3.1619974869478673,1.9716415850754458,5.86731607323076
max_c_e_gamma_mixing_angles_polarization_01_local_minimum_831,C_e_gamma,C_{mu\gamma},mixing_angles,polarization_cluster_01_local_minimum_831,gradient_local_minimum,211,211,9.9986955455120419e-01,1.0000000000000002e+00,1.8193559600315909e+00,1.3206975277698421e-01,5.0,1.659671600690392,1.9688858027473553,3.1196450087063705,1.9935141039591509,0.4008064405879483
max_c_e_gamma_mixing_angles_polarization_01_local_minimum_835,C_e_gamma,C_{mu\gamma},mixing_angles,polarization_cluster_01_local_minimum_835,gradient_local_minimum,212,212,9.9986621571372947e-01,1.0000000000000002e+00,2.2135462310901768e+00,4.2618201721992197e-02,1.7486163524607785,0.6353741174788241,3.079812706656525,5.214702006471853,0.2562225759832325,4.458978836646955
max_c_e_gamma_mixing_angles_polarization_01_local_minimum_837,C_e_gamma,C_{mu\gamma},mixing_angles,polarization_cluster_01_local_minimum_837,gradient_local_minimum,213,213,9.9986545847742536e-01,1.0000000000000002e+00,1.1238103688748942e+00,1.6195408411310686e-01,4.545443324857777,0.7874226212945457,2.9418614342088736,3.081554229758505,1.7718486366643875,0.24927803141684723
max_c_e_gamma_mixing_angles_polarization_01_local_minimum_843,C_e_gamma,C_{mu\gamma},mixing_angles,polarization_cluster_01_local_minimum_843,gradient_local_minimum,214,214,9.9985487568742926e-01,1.0000000000000000e+00,1.2958515583865531e+00,1.3843351871121970e-01,4.946542920133033,1.6171720039386006,2.032036143140218,3.1077464684719454,1.9909055297263885,0.2543848053886155
max_c_e_gamma_mixing_angles_polarization_01_local_minimum_844,C_e_gamma,C_{mu\gamma},mixing_angles,polarization_cluster_01_local_minimum_844,gradient_local_minimum,215,215,9.9985442634656463e-01,1.0000000000000004e+00,1.0832612829799542e+00,1.5628516372096937e-01,4.114811467857262,0.6997663282808388,2.96012739435274,3.071011659849921,1.5866467539048525,0.3080542461733229
max_c_e_gamma_mixing_angles_polarization_01_local_minimum_847,C_e_gamma,C_{mu\gamma},mixing_angles,polarization_cluster_01_local_minimum_847,gradient_local_minimum,216,216,9.9985080222386113e-01,9.9999999999999978e-01,1.1268990819440299e+00,1.5893935893869499e-01,4.320181406161057,0.8129862094828185,2.951906046615768,3.0792592114473183,1.6400263924255312,0.1717267013622439
max_c_e_gamma_mixing_angles_polarization_01_local_minimum_854,C_e_gamma,C_{mu\gamma},mixing_angles,polarization_cluster_01_local_minimum_854,gradient_local_minimum,217,217,9.9983537815662904e-01,9.9999999999999933e-01,1.2867459218791972e+00,1.4101061922451052e-01,4.999960958412943,1.5718597813678234,2.0733916568851587,3.177589494162746,2.0296057773901834,6.034306800636131
max_c_e_gamma_mixing_angles_polarization_01_local_minimum_855,C_e_gamma,C_{mu\gamma},mixing_angles,polarization_cluster_01_local_minimum_855,gradient_local_minimum,218,218,9.9983533576289896e-01,1.0000000000000002e+00,1.0994824537792509e+00,1.5729828164882256e-01,4.3430724540464345,0.7123104363776621,2.9464594682809575,3.210708033054395,1.7008925996831257,5.853611458861124
max_c_e_gamma_mixing_angles_polarization_01_local_minimum_856,C_e_gamma,C_{mu\gamma},mixing_angles,polarization_cluster_01_local_minimum_856,gradient_local_minimum,219,219,9.9983517192355309e-01,9.9999999999999989e-01,1.2878053163758352e+00,1.4073646618407437e-01,5.0,1.571729921231928,2.0762269711885675,3.105088367977515,2.0296233726993047,0.2486411377690242
max_c_e_gamma_mixing_angles_polarization_01_local_minimum_861,C_e_gamma,C_{mu\gamma},mixing_angles,polarization_cluster_01_local_minimum_861,gradient_local_minimum,220,220,9.9983060469990603e-01,9.9999999999999978e-01,1.8178622280876702e+00,1.3171721261149613e-01,5.0,1.638673064603007,2.001084454468942,3.166184440755272,1.9962488471191224,5.87148462714075
max_c_e_gamma_mixing_angles_polarization_01_local_minimum_862,C_e_gamma,C_{mu\gamma},mixing_angles,polarization_cluster_01_local_minimum_862,gradient_local_minimum,221,221,9.9982693407416323e-01,1.0000000000000002e+00,1.2870892182079561e+00,1.4092826121063284e-01,5.0,1.5674359566778164,2.0817884708980157,3.178595811144979,2.0296127195124956,6.034852853775934
max_c_e_gamma_mixing_angles_polarization_01_local_minimum_863,C_e_gamma,C_{mu\gamma},mixing_angles,polarization_cluster_01_local_minimum_863,gradient_local_minimum,222,222,9.9982321097214932e-01,9.9999999999999989e-01,1.1328895393820622e+00,1.5212861881591708e-01,3.9407904710562773,0.859795249987872,2.971499383947439,3.207484484443002,1.413044896996388,6.181126191273093
max_c_e_gamma_mixing_angles_polarization_01_local_minimum_864,C_e_gamma,C_{mu\gamma},mixing_angles,polarization_cluster_01_local_minimum_864,gradient_local_minimum,223,223,9.9982265861583963e-01,1.0000000000000000e+00,1.1429662109070460e+00,1.5361770609914305e-01,4.938208689654712,0.7253451933537229,2.909996817349826,3.2085138237650392,1.9987059697434755,5.542920241919064
max_c_e_gamma_mixing_angles_polarization_01_local_minimum_868,C_e_gamma,C_{mu\gamma},mixing_angles,polarization_cluster_01_local_minimum_868,gradient_local_minimum,224,224,9.9981313056666843e-01,1.0000000000000002e+00,1.8017012605993257e+00,1.2691648392580476e-01,5.0,1.679563525433559,2.004915563968365,3.164841155985696,1.9690808441120675,5.847416011384505
max_c_e_gamma_mixing_angles_polarization_01_local_minimum_870,C_e_gamma,C_{mu\gamma},mixing_angles,polarization_cluster_01_local_minimum_870,gradient_local_minimum,225,225,9.9981134389647319e-01,1.0000000000000002e+00,1.8381134630849547e+00,1.3770214908198525e-01,5.0,1.5696460610197434,2.0248028559794733,3.1134480266653815,2.0296087173909374,0.39240630686137734
max_c_e_gamma_mixing_angles_polarization_01_local_minimum_871,C_e_gamma,C_{mu\gamma},mixing_angles,polarization_cluster_01_local_minimum_871,gradient_local_minimum,226,226,9.9979559917203287e-01,1.0000000000000000e+00,1.1643869813822134e+00,1.5443570883467000e-01,4.54290707137678,0.8777222353896061,2.9167764624451786,3.2083494271691455,1.7457055461077822,5.943486130650433
max_c_e_gamma_mixing_angles_polarization_01_local_minimum_873,C_e_gamma,C_{mu\gamma},mixing_angles,polarization_cluster_01_local_minimum_873,gradient_local_minimum,227,227,9.9979342573883356e-01,1.0000000000000002e+00,9.1685442483489810e-01,6.8247188087112207e-02,1.674679840191461,0.9787310870914414,2.1513083674337543,2.8233510607651695,0.30299944170394366,5.962978783621495
max_c_e_gamma_mixing_angles_polarization_01_local_minimum_876,C_e_gamma,C_{mu\gamma},mixing_angles,polarization_cluster_01_local_minimum_876,gradient_local_minimum,228,228,9.9977306677359035e-01,1.0000000000000002e+00,1.7679499173612219e+00,1.1651803516174539e-01,5.0,1.7736801952849743,2.0169522931175474,3.16111976156885,1.9085074112997624,5.797011432215167
max_c_e_gamma_mixing_angles_polarization_01_local_minimum_880,C_e_gamma,C_{mu\gamma},mixing_angles,polarization_cluster_01_local_minimum_880,gradient_local_minimum,229,229,9.9976852878098077e-01,9.9999999999999989e-01,1.2885181496973888e+00,1.4059724368174945e-01,5.0,1.541154763387418,2.130056562132517,3.099172971190451,2.0296172405319437,0.24394520057172314
max_c_e_gamma_mixing_angles_polarization_01_local_minimum_881,C_e_gamma,C_{mu\gamma},mixing_angles,polarization_cluster_01_local_minimum_881,gradient_local_minimum,230,230,9.9976789728388527e-01,1.0000000000000000e+00,1.8309385856489557e+00,1.3559276332552719e-01,5.0,1.5604199095760556,2.053888780836776,3.111017060300884,2.027257701121031,0.40880137004962075
max_c_e_gamma_mixing_angles_polarization_01_local_minimum_886,C_e_gamma,C_{mu\gamma},mixing_angles,polarization_cluster_01_local_minimum_886,gradient_local_minimum,231,231,9.9975584694440200e-01,9.9999999999999978e-01,1.8336835327146013e+00,1.3643284475616793e-01,5.0,1.5502261129130432,2.0597445958451135,3.1105457820855964,2.0296127773263786,0.4079762714085847
max_c_e_gamma_mixing_angles_polarization_01_local_minimum_898,C_e_gamma,C_{mu\gamma},mixing_angles,polarization_cluster_01_local_minimum_898,gradient_local_minimum,232,232,9.9972316803970440e-01,1.0000000000000004e+00,1.8251540970706588e+00,1.3387909106518650e-01,5.0,1.5557332058418853,2.0754917620906275,3.173640365227323,2.0230794482334775,5.86046414707689
max_c_e_gamma_mixing_angles_polarization_01_local_minimum_907,C_e_gamma,C_{mu\gamma},mixing_angles,polarization_cluster_01_local_minimum_907,gradient_local_minimum,233,233,9.9970716321994935e-01,1.0000000000000000e+00,2.1636996484606481e+00,2.4949477435691755e-02,1.44634684530278,0.896316916804363,2.178349510641683,4.1241812474922375,0.15333458967259783,0.9897243861051854
max_c_e_gamma_mixing_angles_polarization_01_local_minimum_908,C_e_gamma,C_{mu\gamma},mixing_angles,polarization_cluster_01_local_minimum_908,gradient_local_minimum,234,234,9.9970365029458552e-01,1.0000000000000002e+00,1.7841968417870575e+00,1.2159187637285489e-01,4.99994088821913,1.6879208316351633,2.056506778227165,3.116315053215284,1.9527512726044913,0.4727267773610582
max_c_e_gamma_mixing_angles_polarization_01_local_minimum_911,C_e_gamma,C_{mu\gamma},mixing_angles,polarization_cluster_01_local_minimum_911,gradient_local_minimum,235,235,9.9969574393638694e-01,1.0000000000000004e+00,1.2188235690409923e+00,1.4439932526357402e-01,4.352600690846872,1.0586221768599593,2.9070766750792423,3.212047442488721,1.578665410014301,6.082611993103956
max_c_e_gamma_mixing_angles_polarization_01_local_minimum_917,C_e_gamma,C_{mu\gamma},mixing_angles,polarization_cluster_01_local_minimum_917,gradient_local_minimum,236,236,9.9967890715495844e-01,9.9999999999999989e-01,1.8276393755950557e+00,1.3459559985780817e-01,5.0,1.530496012493836,2.0971090053694104,3.1756436040274916,2.0296157341206835,5.8565440304497125
max_c_e_gamma_mixing_angles_polarization_01_local_minimum_924,C_e_gamma,C_{mu\gamma},mixing_angles,polarization_cluster_01_local_minimum_924,gradient_local_minimum,237,237,9.9965974183812456e-01,9.9999999999999967e-01,1.2918322779492333e+00,1.3963587259822810e-01,5.0,1.5033453223108015,2.203706634301534,3.0908703609908468,2.0296241379597717,0.22995708058736986
max_c_e_gamma_mixing_angles_polarization_01_local_minimum_931,C_e_gamma,C_{mu\gamma},mixing_angles,polarization_cluster_01_local_minimum_931,gradient_local_minimum,238,238,9.9963214772422548e-01,9.9999999999999978e-01,1.8251968724120049e+00,1.3382245713893698e-01,5.0,1.5208285194727373,2.1140218575424643,3.1769460074040476,2.0296238841814094,5.847952788805491
max_c_e_gamma_mixing_angles_polarization_01_local_minimum_944,C_e_gamma,C_{mu\gamma},mixing_angles,polarization_cluster_01_local_minimum_944,gradient_local_minimum,239,239,9.9957512852902486e-01,1.0000000000000000e+00,1.3096612171164737e+00,1.3441492991371340e-01,4.582012689463859,1.6352679657838778,2.049207971929059,3.0856959552239496,1.8068393644052338,0.2351592605269123
max_c_e_gamma_mixing_angles_polarization_01_local_minimum_946,C_e_gamma,C_{mu\gamma},mixing_angles,polarization_cluster_01_local_minimum_946,gradient_local_minimum,240,240,9.9956610602549323e-01,9.9999999999999989e-01,1.3167820714752450e+00,1.3242732592634524e-01,4.999981478898308,1.539962486705822,2.254094619195792,3.1966439198122782,1.9923380936367674,6.047422471666901
max_c_e_gamma_mixing_angles_polarization_01_local_minimum_949,C_e_gamma,C_{mu\gamma},mixing_angles,polarization_cluster_01_local_minimum_949,gradient_local_minimum,241,241,9.9955229628845910e-01,1.0000000000000004e+00,1.8189596098744780e+00,1.3183168471925646e-01,5.0,1.5080780833217344,2.141388060537729,3.1789982943264796,2.0296063454914894,5.831607819799305
max_c_e_gamma_mixing_angles_polarization_01_local_minimum_950,C_e_gamma,C_{mu\gamma},mixing_angles,polarization_cluster_01_local_minimum_950,gradient_local_minimum,242,242,9.9955052951056977e-01,1.0000000000000002e+00,1.0379767156405433e+00,1.1688714311755043e-02,2.5028924042919325,0.5560582367503173,2.997514184933092,2.308827521604715,0.7722620219880088,0.7470433770694929
max_c_e_gamma_mixing_angles_polarization_01_local_minimum_959,C_e_gamma,C_{mu\gamma},mixing_angles,polarization_cluster_01_local_minimum_959,gradient_local_minimum,243,243,9.9952739158849946e-01,1.0000000000000000e+00,1.1947061408672219e+00,1.2710278681004542e-01,4.570546265727161,0.748047537022277,2.872875113831417,3.03396919305221,1.8140540666196012,0.9835081696737731
max_c_e_gamma_mixing_angles_polarization_01_local_minimum_960,C_e_gamma,C_{mu\gamma},mixing_angles,polarization_cluster_01_local_minimum_960,gradient_local_minimum,244,244,9.9951728459682132e-01,1.0000000000000004e+00,1.1658774446198172e+00,1.2628253055121208e-01,4.074782128204183,0.757062728353192,2.891089771368815,3.2648800779741802,1.5666094497712237,5.458586623811862
max_c_e_gamma_mixing_angles_polarization_01_local_minimum_962,C_e_gamma,C_{mu\gamma},mixing_angles,polarization_cluster_01_local_minimum_962,gradient_local_minimum,245,245,9.9949532248269846e-01,1.0000000000000002e+00,1.2980661278378238e+00,1.3756760814941815e-01,5.0,1.4598149369649502,2.295194954553485,3.0803364283342973,2.0296200063802283,0.19998673784139037
max_c_e_gamma_mixing_angles_polarization_01_local_minimum_966,C_e_gamma,C_{mu\gamma},mixing_angles,polarization_cluster_01_local_minimum_966,gradient_local_minimum,246,246,9.9947270115313491e-01,9.9999999999999989e-01,1.3077071141139887e+00,1.3480542991681654e-01,5.0,1.478840072477753,2.3048767723307297,3.079265105729017,2.01710441672268,0.2010919741030471
max_c_e_gamma_mixing_angles_polarization_01_local_minimum_968,C_e_gamma,C_{mu\gamma},mixing_angles,polarization_cluster_01_local_minimum_968,gradient_local_minimum,247,247,9.9946090677186472e-01,9.9999999999999956e-01,1.2192003161834055e+00,1.3486532838695936e-01,4.121704757721038,1.0031568419016135,2.875936433424005,3.2433788635711003,1.5104067050063497,5.7696422946679045
max_c_e_gamma_mixing_angles_polarization_01_local_minimum_972,C_e_gamma,C_{mu\gamma},mixing_angles,polarization_cluster_01_local_minimum_972,gradient_local_minimum,248,248,9.9942364756795266e-01,1.0000000000000000e+00,1.2654741557478260e+00,1.2830926769101653e-01,3.721789950690716,1.2702010418164733,2.928903098422504,3.228335737770447,1.1708812440799996,6.177582841860299
max_c_e_gamma_mixing_angles_polarization_01_local_minimum_977,C_e_gamma,C_{mu\gamma},mixing_angles,polarization_cluster_01_local_minimum_977,gradient_local_minimum,249,249,9.9939490351023552e-01,9.9999999999999989e-01,1.3153391865961743e+00,1.3251761210306914e-01,5.0,1.4827783972356667,2.33913073800206,3.206482904629041,2.004024248464648,6.0963865051324575
max_c_e_gamma_mixing_angles_polarization_01_local_minimum_987,C_e_gamma,C_{mu\gamma},mixing_angles,polarization_cluster_01_local_minimum_987,gradient_local_minimum,250,250,9.9932576448794497e-01,1.0000000000000002e+00,1.0762142895392868e+00,6.8941208327067530e-02,2.6794656505924768,0.7170945811052851,2.960805879909085,3.405737258113681,0.8628673903379074,5.725487965212441
max_c_e_gamma_mixing_angles_polarization_01_local_minimum_998,C_e_gamma,C_{mu\gamma},mixing_angles,polarization_cluster_01_local_minimum_998,gradient_local_minimum,251,251,9.9919129698762987e-01,1.0000000000000000e+00,1.1585675862678189e+00,1.0893396512915805e-01,3.3387257148262353,0.8198997733369694,2.904908240765928,2.9593238900219974,1.17867634974888,0.6636863842988159
max_c_e_gamma_mixing_angles_polarization_01_local_minimum_1002,C_e_gamma,C_{mu\gamma},mixing_angles,polarization_cluster_01_local_minimum_1002,gradient_local_minimum,252,252,9.9914585468617712e-01,9.9999999999999956e-01,1.3410668744555079e+00,7.4317868252600935e-02,1.8686130143377704,1.9399414765459357,1.2153955013732571,3.2867434691749664,0.44437540122037605,0.12959446722892107
max_c_e_gamma_mixing_angles_polarization_01_local_minimum_1005,C_e_gamma,C_{mu\gamma},mixing_angles,polarization_cluster_01_local_minimum_1005,gradient_local_minimum,253,253,9.9908226825612612e-01,1.0000000000000000e+00,1.1052326303457383e+00,6.6765888601358833e-02,2.7230267709431697,0.7426664008960693,2.944871346515141,2.8273374103277287,0.8782618507700146,0.6472968308055671
max_c_e_gamma_mixing_angles_polarization_01_local_minimum_1007,C_e_gamma,C_{mu\gamma},mixing_angles,polarization_cluster_01_local_minimum_1007,gradient_local_minimum,254,254,9.9906312422747434e-01,1.0000000000000002e+00,1.1774823484052144e+00,1.0482488254869954e-01,3.742835190874842,0.7389760603295432,2.883364546519945,3.320362369428414,1.4004259883545624,5.329898823851471
max_c_e_gamma_mixing_angles_polarization_01_local_minimum_1011,C_e_gamma,C_{mu\gamma},mixing_angles,polarization_cluster_01_local_minimum_1011,gradient_local_minimum,255,255,9.9880536250473073e-01,9.9999999999999978e-01,1.2427409365372357e+00,1.1663559165531603e-01,3.5827581280596865,1.0707341939672559,2.8650088957005635,3.300112511209027,1.2295214840435758,5.7056338621288445
max_c_e_gamma_mixing_angles_polarization_01_local_minimum_1014,C_e_gamma,C_{mu\gamma},mixing_angles,polarization_cluster_01_local_minimum_1014,gradient_local_minimum,256,256,9.9852803294964187e-01,9.9999999999999967e-01,1.2245411905102943e+00,1.0844302010387870e-01,3.1439740822723494,1.074080540767611,2.893327374176259,2.9479791350243763,1.005363445269053,0.4627875488658367
max_c_e_gamma_mixing_angles_polarization_01_local_minimum_1015,C_e_gamma,C_{mu\gamma},mixing_angles,polarization_cluster_01_local_minimum_1015,gradient_local_minimum,257,257,9.9836591654012996e-01,1.0000000000000000e+00,1.7485692604893759e+00,1.0810120350882335e-01,5.0,1.5355694019405972,2.28459330657159,3.106967881613126,2.0035582359365454,0.592769169544071
max_c_e_gamma_mixing_angles_polarization_01_local_minimum_1019,C_e_gamma,C_{mu\gamma},mixing_angles,polarization_cluster_01_local_minimum_1019,gradient_local_minimum,258,258,9.9818470221544653e-01,1.0000000000000000e+00,1.3510972534604566e+00,1.2017252836296270e-01,3.9723533735781764,1.752667365143447,2.027487285856068,3.0375141768711846,1.4627337669742269,0.20645025311652573
max_c_e_gamma_mixing_angles_polarization_01_local_minimum_1026,C_e_gamma,C_{mu\gamma},mixing_angles,polarization_cluster_01_local_minimum_1026,gradient_local_minimum,259,259,9.9511672400960460e-01,9.9999999999999978e-01,1.7566563291451041e+00,1.2140941465024237e-02,1.4999026508183142,2.2101441478513877,0.9199888618236018,4.13556947015327,0.0689363788669499,0.9885578068407798
max_c_e_gamma_mixing_angles_polarization_01_local_minimum_1043,C_e_gamma,C_{mu\gamma},mixing_angles,polarization_cluster_01_local_minimum_1043,gradient_local_minimum,260,260,9.8315144538281940e-01,1.0000000000000004e+00,1.9813701840845812e+00,2.9933208868339115e-02,1.8838591628654693,1.1078350951592995,1.980499500571369,1.8532533491977385,0.6440175851082677,4.902668613424801
max_c_e_gamma_mixing_angles_polarization_01_local_minimum_1047,C_e_gamma,C_{mu\gamma},mixing_angles,polarization_cluster_01_local_minimum_1047,gradient_local_minimum,261,261,9.8091309851752784e-01,1.0000000000000002e+00,1.6070802771306820e+00,1.4231719902212789e-01,1.297721081096253,2.5073311781347827,0.9499102301543275,2.465326675849878,0.1615089420610306,5.793940876470852
max_c_e_gamma_mixing_angles_polarization_01_local_minimum_1065,C_e_gamma,C_{mu\gamma},mixing_angles,polarization_cluster_01_local_minimum_1065,gradient_local_minimum,262,262,9.6924748029055507e-01,1.0000000000000000e+00,1.5689416926293480e+00,1.4944486701681278e-01,1.2863285786958678,2.3504591161666064,1.502864101675486,1.921774885588651,0.15813899062152453,5.4426425904345885
max_c_e_gamma_mixing_angles_polarization_01_local_minimum_1074,C_e_gamma,C_{mu\gamma},mixing_angles,polarization_cluster_01_local_minimum_1074,gradient_local_minimum,263,263,9.6467201132532054e-01,1.0000000000000000e+00,1.5869863851523973e+00,1.3928124623509108e-01,1.3883288377717236,3.141592653589793,0.0109887618769624,0.06942683105155603,0.024259576792806097,1.974263597191947e-05
max_c_e_gamma_mixing_angles_polarization_01_local_minimum_1076,C_e_gamma,C_{mu\gamma},mixing_angles,polarization_cluster_01_local_minimum_1076,gradient_local_minimum,264,264,9.6254118010225431e-01,1.0000000000000000e+00,1.5728531737199798e+00,1.4854675954733029e-01,1.2993787043414642,2.2638135892969555,1.6888659773169312,1.8745949255272591,0.1652430818281621,5.4312231456642
max_c_e_gamma_mixing_angles_polarization_01_local_minimum_1081,C_e_gamma,C_{mu\gamma},mixing_angles,polarization_cluster_01_local_minimum_1081,gradient_local_minimum,265,265,9.5900888150149644e-01,1.0000000000000000e+00,1.5644893232853476e+00,1.3238179528123170e-01,1.3148915269027366,2.316235155534765,1.6777763516075763,1.754268377641393,0.17018787685983416,5.378101514573853
