detail_id,selected_spin_case,cluster_id,selected_C13,kinematic_point,momentum,E,px,py,pz,p_abs,phi_xy,s,sqrt_s,pIn,pOut,theta_in,phi_in,qOut,phiOut,Q2,xB,t,W2,y
Tx_cluster_0,Tx,0,9.1538118901433563e-01,mid_s_high_theta_in_high_Egamma,k,2.2244176384674761e+00,1.1694567879801301e+00,-1.7502157680793367e+00,7.1913101486368736e-01,2.2244176384674761e+00,-9.8174770424681068e-01,2.1515843999999991e+01,4.6385174355606331e+00,2.2244176384674761e+00,2.1446550639061677e+00,1.8999999999999999e+00,2.1598449493429825e+00,1.7500000000000000e+00,4.9087385212340520e+00,1.7360184235248091e+00,1.0040062069928772e-01,-2.0349894930699217e+00,1.6434738834117283e+01,8.3790042923251129e-01
Tx_cluster_0,Tx,0,9.1538118901433563e-01,mid_s_high_theta_in_high_Egamma,p,2.4140997970931570e+00,-1.1694567879801301e+00,1.7502157680793367e+00,-7.1913101486368736e-01,2.2244176384674761e+00,2.1598449493429825e+00,2.1515843999999991e+01,4.6385174355606331e+00,2.2244176384674761e+00,2.1446550639061677e+00,1.8999999999999999e+00,2.1598449493429825e+00,1.7500000000000000e+00,4.9087385212340520e+00,1.7360184235248091e+00,1.0040062069928772e-01,-2.0349894930699217e+00,1.6434738834117283e+01,8.3790042923251129e-01
Tx_cluster_0,Tx,0,9.1538118901433563e-01,mid_s_high_theta_in_high_Egamma,kp,5.4770788689172845e-01,-3.4140806352822450e-01,-4.2828082320051442e-01,0.0000000000000000e+00,5.4770788689172845e-01,-2.2438027648905341e+00,2.1515843999999991e+01,4.6385174355606331e+00,2.2244176384674761e+00,2.1446550639061677e+00,1.8999999999999999e+00,2.1598449493429825e+00,1.7500000000000000e+00,4.9087385212340520e+00,1.7360184235248091e+00,1.0040062069928772e-01,-2.0349894930699217e+00,1.6434738834117283e+01,8.3790042923251129e-01
Tx_cluster_0,Tx,0,9.1538118901433563e-01,mid_s_high_theta_in_high_Egamma,pp,2.3408095486686586e+00,0.0000000000000000e+00,2.1446550639061677e+00,0.0000000000000000e+00,2.1446550639061677e+00,1.5707963267948966e+00,2.1515843999999991e+01,4.6385174355606331e+00,2.2244176384674761e+00,2.1446550639061677e+00,1.8999999999999999e+00,2.1598449493429825e+00,1.7500000000000000e+00,4.9087385212340520e+00,1.7360184235248091e+00,1.0040062069928772e-01,-2.0349894930699217e+00,1.6434738834117283e+01,8.3790042923251129e-01
Tx_cluster_0,Tx,0,9.1538118901433563e-01,mid_s_high_theta_in_high_Egamma,qout,1.7500000000000000e+00,3.4140806352822450e-01,-1.7163742407056533e+00,0.0000000000000000e+00,1.7500000000000000e+00,-1.3744467859455345e+00,2.1515843999999991e+01,4.6385174355606331e+00,2.2244176384674761e+00,2.1446550639061677e+00,1.8999999999999999e+00,2.1598449493429825e+00,1.7500000000000000e+00,4.9087385212340520e+00,1.7360184235248091e+00,1.0040062069928772e-01,-2.0349894930699217e+00,1.6434738834117283e+01,8.3790042923251129e-01
Tx_cluster_0,Tx,0,9.1538118901433563e-01,mid_s_high_theta_in_high_Egamma,q,1.6767097515757476e+00,1.5108648515083547e+00,-1.3219349448788222e+00,7.1913101486368736e-01,2.1324572714486014e+00,-7.1880308354598477e-01,2.1515843999999991e+01,4.6385174355606331e+00,2.2244176384674761e+00,2.1446550639061677e+00,1.8999999999999999e+00,2.1598449493429825e+00,1.7500000000000000e+00,4.9087385212340520e+00,1.7360184235248091e+00,1.0040062069928772e-01,-2.0349894930699217e+00,1.6434738834117283e+01,8.3790042923251129e-01
Tx_cluster_1,Tx,1,9.1149984813257545e-01,mid_s_low_theta_in_high_Egamma,k,2.2244176384674761e+00,-7.5863828401115951e-01,-1.8315148341951906e+00,-1.0089872132394893e+00,2.2244176384674761e+00,-1.9634954084936214e+00,2.1515843999999991e+01,4.6385174355606331e+00,2.2244176384674761e+00,2.1446550639061677e+00,1.1000000000000001e+00,1.1780972450961720e+00,1.7500000000000000e+00,4.5160394395353274e+00,1.3858672617985344e+00,8.1806665718577559e-02,-1.6862725853975060e+00,1.6434738834117280e+01,8.2093245279685112e-01
Tx_cluster_1,Tx,1,9.1149984813257545e-01,mid_s_low_theta_in_high_Egamma,p,2.4140997970931570e+00,7.5863828401115940e-01,1.8315148341951903e+00,1.0089872132394893e+00,2.2244176384674761e+00,1.1780972450961720e+00,2.1515843999999991e+01,4.6385174355606331e+00,2.2244176384674761e+00,2.1446550639061677e+00,1.1000000000000001e+00,1.1780972450961720e+00,1.7500000000000000e+00,4.5160394395353274e+00,1.3858672617985344e+00,8.1806665718577559e-02,-1.6862725853975060e+00,1.6434738834117280e+01,8.2093245279685112e-01
Tx_cluster_1,Tx,1,9.1149984813257545e-01,mid_s_low_theta_in_high_Egamma,kp,5.4770788689172911e-01,3.4140806352822517e-01,-4.2828082320051464e-01,0.0000000000000000e+00,5.4770788689172911e-01,-8.9778988869925858e-01,2.1515843999999991e+01,4.6385174355606331e+00,2.2244176384674761e+00,2.1446550639061677e+00,1.1000000000000001e+00,1.1780972450961720e+00,1.7500000000000000e+00,4.5160394395353274e+00,1.3858672617985344e+00,8.1806665718577559e-02,-1.6862725853975060e+00,1.6434738834117280e+01,8.2093245279685112e-01
Tx_cluster_1,Tx,1,9.1149984813257545e-01,mid_s_low_theta_in_high_Egamma,pp,2.3408095486686586e+00,0.0000000000000000e+00,2.1446550639061677e+00,0.0000000000000000e+00,2.1446550639061677e+00,1.5707963267948966e+00,2.1515843999999991e+01,4.6385174355606331e+00,2.2244176384674761e+00,2.1446550639061677e+00,1.1000000000000001e+00,1.1780972450961720e+00,1.7500000000000000e+00,4.5160394395353274e+00,1.3858672617985344e+00,8.1806665718577559e-02,-1.6862725853975060e+00,1.6434738834117280e+01,8.2093245279685112e-01
Tx_cluster_1,Tx,1,9.1149984813257545e-01,mid_s_low_theta_in_high_Egamma,qout,1.7500000000000000e+00,-3.4140806352822517e-01,-1.7163742407056530e+00,0.0000000000000000e+00,1.7499999999999998e+00,-1.7671458676442591e+00,2.1515843999999991e+01,4.6385174355606331e+00,2.2244176384674761e+00,2.1446550639061677e+00,1.1000000000000001e+00,1.1780972450961720e+00,1.7500000000000000e+00,4.5160394395353274e+00,1.3858672617985344e+00,8.1806665718577559e-02,-1.6862725853975060e+00,1.6434738834117280e+01,8.2093245279685112e-01
Tx_cluster_1,Tx,1,9.1149984813257545e-01,mid_s_low_theta_in_high_Egamma,q,1.6767097515757470e+00,-1.1000463475393847e+00,-1.4032340109946759e+00,-1.0089872132394893e+00,2.0487124866187880e+00,-2.2356654105559781e+00,2.1515843999999991e+01,4.6385174355606331e+00,2.2244176384674761e+00,2.1446550639061677e+00,1.1000000000000001e+00,1.1780972450961720e+00,1.7500000000000000e+00,4.5160394395353274e+00,1.3858672617985344e+00,8.1806665718577559e-02,-1.6862725853975060e+00,1.6434738834117280e+01,8.2093245279685112e-01
Ty_cluster_0,Ty,0,9.1538119131168549e-01,mid_s_high_theta_in_high_Egamma,k,2.2244176384674761e+00,-1.1694567879801303e+00,-1.7502157680793367e+00,7.1913101486368736e-01,2.2244176384674761e+00,-2.1598449493429825e+00,2.1515843999999991e+01,4.6385174355606331e+00,2.2244176384674761e+00,2.1446550639061677e+00,1.8999999999999999e+00,9.8174770424681057e-01,1.7500000000000000e+00,4.5160394395353274e+00,1.7360184235248131e+00,1.0040062069928794e-01,-2.0349894930699222e+00,1.6434738834117280e+01,8.3790042923251107e-01
Ty_cluster_0,Ty,0,9.1538119131168549e-01,mid_s_high_theta_in_high_Egamma,p,2.4140997970931570e+00,1.1694567879801303e+00,1.7502157680793367e+00,-7.1913101486368736e-01,2.2244176384674761e+00,9.8174770424681057e-01,2.1515843999999991e+01,4.6385174355606331e+00,2.2244176384674761e+00,2.1446550639061677e+00,1.8999999999999999e+00,9.8174770424681057e-01,1.7500000000000000e+00,4.5160394395353274e+00,1.7360184235248131e+00,1.0040062069928794e-01,-2.0349894930699222e+00,1.6434738834117280e+01,8.3790042923251107e-01
Ty_cluster_0,Ty,0,9.1538119131168549e-01,mid_s_high_theta_in_high_Egamma,kp,5.4770788689172911e-01,3.4140806352822517e-01,-4.2828082320051464e-01,0.0000000000000000e+00,5.4770788689172911e-01,-8.9778988869925858e-01,2.1515843999999991e+01,4.6385174355606331e+00,2.2244176384674761e+00,2.1446550639061677e+00,1.8999999999999999e+00,9.8174770424681057e-01,1.7500000000000000e+00,4.5160394395353274e+00,1.7360184235248131e+00,1.0040062069928794e-01,-2.0349894930699222e+00,1.6434738834117280e+01,8.3790042923251107e-01
Ty_cluster_0,Ty,0,9.1538119131168549e-01,mid_s_high_theta_in_high_Egamma,pp,2.3408095486686586e+00,0.0000000000000000e+00,2.1446550639061677e+00,0.0000000000000000e+00,2.1446550639061677e+00,1.5707963267948966e+00,2.1515843999999991e+01,4.6385174355606331e+00,2.2244176384674761e+00,2.1446550639061677e+00,1.8999999999999999e+00,9.8174770424681057e-01,1.7500000000000000e+00,4.5160394395353274e+00,1.7360184235248131e+00,1.0040062069928794e-01,-2.0349894930699222e+00,1.6434738834117280e+01,8.3790042923251107e-01
Ty_cluster_0,Ty,0,9.1538119131168549e-01,mid_s_high_theta_in_high_Egamma,qout,1.7500000000000000e+00,-3.4140806352822517e-01,-1.7163742407056530e+00,0.0000000000000000e+00,1.7499999999999998e+00,-1.7671458676442591e+00,2.1515843999999991e+01,4.6385174355606331e+00,2.2244176384674761e+00,2.1446550639061677e+00,1.8999999999999999e+00,9.8174770424681057e-01,1.7500000000000000e+00,4.5160394395353274e+00,1.7360184235248131e+00,1.0040062069928794e-01,-2.0349894930699222e+00,1.6434738834117280e+01,8.3790042923251107e-01
Ty_cluster_0,Ty,0,9.1538119131168549e-01,mid_s_high_theta_in_high_Egamma,q,1.6767097515757470e+00,-1.5108648515083556e+00,-1.3219349448788220e+00,7.1913101486368736e-01,2.1324572714486019e+00,-2.4227895700438089e+00,2.1515843999999991e+01,4.6385174355606331e+00,2.2244176384674761e+00,2.1446550639061677e+00,1.8999999999999999e+00,9.8174770424681057e-01,1.7500000000000000e+00,4.5160394395353274e+00,1.7360184235248131e+00,1.0040062069928794e-01,-2.0349894930699222e+00,1.6434738834117280e+01,8.3790042923251107e-01
Ty_cluster_1,Ty,1,9.1149985264956368e-01,mid_s_low_theta_in_high_Egamma,k,2.2244176384674761e+00,7.5863828401115929e-01,-1.8315148341951908e+00,-1.0089872132394893e+00,2.2244176384674765e+00,-1.1780972450961722e+00,2.1515843999999991e+01,4.6385174355606331e+00,2.2244176384674761e+00,2.1446550639061677e+00,1.1000000000000001e+00,1.9634954084936211e+00,1.7500000000000000e+00,4.9087385212340520e+00,1.3858672617985315e+00,8.1806665718577365e-02,-1.6862725853975054e+00,1.6434738834117283e+01,8.2093245279685123e-01
Ty_cluster_1,Ty,1,9.1149985264956368e-01,mid_s_low_theta_in_high_Egamma,p,2.4140997970931570e+00,-7.5863828401115918e-01,1.8315148341951906e+00,1.0089872132394893e+00,2.2244176384674761e+00,1.9634954084936211e+00,2.1515843999999991e+01,4.6385174355606331e+00,2.2244176384674761e+00,2.1446550639061677e+00,1.1000000000000001e+00,1.9634954084936211e+00,1.7500000000000000e+00,4.9087385212340520e+00,1.3858672617985315e+00,8.1806665718577365e-02,-1.6862725853975054e+00,1.6434738834117283e+01,8.2093245279685123e-01
Ty_cluster_1,Ty,1,9.1149985264956368e-01,mid_s_low_theta_in_high_Egamma,kp,5.4770788689172845e-01,-3.4140806352822450e-01,-4.2828082320051442e-01,0.0000000000000000e+00,5.4770788689172845e-01,-2.2438027648905341e+00,2.1515843999999991e+01,4.6385174355606331e+00,2.2244176384674761e+00,2.1446550639061677e+00,1.1000000000000001e+00,1.9634954084936211e+00,1.7500000000000000e+00,4.9087385212340520e+00,1.3858672617985315e+00,8.1806665718577365e-02,-1.6862725853975054e+00,1.6434738834117283e+01,8.2093245279685123e-01
Ty_cluster_1,Ty,1,9.1149985264956368e-01,mid_s_low_theta_in_high_Egamma,pp,2.3408095486686586e+00,0.0000000000000000e+00,2.1446550639061677e+00,0.0000000000000000e+00,2.1446550639061677e+00,1.5707963267948966e+00,2.1515843999999991e+01,4.6385174355606331e+00,2.2244176384674761e+00,2.1446550639061677e+00,1.1000000000000001e+00,1.9634954084936211e+00,1.7500000000000000e+00,4.9087385212340520e+00,1.3858672617985315e+00,8.1806665718577365e-02,-1.6862725853975054e+00,1.6434738834117283e+01,8.2093245279685123e-01
Ty_cluster_1,Ty,1,9.1149985264956368e-01,mid_s_low_theta_in_high_Egamma,qout,1.7500000000000000e+00,3.4140806352822450e-01,-1.7163742407056533e+00,0.0000000000000000e+00,1.7500000000000000e+00,-1.3744467859455345e+00,2.1515843999999991e+01,4.6385174355606331e+00,2.2244176384674761e+00,2.1446550639061677e+00,1.1000000000000001e+00,1.9634954084936211e+00,1.7500000000000000e+00,4.9087385212340520e+00,1.3858672617985315e+00,8.1806665718577365e-02,-1.6862725853975054e+00,1.6434738834117283e+01,8.2093245279685123e-01
Ty_cluster_1,Ty,1,9.1149985264956368e-01,mid_s_low_theta_in_high_Egamma,q,1.6767097515757476e+00,1.1000463475393838e+00,-1.4032340109946764e+00,-1.0089872132394893e+00,2.0487124866187876e+00,-9.0592724303381567e-01,2.1515843999999991e+01,4.6385174355606331e+00,2.2244176384674761e+00,2.1446550639061677e+00,1.1000000000000001e+00,1.9634954084936211e+00,1.7500000000000000e+00,4.9087385212340520e+00,1.3858672617985315e+00,8.1806665718577365e-02,-1.6862725853975054e+00,1.6434738834117283e+01,8.2093245279685123e-01
longitudinal_polarized_cluster_0,longitudinal_polarized,0,1.9603443748523725e-16,mid_s_low_theta_in_high_Egamma,k,2.2244176384674761e+00,-1.8315148341951908e+00,-7.5863828401115863e-01,-1.0089872132394893e+00,2.2244176384674761e+00,-2.7488935718910690e+00,2.1515843999999991e+01,4.6385174355606331e+00,2.2244176384674761e+00,1.0787824263128680e+00,1.1000000000000001e+00,3.9269908169872414e-01,1.7500000000000000e+00,3.7306412761378791e+00,1.1659031107213691e+01,6.2147866927081452e-01,-3.5056573516307665e+00,7.9809597549357676e+00,9.0909802588435074e-01
longitudinal_polarized_cluster_0,longitudinal_polarized,0,1.9603443748523725e-16,mid_s_low_theta_in_high_Egamma,p,2.4140997970931570e+00,1.8315148341951908e+00,7.5863828401115851e-01,1.0089872132394893e+00,2.2244176384674761e+00,3.9269908169872414e-01,2.1515843999999991e+01,4.6385174355606331e+00,2.2244176384674761e+00,1.0787824263128680e+00,1.1000000000000001e+00,3.9269908169872414e-01,1.7500000000000000e+00,3.7306412761378791e+00,1.1659031107213691e+01,6.2147866927081452e-01,-3.5056573516307665e+00,7.9809597549357676e+00,9.0909802588435074e-01
longitudinal_polarized_cluster_0,longitudinal_polarized,0,1.9603443748523725e-16,mid_s_low_theta_in_high_Egamma,kp,1.4589666238290571e+00,1.4550718215294545e+00,-1.0653451852856466e-01,0.0000000000000000e+00,1.4589666238290571e+00,-7.3085578731648240e-02,2.1515843999999991e+01,4.6385174355606331e+00,2.2244176384674761e+00,1.0787824263128680e+00,1.1000000000000001e+00,3.9269908169872414e-01,1.7500000000000000e+00,3.7306412761378791e+00,1.1659031107213691e+01,6.2147866927081452e-01,-3.5056573516307665e+00,7.9809597549357676e+00,9.0909802588435074e-01
longitudinal_polarized_cluster_0,longitudinal_polarized,0,1.9603443748523725e-16,mid_s_low_theta_in_high_Egamma,pp,1.4295508117312510e+00,0.0000000000000000e+00,1.0787824263128680e+00,0.0000000000000000e+00,1.0787824263128680e+00,1.5707963267948966e+00,2.1515843999999991e+01,4.6385174355606331e+00,2.2244176384674761e+00,1.0787824263128680e+00,1.1000000000000001e+00,3.9269908169872414e-01,1.7500000000000000e+00,3.7306412761378791e+00,1.1659031107213691e+01,6.2147866927081452e-01,-3.5056573516307665e+00,7.9809597549357676e+00,9.0909802588435074e-01
longitudinal_polarized_cluster_0,longitudinal_polarized,0,1.9603443748523725e-16,mid_s_low_theta_in_high_Egamma,qout,1.7500000000000000e+00,-1.4550718215294545e+00,-9.7224790778430337e-01,0.0000000000000000e+00,1.7500000000000000e+00,-2.5525440310417076e+00,2.1515843999999991e+01,4.6385174355606331e+00,2.2244176384674761e+00,1.0787824263128680e+00,1.1000000000000001e+00,3.9269908169872414e-01,1.7500000000000000e+00,3.7306412761378791e+00,1.1659031107213691e+01,6.2147866927081452e-01,-3.5056573516307665e+00,7.9809597549357676e+00,9.0909802588435074e-01
longitudinal_polarized_cluster_0,longitudinal_polarized,0,1.9603443748523725e-16,mid_s_low_theta_in_high_Egamma,q,7.6545101463841903e-01,-3.2865866557246450e+00,-6.5210376548259397e-01,-1.0089872132394893e+00,3.4992779773868601e+00,-2.9457228620491067e+00,2.1515843999999991e+01,4.6385174355606331e+00,2.2244176384674761e+00,1.0787824263128680e+00,1.1000000000000001e+00,3.9269908169872414e-01,1.7500000000000000e+00,3.7306412761378791e+00,1.1659031107213691e+01,6.2147866927081452e-01,-3.5056573516307665e+00,7.9809597549357676e+00,9.0909802588435074e-01
longitudinal_polarized_cluster_1,longitudinal_polarized,1,1.7773114172158896e-16,high_s_low_theta_in_high_Egamma,k,2.4320515450055225e+00,1.5326272457185586e+00,1.5326272457185579e+00,-1.1031691479215879e+00,2.4320515450055229e+00,7.8539816339744806e-01,2.5388695919999996e+01,5.0387196707100106e+00,2.4320515450055225e+00,7.9554472528198117e-01,1.1000000000000001e+00,3.9269908169872414e+00,1.7500000000000000e+00,1.9634954084936207e-01,1.8760323653669346e+01,8.3298218138884317e-01,-7.0909138157912714e+00,4.6413990525353697e+00,9.1892834391912714e-01
longitudinal_polarized_cluster_1,longitudinal_polarized,1,1.7773114172158896e-16,high_s_low_theta_in_high_Egamma,p,2.6066681257044881e+00,-1.5326272457185584e+00,-1.5326272457185579e+00,1.1031691479215879e+00,2.4320515450055229e+00,-2.3561944901923453e+00,2.5388695919999996e+01,5.0387196707100106e+00,2.4320515450055225e+00,7.9554472528198117e-01,1.1000000000000001e+00,3.9269908169872414e+00,1.7500000000000000e+00,1.9634954084936207e-01,1.8760323653669346e+01,8.3298218138884317e-01,-7.0909138157912714e+00,4.6413990525353697e+00,9.1892834391912714e-01
longitudinal_polarized_cluster_1,longitudinal_polarized,1,1.7773114172158896e-16,high_s_low_theta_in_high_Egamma,kp,2.0587865790657398e+00,-1.7163742407056533e+00,-1.1369527888102056e+00,0.0000000000000000e+00,2.0587865790657398e+00,-2.5565389882171692e+00,2.5388695919999996e+01,5.0387196707100106e+00,2.4320515450055225e+00,7.9554472528198117e-01,1.1000000000000001e+00,3.9269908169872414e+00,1.7500000000000000e+00,1.9634954084936207e-01,1.8760323653669346e+01,8.3298218138884317e-01,-7.0909138157912714e+00,4.6413990525353697e+00,9.1892834391912714e-01
longitudinal_polarized_cluster_1,longitudinal_polarized,1,1.7773114172158896e-16,high_s_low_theta_in_high_Egamma,pp,1.2299330916452256e+00,0.0000000000000000e+00,7.9554472528198117e-01,0.0000000000000000e+00,7.9554472528198117e-01,1.5707963267948966e+00,2.5388695919999996e+01,5.0387196707100106e+00,2.4320515450055225e+00,7.9554472528198117e-01,1.1000000000000001e+00,3.9269908169872414e+00,1.7500000000000000e+00,1.9634954084936207e-01,1.8760323653669346e+01,8.3298218138884317e-01,-7.0909138157912714e+00,4.6413990525353697e+00,9.1892834391912714e-01
longitudinal_polarized_cluster_1,longitudinal_polarized,1,1.7773114172158896e-16,high_s_low_theta_in_high_Egamma,qout,1.7500000000000000e+00,1.7163742407056533e+00,3.4140806352822445e-01,0.0000000000000000e+00,1.7500000000000000e+00,1.9634954084936207e-01,2.5388695919999996e+01,5.0387196707100106e+00,2.4320515450055225e+00,7.9554472528198117e-01,1.1000000000000001e+00,3.9269908169872414e+00,1.7500000000000000e+00,1.9634954084936207e-01,1.8760323653669346e+01,8.3298218138884317e-01,-7.0909138157912714e+00,4.6413990525353697e+00,9.1892834391912714e-01
longitudinal_polarized_cluster_1,longitudinal_polarized,1,1.7773114172158896e-16,high_s_low_theta_in_high_Egamma,q,3.7326496593978264e-01,3.2490014864242118e+00,2.6695800345287637e+00,-1.1031691479215879e+00,4.3473728145245811e+00,6.8781043335272574e-01,2.5388695919999996e+01,5.0387196707100106e+00,2.4320515450055225e+00,7.9554472528198117e-01,1.1000000000000001e+00,3.9269908169872414e+00,1.7500000000000000e+00,1.9634954084936207e-01,1.8760323653669346e+01,8.3298218138884317e-01,-7.0909138157912714e+00,4.6413990525353697e+00,9.1892834391912714e-01
longitudinal_polarized_cluster_2,longitudinal_polarized,2,1.7604936841858295e-16,high_s_high_theta_in_high_Egamma,k,2.4320515450055225e+00,1.9135862300494051e+00,-1.2786174407355375e+00,7.8625689057454951e-01,2.4320515450055225e+00,-5.8904862254808621e-01,2.5388695919999996e+01,5.0387196707100106e+00,2.4320515450055225e+00,1.2571400462762903e+00,1.8999999999999999e+00,2.5525440310417071e+00,1.7500000000000000e+00,5.8904862254808616e+00,1.3052742517141452e+01,6.4533340961572783e-01,-3.2027153565763129e+00,8.0534562982924474e+00,8.2526733122609275e-01
longitudinal_polarized_cluster_2,longitudinal_polarized,2,1.7604936841858295e-16,high_s_high_theta_in_high_Egamma,p,2.6066681257044881e+00,-1.9135862300494049e+00,1.2786174407355373e+00,-7.8625689057454951e-01,2.4320515450055225e+00,2.5525440310417071e+00,2.5388695919999996e+01,5.0387196707100106e+00,2.4320515450055225e+00,1.2571400462762903e+00,1.8999999999999999e+00,2.5525440310417071e+00,1.7500000000000000e+00,5.8904862254808616e+00,1.3052742517141452e+01,6.4533340961572783e-01,-3.2027153565763129e+00,8.0534562982924474e+00,8.2526733122609275e-01
longitudinal_polarized_cluster_2,longitudinal_polarized,2,1.7604936841858295e-16,high_s_high_theta_in_high_Egamma,kp,1.7202028247847363e+00,-1.6167891818947515e+00,-5.8744403963738212e-01,0.0000000000000000e+00,1.7202028247847363e+00,-2.7930835041698980e+00,2.5388695919999996e+01,5.0387196707100106e+00,2.4320515450055225e+00,1.2571400462762903e+00,1.8999999999999999e+00,2.5525440310417071e+00,1.7500000000000000e+00,5.8904862254808616e+00,1.3052742517141452e+01,6.4533340961572783e-01,-3.2027153565763129e+00,8.0534562982924474e+00,8.2526733122609275e-01
longitudinal_polarized_cluster_2,longitudinal_polarized,2,1.7604936841858295e-16,high_s_high_theta_in_high_Egamma,pp,1.5685168459253325e+00,0.0000000000000000e+00,1.2571400462762903e+00,0.0000000000000000e+00,1.2571400462762903e+00,1.5707963267948966e+00,2.5388695919999996e+01,5.0387196707100106e+00,2.4320515450055225e+00,1.2571400462762903e+00,1.8999999999999999e+00,2.5525440310417071e+00,1.7500000000000000e+00,5.8904862254808616e+00,1.3052742517141452e+01,6.4533340961572783e-01,-3.2027153565763129e+00,8.0534562982924474e+00,8.2526733122609275e-01
longitudinal_polarized_cluster_2,longitudinal_polarized,2,1.7604936841858295e-16,high_s_high_theta_in_high_Egamma,qout,1.7500000000000000e+00,1.6167891818947515e+00,-6.6969600663890816e-01,0.0000000000000000e+00,1.7500000000000002e+00,-3.9269908169872481e-01,2.5388695919999996e+01,5.0387196707100106e+00,2.4320515450055225e+00,1.2571400462762903e+00,1.8999999999999999e+00,2.5525440310417071e+00,1.7500000000000000e+00,5.8904862254808616e+00,1.3052742517141452e+01,6.4533340961572783e-01,-3.2027153565763129e+00,8.0534562982924474e+00,8.2526733122609275e-01
longitudinal_polarized_cluster_2,longitudinal_polarized,2,1.7604936841858295e-16,high_s_high_theta_in_high_Egamma,q,7.1184872022078616e-01,3.5303754119441564e+00,-6.9117340109815539e-01,7.8625689057454951e-01,3.6823187148346381e+00,-1.9333364022337510e-01,2.5388695919999996e+01,5.0387196707100106e+00,2.4320515450055225e+00,1.2571400462762903e+00,1.8999999999999999e+00,2.5525440310417071e+00,1.7500000000000000e+00,5.8904862254808616e+00,1.3052742517141452e+01,6.4533340961572783e-01,-3.2027153565763129e+00,8.0534562982924474e+00,8.2526733122609275e-01
longitudinal_polarized_cluster_3,longitudinal_polarized,3,1.6289888398117756e-16,low_s_high_theta_in_mid_Egamma,k,1.9409274622587749e+00,1.0204157512792353e+00,-1.5271600936791387e+00,6.2748159858711805e-01,1.9409274622587747e+00,-9.8174770424681057e-01,1.6782358319999997e+01,4.0966276765163805e+00,1.9409274622587749e+00,1.6655531105644910e+00,1.8999999999999999e+00,2.1598449493429825e+00,1.2500000000000000e+00,5.3014376029327757e+00,3.1345669281913655e+00,2.7555395599880250e-01,-1.3945104255519361e+00,9.1207876023306067e+00,7.1532779670038815e-01
longitudinal_polarized_cluster_3,longitudinal_polarized,3,1.6289888398117756e-16,low_s_high_theta_in_mid_Egamma,p,2.1557002142576058e+00,-1.0204157512792351e+00,1.5271600936791387e+00,-6.2748159858711805e-01,1.9409274622587744e+00,2.1598449493429825e+00,1.6782358319999997e+01,4.0966276765163805e+00,1.9409274622587749e+00,1.6655531105644910e+00,1.8999999999999999e+00,2.1598449493429825e+00,1.2500000000000000e+00,5.3014376029327757e+00,3.1345669281913655e+00,2.7555395599880250e-01,-1.3945104255519361e+00,9.1207876023306067e+00,7.1532779670038815e-01
longitudinal_polarized_cluster_3,longitudinal_polarized,3,1.6289888398117756e-16,low_s_high_theta_in_mid_Egamma,kp,9.3510703469451106e-01,-6.9446279127450228e-01,-6.2621609518630916e-01,0.0000000000000000e+00,9.3510703469451106e-01,-2.4078240318819848e+00,1.6782358319999997e+01,4.0966276765163805e+00,1.9409274622587749e+00,1.6655531105644910e+00,1.8999999999999999e+00,2.1598449493429825e+00,1.2500000000000000e+00,5.3014376029327757e+00,3.1345669281913655e+00,2.7555395599880250e-01,-1.3945104255519361e+00,9.1207876023306067e+00,7.1532779670038815e-01
longitudinal_polarized_cluster_3,longitudinal_polarized,3,1.6289888398117756e-16,low_s_high_theta_in_mid_Egamma,pp,1.9115206418218589e+00,0.0000000000000000e+00,1.6655531105644910e+00,0.0000000000000000e+00,1.6655531105644910e+00,1.5707963267948966e+00,1.6782358319999997e+01,4.0966276765163805e+00,1.9409274622587749e+00,1.6655531105644910e+00,1.8999999999999999e+00,2.1598449493429825e+00,1.2500000000000000e+00,5.3014376029327757e+00,3.1345669281913655e+00,2.7555395599880250e-01,-1.3945104255519361e+00,9.1207876023306067e+00,7.1532779670038815e-01
longitudinal_polarized_cluster_3,longitudinal_polarized,3,1.6289888398117756e-16,low_s_high_theta_in_mid_Egamma,qout,1.2500000000000000e+00,6.9446279127450228e-01,-1.0393370153781818e+00,0.0000000000000000e+00,1.2500000000000000e+00,-9.8174770424681079e-01,1.6782358319999997e+01,4.0966276765163805e+00,1.9409274622587749e+00,1.6655531105644910e+00,1.8999999999999999e+00,2.1598449493429825e+00,1.2500000000000000e+00,5.3014376029327757e+00,3.1345669281913655e+00,2.7555395599880250e-01,-1.3945104255519361e+00,9.1207876023306067e+00,7.1532779670038815e-01
longitudinal_polarized_cluster_3,longitudinal_polarized,3,1.6289888398117756e-16,low_s_high_theta_in_mid_Egamma,q,1.0058204275642639e+00,1.7148785425537376e+00,-9.0094399849282958e-01,6.2748159858711805e-01,2.0362322217018680e+00,-4.8373621547690093e-01,1.6782358319999997e+01,4.0966276765163805e+00,1.9409274622587749e+00,1.6655531105644910e+00,1.8999999999999999e+00,2.1598449493429825e+00,1.2500000000000000e+00,5.3014376029327757e+00,3.1345669281913655e+00,2.7555395599880250e-01,-1.3945104255519361e+00,9.1207876023306067e+00,7.1532779670038815e-01
longitudinal_polarized_cluster_4,longitudinal_polarized,4,1.5085011318363912e-16,low_s_high_theta_in_mid_Egamma,k,1.9409274622587749e+00,-1.8014081555571151e+00,-3.5832236083888941e-01,6.2748159858711805e-01,1.9409274622587749e+00,-2.9452431127404308e+00,1.6782358319999997e+01,4.0966276765163805e+00,1.9409274622587749e+00,1.1707123323773092e+00,1.8999999999999999e+00,1.9634954084936229e-01,1.2500000000000000e+00,3.5342917352885173e+00,8.8914165905455853e+00,6.4609448672905490e-01,-3.8690189888240636e+00,5.7502173228146791e+00,8.6538453205808941e-01
longitudinal_polarized_cluster_4,longitudinal_polarized,4,1.5085011318363912e-16,low_s_high_theta_in_mid_Egamma,p,2.1557002142576058e+00,1.8014081555571151e+00,3.5832236083888935e-01,-6.2748159858711805e-01,1.9409274622587749e+00,1.9634954084936226e-01,1.6782358319999997e+01,4.0966276765163805e+00,1.9409274622587749e+00,1.1707123323773092e+00,1.8999999999999999e+00,1.9634954084936229e-01,1.2500000000000000e+00,3.5342917352885173e+00,8.8914165905455853e+00,6.4609448672905490e-01,-3.8690189888240636e+00,5.7502173228146791e+00,8.6538453205808941e-01
longitudinal_polarized_cluster_4,longitudinal_polarized,4,1.5085011318363912e-16,low_s_high_theta_in_mid_Egamma,kp,1.3464905610566300e+00,1.1548494156391085e+00,-6.9235804192094719e-01,0.0000000000000000e+00,1.3464905610566300e+00,-5.4006821707537467e-01,1.6782358319999997e+01,4.0966276765163805e+00,1.9409274622587749e+00,1.1707123323773092e+00,1.8999999999999999e+00,1.9634954084936229e-01,1.2500000000000000e+00,3.5342917352885173e+00,8.8914165905455853e+00,6.4609448672905490e-01,-3.8690189888240636e+00,5.7502173228146791e+00,8.6538453205808941e-01
longitudinal_polarized_cluster_4,longitudinal_polarized,4,1.5085011318363912e-16,low_s_high_theta_in_mid_Egamma,pp,1.5001371154598901e+00,0.0000000000000000e+00,1.1707123323773092e+00,0.0000000000000000e+00,1.1707123323773092e+00,1.5707963267948966e+00,1.6782358319999997e+01,4.0966276765163805e+00,1.9409274622587749e+00,1.1707123323773092e+00,1.8999999999999999e+00,1.9634954084936229e-01,1.2500000000000000e+00,3.5342917352885173e+00,8.8914165905455853e+00,6.4609448672905490e-01,-3.8690189888240636e+00,5.7502173228146791e+00,8.6538453205808941e-01
longitudinal_polarized_cluster_4,longitudinal_polarized,4,1.5085011318363912e-16,low_s_high_theta_in_mid_Egamma,qout,1.2500000000000000e+00,-1.1548494156391085e+00,-4.7835429045636207e-01,0.0000000000000000e+00,1.2500000000000000e+00,-2.7488935718910690e+00,1.6782358319999997e+01,4.0966276765163805e+00,1.9409274622587749e+00,1.1707123323773092e+00,1.8999999999999999e+00,1.9634954084936229e-01,1.2500000000000000e+00,3.5342917352885173e+00,8.8914165905455853e+00,6.4609448672905490e-01,-3.8690189888240636e+00,5.7502173228146791e+00,8.6538453205808941e-01
longitudinal_polarized_cluster_4,longitudinal_polarized,4,1.5085011318363912e-16,low_s_high_theta_in_mid_Egamma,q,5.9443690120214487e-01,-2.9562575711962236e+00,3.3403568108205778e-01,6.2748159858711805e-01,3.0405216361763308e+00,3.0290771234551106e+00,1.6782358319999997e+01,4.0966276765163805e+00,1.9409274622587749e+00,1.1707123323773092e+00,1.8999999999999999e+00,1.9634954084936229e-01,1.2500000000000000e+00,3.5342917352885173e+00,8.8914165905455853e+00,6.4609448672905490e-01,-3.8690189888240636e+00,5.7502173228146791e+00,8.6538453205808941e-01
longitudinal_polarized_cluster_5,longitudinal_polarized,5,1.2987473965756979e-16,low_s_low_theta_in_mid_Egamma,k,1.9409274622587749e+00,1.2231312764443987e+00,-1.2231312764443989e+00,-8.8039716884896890e-01,1.9409274622587751e+00,-7.8539816339744839e-01,1.6782358319999997e+01,4.0966276765163805e+00,1.9409274622587749e+00,8.0279415045979530e-01,1.1000000000000001e+00,2.3561944901923448e+00,1.2500000000000000e+00,1.9634954084936207e-01,6.6961984196745048e+00,7.1302591129783921e-01,-1.5994706180051610e+00,3.5748869273421588e+00,5.9055072412075438e-01
longitudinal_polarized_cluster_5,longitudinal_polarized,5,1.2987473965756979e-16,low_s_low_theta_in_mid_Egamma,p,2.1557002142576058e+00,-1.2231312764443987e+00,1.2231312764443989e+00,8.8039716884896890e-01,1.9409274622587751e+00,2.3561944901923448e+00,1.6782358319999997e+01,4.0966276765163805e+00,1.9409274622587749e+00,8.0279415045979530e-01,1.1000000000000001e+00,2.3561944901923448e+00,1.2500000000000000e+00,1.9634954084936207e-01,6.6961984196745048e+00,7.1302591129783921e-01,-1.5994706180051610e+00,3.5748869273421588e+00,5.9055072412075438e-01
longitudinal_polarized_cluster_5,longitudinal_polarized,5,1.2987473965756979e-16,low_s_low_theta_in_mid_Egamma,kp,1.6119931362531073e+00,-1.2259816005040380e+00,-1.0466570529799557e+00,0.0000000000000000e+00,1.6119931362531073e+00,-2.4349372172688941e+00,1.6782358319999997e+01,4.0966276765163805e+00,1.9409274622587749e+00,8.0279415045979530e-01,1.1000000000000001e+00,2.3561944901923448e+00,1.2500000000000000e+00,1.9634954084936207e-01,6.6961984196745048e+00,7.1302591129783921e-01,-1.5994706180051610e+00,3.5748869273421588e+00,5.9055072412075438e-01
longitudinal_polarized_cluster_5,longitudinal_polarized,5,1.2987473965756979e-16,low_s_low_theta_in_mid_Egamma,pp,1.2346345402638241e+00,0.0000000000000000e+00,8.0279415045979530e-01,0.0000000000000000e+00,8.0279415045979530e-01,1.5707963267948966e+00,1.6782358319999997e+01,4.0966276765163805e+00,1.9409274622587749e+00,8.0279415045979530e-01,1.1000000000000001e+00,2.3561944901923448e+00,1.2500000000000000e+00,1.9634954084936207e-01,6.6961984196745048e+00,7.1302591129783921e-01,-1.5994706180051610e+00,3.5748869273421588e+00,5.9055072412075438e-01
longitudinal_polarized_cluster_5,longitudinal_polarized,5,1.2987473965756979e-16,low_s_low_theta_in_mid_Egamma,qout,1.2500000000000000e+00,1.2259816005040380e+00,2.4386290252016030e-01,0.0000000000000000e+00,1.2500000000000000e+00,1.9634954084936204e-01,1.6782358319999997e+01,4.0966276765163805e+00,1.9409274622587749e+00,8.0279415045979530e-01,1.1000000000000001e+00,2.3561944901923448e+00,1.2500000000000000e+00,1.9634954084936207e-01,6.6961984196745048e+00,7.1302591129783921e-01,-1.5994706180051610e+00,3.5748869273421588e+00,5.9055072412075438e-01
longitudinal_polarized_cluster_5,longitudinal_polarized,5,1.2987473965756979e-16,low_s_low_theta_in_mid_Egamma,q,3.2893432600566763e-01,2.4491128769484369e+00,-1.7647422346444319e-01,-8.8039716884896890e-01,2.6085237607695482e+00,-7.1932064794380760e-02,1.6782358319999997e+01,4.0966276765163805e+00,1.9409274622587749e+00,8.0279415045979530e-01,1.1000000000000001e+00,2.3561944901923448e+00,1.2500000000000000e+00,1.9634954084936207e-01,6.6961984196745048e+00,7.1302591129783921e-01,-1.5994706180051610e+00,3.5748869273421588e+00,5.9055072412075438e-01
longitudinal_polarized_cluster_6,longitudinal_polarized,6,1.2497110268611601e-16,high_s_high_theta_in_high_Egamma,k,2.4320515450055225e+00,4.4899073676564810e-01,-2.2572288625406220e+00,7.8625689057454951e-01,2.4320515450055225e+00,-1.3744467859455345e+00,2.5388695919999996e+01,5.0387196707100106e+00,2.4320515450055225e+00,1.9748201426013592e+00,1.8999999999999999e+00,1.7671458676442588e+00,1.7500000000000000e+00,4.1233403578366037e+00,2.1430063494128060e+00,1.3788531830616360e-01,-7.2280923534400188e-01,1.4278784942280911e+01,6.3413608040166913e-01
longitudinal_polarized_cluster_6,longitudinal_polarized,6,1.2497110268611601e-16,high_s_high_theta_in_high_Egamma,p,2.6066681257044881e+00,-4.4899073676564810e-01,2.2572288625406220e+00,-7.8625689057454951e-01,2.4320515450055225e+00,1.7671458676442588e+00,2.5388695919999996e+01,5.0387196707100106e+00,2.4320515450055225e+00,1.9748201426013592e+00,1.8999999999999999e+00,1.7671458676442588e+00,1.7500000000000000e+00,4.1233403578366037e+00,2.1430063494128060e+00,1.3788531830616360e-01,-7.2280923534400188e-01,1.4278784942280911e+01,6.3413608040166913e-01
longitudinal_polarized_cluster_6,longitudinal_polarized,6,1.2497110268611601e-16,high_s_high_theta_in_high_Egamma,kp,1.1024537683948565e+00,9.7224790778430381e-01,-5.1974832107190494e-01,0.0000000000000000e+00,1.1024537683948565e+00,-4.9093063940018117e-01,2.5388695919999996e+01,5.0387196707100106e+00,2.4320515450055225e+00,1.9748201426013592e+00,1.8999999999999999e+00,1.7671458676442588e+00,1.7500000000000000e+00,4.1233403578366037e+00,2.1430063494128060e+00,1.3788531830616360e-01,-7.2280923534400188e-01,1.4278784942280911e+01,6.3413608040166913e-01
longitudinal_polarized_cluster_6,longitudinal_polarized,6,1.2497110268611601e-16,high_s_high_theta_in_high_Egamma,pp,2.1862659023147328e+00,0.0000000000000000e+00,1.9748201426013592e+00,0.0000000000000000e+00,1.9748201426013592e+00,1.5707963267948966e+00,2.5388695919999996e+01,5.0387196707100106e+00,2.4320515450055225e+00,1.9748201426013592e+00,1.8999999999999999e+00,1.7671458676442588e+00,1.7500000000000000e+00,4.1233403578366037e+00,2.1430063494128060e+00,1.3788531830616360e-01,-7.2280923534400188e-01,1.4278784942280911e+01,6.3413608040166913e-01
longitudinal_polarized_cluster_6,longitudinal_polarized,6,1.2497110268611601e-16,high_s_high_theta_in_high_Egamma,qout,1.7500000000000000e+00,-9.7224790778430381e-01,-1.4550718215294542e+00,0.0000000000000000e+00,1.7500000000000000e+00,-2.1598449493429830e+00,2.5388695919999996e+01,5.0387196707100106e+00,2.4320515450055225e+00,1.9748201426013592e+00,1.8999999999999999e+00,1.7671458676442588e+00,1.7500000000000000e+00,4.1233403578366037e+00,2.1430063494128060e+00,1.3788531830616360e-01,-7.2280923534400188e-01,1.4278784942280911e+01,6.3413608040166913e-01
longitudinal_polarized_cluster_6,longitudinal_polarized,6,1.2497110268611601e-16,high_s_high_theta_in_high_Egamma,q,1.3295977766106659e+00,-5.2325717101865576e-01,-1.7374805414687171e+00,7.8625689057454951e-01,1.9775835246534677e+00,-1.8633156986151391e+00,2.5388695919999996e+01,5.0387196707100106e+00,2.4320515450055225e+00,1.9748201426013592e+00,1.8999999999999999e+00,1.7671458676442588e+00,1.7500000000000000e+00,4.1233403578366037e+00,2.1430063494128060e+00,1.3788531830616360e-01,-7.2280923534400188e-01,1.4278784942280911e+01,6.3413608040166913e-01
longitudinal_polarized_cluster_7,longitudinal_polarized,7,1.2378803741460696e-16,high_s_low_theta_in_high_Egamma,k,2.4320515450055225e+00,-1.3271878453815089e-16,-2.1674622369577068e+00,-1.1031691479215879e+00,2.4320515450055225e+00,-1.5707963267948968e+00,2.5388695919999996e+01,5.0387196707100106e+00,2.4320515450055225e+00,1.9748201426013592e+00,1.1000000000000001e+00,1.5707963267948966e+00,1.7500000000000000e+00,5.3014376029327757e+00,3.1093790641526939e+00,1.8835224074532772e-01,-1.0773551160129924e+00,1.4278784942280920e+01,6.7356561867193387e-01
longitudinal_polarized_cluster_7,longitudinal_polarized,7,1.2378803741460696e-16,high_s_low_theta_in_high_Egamma,p,2.6066681257044881e+00,1.3271878453815089e-16,2.1674622369577068e+00,1.1031691479215879e+00,2.4320515450055225e+00,1.5707963267948966e+00,2.5388695919999996e+01,5.0387196707100106e+00,2.4320515450055225e+00,1.9748201426013592e+00,1.1000000000000001e+00,1.5707963267948966e+00,1.7500000000000000e+00,5.3014376029327757e+00,3.1093790641526939e+00,1.8835224074532772e-01,-1.0773551160129924e+00,1.4278784942280920e+01,6.7356561867193387e-01
longitudinal_polarized_cluster_7,longitudinal_polarized,7,1.2378803741460696e-16,high_s_low_theta_in_high_Egamma,kp,1.1024537683948561e+00,-9.7224790778430326e-01,-5.1974832107190472e-01,0.0000000000000000e+00,1.1024537683948561e+00,-2.6506620141896122e+00,2.5388695919999996e+01,5.0387196707100106e+00,2.4320515450055225e+00,1.9748201426013592e+00,1.1000000000000001e+00,1.5707963267948966e+00,1.7500000000000000e+00,5.3014376029327757e+00,3.1093790641526939e+00,1.8835224074532772e-01,-1.0773551160129924e+00,1.4278784942280920e+01,6.7356561867193387e-01
longitudinal_polarized_cluster_7,longitudinal_polarized,7,1.2378803741460696e-16,high_s_low_theta_in_high_Egamma,pp,2.1862659023147328e+00,0.0000000000000000e+00,1.9748201426013592e+00,0.0000000000000000e+00,1.9748201426013592e+00,1.5707963267948966e+00,2.5388695919999996e+01,5.0387196707100106e+00,2.4320515450055225e+00,1.9748201426013592e+00,1.1000000000000001e+00,1.5707963267948966e+00,1.7500000000000000e+00,5.3014376029327757e+00,3.1093790641526939e+00,1.8835224074532772e-01,-1.0773551160129924e+00,1.4278784942280920e+01,6.7356561867193387e-01
longitudinal_polarized_cluster_7,longitudinal_polarized,7,1.2378803741460696e-16,high_s_low_theta_in_high_Egamma,qout,1.7500000000000000e+00,9.7224790778430326e-01,-1.4550718215294545e+00,0.0000000000000000e+00,1.7499999999999998e+00,-9.8174770424681079e-01,2.5388695919999996e+01,5.0387196707100106e+00,2.4320515450055225e+00,1.9748201426013592e+00,1.1000000000000001e+00,1.5707963267948966e+00,1.7500000000000000e+00,5.3014376029327757e+00,3.1093790641526939e+00,1.8835224074532772e-01,-1.0773551160129924e+00,1.4278784942280920e+01,6.7356561867193387e-01
longitudinal_polarized_cluster_7,longitudinal_polarized,7,1.2378803741460696e-16,high_s_low_theta_in_high_Egamma,q,1.3295977766106664e+00,9.7224790778430314e-01,-1.6477139158858021e+00,-1.1031691479215879e+00,2.2084404704951233e+00,-1.0377186855038811e+00,2.5388695919999996e+01,5.0387196707100106e+00,2.4320515450055225e+00,1.9748201426013592e+00,1.1000000000000001e+00,1.5707963267948966e+00,1.7500000000000000e+00,5.3014376029327757e+00,3.1093790641526939e+00,1.8835224074532772e-01,-1.0773551160129924e+00,1.4278784942280920e+01,6.7356561867193387e-01
unpolarized_cluster_0,unpolarized,0,4.6061391596889572e-16,high_s_high_theta_in_high_Egamma,k,2.4320515450055225e+00,-4.4899073676564782e-01,2.2572288625406220e+00,7.8625689057454951e-01,2.4320515450055225e+00,1.7671458676442586e+00,2.5388695919999996e+01,5.0387196707100106e+00,2.4320515450055225e+00,5.0391363676019774e-01,1.8999999999999999e+00,4.9087385212340520e+00,1.7500000000000000e+00,1.9634954084936207e+00,2.0992631954894875e+01,9.0916769585179724e-01,-6.0663053892445031e+00,2.9771568932081207e+00,9.4210634278062078e-01
unpolarized_cluster_0,unpolarized,0,4.6061391596889572e-16,high_s_high_theta_in_high_Egamma,p,2.6066681257044881e+00,4.4899073676564782e-01,-2.2572288625406220e+00,-7.8625689057454951e-01,2.4320515450055225e+00,-1.3744467859455345e+00,2.5388695919999996e+01,5.0387196707100106e+00,2.4320515450055225e+00,5.0391363676019774e-01,1.8999999999999999e+00,4.9087385212340520e+00,1.7500000000000000e+00,1.9634954084936207e+00,2.0992631954894875e+01,9.0916769585179724e-01,-6.0663053892445031e+00,2.9771568932081207e+00,9.4210634278062078e-01
unpolarized_cluster_0,unpolarized,0,4.6061391596889572e-16,high_s_high_theta_in_high_Egamma,kp,2.2239319203516881e+00,6.6969600663890705e-01,-2.1207028186549497e+00,0.0000000000000000e+00,2.2239319203516881e+00,-1.2649172925834431e+00,2.5388695919999996e+01,5.0387196707100106e+00,2.4320515450055225e+00,5.0391363676019774e-01,1.8999999999999999e+00,4.9087385212340520e+00,1.7500000000000000e+00,1.9634954084936207e+00,2.0992631954894875e+01,9.0916769585179724e-01,-6.0663053892445031e+00,2.9771568932081207e+00,9.4210634278062078e-01
unpolarized_cluster_0,unpolarized,0,4.6061391596889572e-16,high_s_high_theta_in_high_Egamma,pp,1.0647877503582057e+00,0.0000000000000000e+00,5.0391363676019774e-01,0.0000000000000000e+00,5.0391363676019774e-01,1.5707963267948966e+00,2.5388695919999996e+01,5.0387196707100106e+00,2.4320515450055225e+00,5.0391363676019774e-01,1.8999999999999999e+00,4.9087385212340520e+00,1.7500000000000000e+00,1.9634954084936207e+00,2.0992631954894875e+01,9.0916769585179724e-01,-6.0663053892445031e+00,2.9771568932081207e+00,9.4210634278062078e-01
unpolarized_cluster_0,unpolarized,0,4.6061391596889572e-16,high_s_high_theta_in_high_Egamma,qout,1.7500000000000000e+00,-6.6969600663890705e-01,1.6167891818947517e+00,0.0000000000000000e+00,1.7500000000000000e+00,1.9634954084936207e+00,2.5388695919999996e+01,5.0387196707100106e+00,2.4320515450055225e+00,5.0391363676019774e-01,1.8999999999999999e+00,4.9087385212340520e+00,1.7500000000000000e+00,1.9634954084936207e+00,2.0992631954894875e+01,9.0916769585179724e-01,-6.0663053892445031e+00,2.9771568932081207e+00,9.4210634278062078e-01
unpolarized_cluster_0,unpolarized,0,4.6061391596889572e-16,high_s_high_theta_in_high_Egamma,q,2.0811962465383438e-01,-1.1186867434045549e+00,4.3779316811955713e+00,7.8625689057454951e-01,4.5864960190826425e+00,1.8209715692196704e+00,2.5388695919999996e+01,5.0387196707100106e+00,2.4320515450055225e+00,5.0391363676019774e-01,1.8999999999999999e+00,4.9087385212340520e+00,1.7500000000000000e+00,1.9634954084936207e+00,2.0992631954894875e+01,9.0916769585179724e-01,-6.0663053892445031e+00,2.9771568932081207e+00,9.4210634278062078e-01
unpolarized_cluster_1,unpolarized,1,4.3393787013845149e-16,high_s_high_theta_in_high_Egamma,k,2.4320515450055225e+00,-2.2572288625406220e+00,-4.4899073676564821e-01,7.8625689057454951e-01,2.4320515450055229e+00,-2.9452431127404308e+00,2.5388695919999996e+01,5.0387196707100106e+00,2.4320515450055225e+00,1.2571400462762903e+00,1.8999999999999999e+00,1.9634954084936229e-01,1.7500000000000000e+00,3.5342917352885173e+00,1.5138656423182962e+01,6.7849023387801499e-01,-5.2886292626178184e+00,8.0534562982924367e+00,9.1037592435196368e-01
unpolarized_cluster_1,unpolarized,1,4.3393787013845149e-16,high_s_high_theta_in_high_Egamma,p,2.6066681257044881e+00,2.2572288625406220e+00,4.4899073676564821e-01,-7.8625689057454951e-01,2.4320515450055229e+00,1.9634954084936226e-01,2.5388695919999996e+01,5.0387196707100106e+00,2.4320515450055225e+00,1.2571400462762903e+00,1.8999999999999999e+00,1.9634954084936229e-01,1.7500000000000000e+00,3.5342917352885173e+00,1.5138656423182962e+01,6.7849023387801499e-01,-5.2886292626178184e+00,8.0534562982924367e+00,9.1037592435196368e-01
unpolarized_cluster_1,unpolarized,1,4.3393787013845149e-16,high_s_high_theta_in_high_Egamma,kp,1.7202028247847370e+00,1.6167891818947520e+00,-5.8744403963738334e-01,0.0000000000000000e+00,1.7202028247847370e+00,-3.4850914941989597e-01,2.5388695919999996e+01,5.0387196707100106e+00,2.4320515450055225e+00,1.2571400462762903e+00,1.8999999999999999e+00,1.9634954084936229e-01,1.7500000000000000e+00,3.5342917352885173e+00,1.5138656423182962e+01,6.7849023387801499e-01,-5.2886292626178184e+00,8.0534562982924367e+00,9.1037592435196368e-01
unpolarized_cluster_1,unpolarized,1,4.3393787013845149e-16,high_s_high_theta_in_high_Egamma,pp,1.5685168459253325e+00,0.0000000000000000e+00,1.2571400462762903e+00,0.0000000000000000e+00,1.2571400462762903e+00,1.5707963267948966e+00,2.5388695919999996e+01,5.0387196707100106e+00,2.4320515450055225e+00,1.2571400462762903e+00,1.8999999999999999e+00,1.9634954084936229e-01,1.7500000000000000e+00,3.5342917352885173e+00,1.5138656423182962e+01,6.7849023387801499e-01,-5.2886292626178184e+00,8.0534562982924367e+00,9.1037592435196368e-01
unpolarized_cluster_1,unpolarized,1,4.3393787013845149e-16,high_s_high_theta_in_high_Egamma,qout,1.7500000000000000e+00,-1.6167891818947520e+00,-6.6969600663890694e-01,0.0000000000000000e+00,1.7500000000000000e+00,-2.7488935718910694e+00,2.5388695919999996e+01,5.0387196707100106e+00,2.4320515450055225e+00,1.2571400462762903e+00,1.8999999999999999e+00,1.9634954084936229e-01,1.7500000000000000e+00,3.5342917352885173e+00,1.5138656423182962e+01,6.7849023387801499e-01,-5.2886292626178184e+00,8.0534562982924367e+00,9.1037592435196368e-01
unpolarized_cluster_1,unpolarized,1,4.3393787013845149e-16,high_s_high_theta_in_high_Egamma,q,7.1184872022078549e-01,-3.8740180444353740e+00,1.3845330287173513e-01,7.8625689057454951e-01,3.9554247589434604e+00,3.1058689169129607e+00,2.5388695919999996e+01,5.0387196707100106e+00,2.4320515450055225e+00,1.2571400462762903e+00,1.8999999999999999e+00,1.9634954084936229e-01,1.7500000000000000e+00,3.5342917352885173e+00,1.5138656423182962e+01,6.7849023387801499e-01,-5.2886292626178184e+00,8.0534562982924367e+00,9.1037592435196368e-01
unpolarized_cluster_2,unpolarized,2,4.1737147168874013e-16,high_s_high_theta_in_high_Egamma,k,2.4320515450055225e+00,1.9135862300494051e+00,-1.2786174407355375e+00,7.8625689057454951e-01,2.4320515450055225e+00,-5.8904862254808621e-01,2.5388695919999996e+01,5.0387196707100106e+00,2.4320515450055225e+00,1.0710237988941456e+00,1.8999999999999999e+00,2.5525440310417071e+00,1.7500000000000000e+00,6.0868357663302239e+00,1.3774684952685902e+01,7.0679407898674551e-01,-2.9237055633543214e+00,6.5941238847575390e+00,7.9518065150737738e-01
unpolarized_cluster_2,unpolarized,2,4.1737147168874013e-16,high_s_high_theta_in_high_Egamma,p,2.6066681257044881e+00,-1.9135862300494049e+00,1.2786174407355373e+00,-7.8625689057454951e-01,2.4320515450055225e+00,2.5525440310417071e+00,2.5388695919999996e+01,5.0387196707100106e+00,2.4320515450055225e+00,1.0710237988941456e+00,1.8999999999999999e+00,2.5525440310417071e+00,1.7500000000000000e+00,6.0868357663302239e+00,1.3774684952685902e+01,7.0679407898674551e-01,-2.9237055633543214e+00,6.5941238847575390e+00,7.9518065150737738e-01
unpolarized_cluster_2,unpolarized,2,4.1737147168874013e-16,high_s_high_theta_in_high_Egamma,kp,1.8650146528784861e+00,-1.7163742407056530e+00,-7.2961573536592028e-01,0.0000000000000000e+00,1.8650146528784861e+00,-2.7396446875770799e+00,2.5388695919999996e+01,5.0387196707100106e+00,2.4320515450055225e+00,1.0710237988941456e+00,1.8999999999999999e+00,2.5525440310417071e+00,1.7500000000000000e+00,6.0868357663302239e+00,1.3774684952685902e+01,7.0679407898674551e-01,-2.9237055633543214e+00,6.5941238847575390e+00,7.9518065150737738e-01
unpolarized_cluster_2,unpolarized,2,4.1737147168874013e-16,high_s_high_theta_in_high_Egamma,pp,1.4237050178311683e+00,0.0000000000000000e+00,1.0710237988941456e+00,0.0000000000000000e+00,1.0710237988941456e+00,1.5707963267948966e+00,2.5388695919999996e+01,5.0387196707100106e+00,2.4320515450055225e+00,1.0710237988941456e+00,1.8999999999999999e+00,2.5525440310417071e+00,1.7500000000000000e+00,6.0868357663302239e+00,1.3774684952685902e+01,7.0679407898674551e-01,-2.9237055633543214e+00,6.5941238847575390e+00,7.9518065150737738e-01
unpolarized_cluster_2,unpolarized,2,4.1737147168874013e-16,high_s_high_theta_in_high_Egamma,qout,1.7500000000000000e+00,1.7163742407056530e+00,-3.4140806352822528e-01,0.0000000000000000e+00,1.7499999999999998e+00,-1.9634954084936257e-01,2.5388695919999996e+01,5.0387196707100106e+00,2.4320515450055225e+00,1.0710237988941456e+00,1.8999999999999999e+00,2.5525440310417071e+00,1.7500000000000000e+00,6.0868357663302239e+00,1.3774684952685902e+01,7.0679407898674551e-01,-2.9237055633543214e+00,6.5941238847575390e+00,7.9518065150737738e-01
unpolarized_cluster_2,unpolarized,2,4.1737147168874013e-16,high_s_high_theta_in_high_Egamma,q,5.6703689212703634e-01,3.6299604707550581e+00,-5.4900170536961723e-01,7.8625689057454951e-01,3.7544927473253948e+00,-1.5010418663016725e-01,2.5388695919999996e+01,5.0387196707100106e+00,2.4320515450055225e+00,1.0710237988941456e+00,1.8999999999999999e+00,2.5525440310417071e+00,1.7500000000000000e+00,6.0868357663302239e+00,1.3774684952685902e+01,7.0679407898674551e-01,-2.9237055633543214e+00,6.5941238847575390e+00,7.9518065150737738e-01
unpolarized_cluster_3,unpolarized,3,3.4178199384950952e-16,low_s_high_theta_in_mid_Egamma,k,1.9409274622587749e+00,1.0204157512792353e+00,-1.5271600936791387e+00,6.2748159858711805e-01,1.9409274622587747e+00,-9.8174770424681057e-01,1.6782358319999997e+01,4.0966276765163805e+00,1.9409274622587749e+00,1.5000449885123774e+00,1.8999999999999999e+00,2.1598449493429825e+00,1.2500000000000000e+00,5.4977871437821380e+00,4.1044190076333216e+00,3.6715158565867878e-01,-1.2863146846680213e+00,7.9545106015705569e+00,7.0297598129777261e-01
unpolarized_cluster_3,unpolarized,3,3.4178199384950952e-16,low_s_high_theta_in_mid_Egamma,p,2.1557002142576058e+00,-1.0204157512792351e+00,1.5271600936791387e+00,-6.2748159858711805e-01,1.9409274622587744e+00,2.1598449493429825e+00,1.6782358319999997e+01,4.0966276765163805e+00,1.9409274622587749e+00,1.5000449885123774e+00,1.8999999999999999e+00,2.1598449493429825e+00,1.2500000000000000e+00,5.4977871437821380e+00,4.1044190076333216e+00,3.6715158565867878e-01,-1.2863146846680213e+00,7.9545106015705569e+00,7.0297598129777261e-01
unpolarized_cluster_3,unpolarized,3,3.4178199384950952e-16,low_s_high_theta_in_mid_Egamma,kp,1.0774530193498466e+00,-8.8388347648318422e-01,-6.1616151202919278e-01,0.0000000000000000e+00,1.0774530193498466e+00,-2.5328108231910180e+00,1.6782358319999997e+01,4.0966276765163805e+00,1.9409274622587749e+00,1.5000449885123774e+00,1.8999999999999999e+00,2.1598449493429825e+00,1.2500000000000000e+00,5.4977871437821380e+00,4.1044190076333216e+00,3.6715158565867878e-01,-1.2863146846680213e+00,7.9545106015705569e+00,7.0297598129777261e-01
unpolarized_cluster_3,unpolarized,3,3.4178199384950952e-16,low_s_high_theta_in_mid_Egamma,pp,1.7691746571667530e+00,0.0000000000000000e+00,1.5000449885123774e+00,0.0000000000000000e+00,1.5000449885123774e+00,1.5707963267948966e+00,1.6782358319999997e+01,4.0966276765163805e+00,1.9409274622587749e+00,1.5000449885123774e+00,1.8999999999999999e+00,2.1598449493429825e+00,1.2500000000000000e+00,5.4977871437821380e+00,4.1044190076333216e+00,3.6715158565867878e-01,-1.2863146846680213e+00,7.9545106015705569e+00,7.0297598129777261e-01
unpolarized_cluster_3,unpolarized,3,3.4178199384950952e-16,low_s_high_theta_in_mid_Egamma,qout,1.2500000000000000e+00,8.8388347648318422e-01,-8.8388347648318466e-01,0.0000000000000000e+00,1.2500000000000000e+00,-7.8539816339744861e-01,1.6782358319999997e+01,4.0966276765163805e+00,1.9409274622587749e+00,1.5000449885123774e+00,1.8999999999999999e+00,2.1598449493429825e+00,1.2500000000000000e+00,5.4977871437821380e+00,4.1044190076333216e+00,3.6715158565867878e-01,-1.2863146846680213e+00,7.9545106015705569e+00,7.0297598129777261e-01
unpolarized_cluster_3,unpolarized,3,3.4178199384950952e-16,low_s_high_theta_in_mid_Egamma,q,8.6347444290892827e-01,1.9042992277624196e+00,-9.1099858164994596e-01,6.2748159858711805e-01,2.2022731713368815e+00,-4.4621100948977427e-01,1.6782358319999997e+01,4.0966276765163805e+00,1.9409274622587749e+00,1.5000449885123774e+00,1.8999999999999999e+00,2.1598449493429825e+00,1.2500000000000000e+00,5.4977871437821380e+00,4.1044190076333216e+00,3.6715158565867878e-01,-1.2863146846680213e+00,7.9545106015705569e+00,7.0297598129777261e-01
unpolarized_cluster_4,unpolarized,4,3.3122403245896069e-16,mid_s_high_theta_in_high_Egamma,k,2.2244176384674761e+00,1.7502157680793369e+00,1.1694567879801301e+00,7.1913101486368736e-01,2.2244176384674761e+00,5.8904862254808588e-01,2.1515843999999991e+01,4.6385174355606331e+00,2.2244176384674761e+00,2.6914690428030391e-01,1.8999999999999999e+00,3.7306412761378791e+00,1.7500000000000000e+00,5.8904862254808621e-01,1.6506034930763743e+01,8.5090740549711963e-01,-3.5814239844903635e+00,3.7719654657251782e+00,9.4001533225862233e-01
unpolarized_cluster_4,unpolarized,4,3.3122403245896069e-16,mid_s_high_theta_in_high_Egamma,p,2.4140997970931570e+00,-1.7502157680793369e+00,-1.1694567879801301e+00,-7.1913101486368736e-01,2.2244176384674761e+00,-2.5525440310417071e+00,2.1515843999999991e+01,4.6385174355606331e+00,2.2244176384674761e+00,2.6914690428030391e-01,1.8999999999999999e+00,3.7306412761378791e+00,1.7500000000000000e+00,5.8904862254808621e-01,1.6506034930763743e+01,8.5090740549711963e-01,-3.5814239844903635e+00,3.7719654657251782e+00,9.4001533225862233e-01
unpolarized_cluster_4,unpolarized,4,3.3122403245896069e-16,mid_s_high_theta_in_high_Egamma,kp,1.9126670084544162e+00,-1.4550718215294542e+00,-1.2413948120646077e+00,0.0000000000000000e+00,1.9126670084544162e+00,-2.4352725779399496e+00,2.1515843999999991e+01,4.6385174355606331e+00,2.2244176384674761e+00,2.6914690428030391e-01,1.8999999999999999e+00,3.7306412761378791e+00,1.7500000000000000e+00,5.8904862254808621e-01,1.6506034930763743e+01,8.5090740549711963e-01,-3.5814239844903635e+00,3.7719654657251782e+00,9.4001533225862233e-01
unpolarized_cluster_4,unpolarized,4,3.3122403245896069e-16,mid_s_high_theta_in_high_Egamma,pp,9.7585042710636294e-01,0.0000000000000000e+00,2.6914690428030391e-01,0.0000000000000000e+00,2.6914690428030391e-01,1.5707963267948966e+00,2.1515843999999991e+01,4.6385174355606331e+00,2.2244176384674761e+00,2.6914690428030391e-01,1.8999999999999999e+00,3.7306412761378791e+00,1.7500000000000000e+00,5.8904862254808621e-01,1.6506034930763743e+01,8.5090740549711963e-01,-3.5814239844903635e+00,3.7719654657251782e+00,9.4001533225862233e-01
unpolarized_cluster_4,unpolarized,4,3.3122403245896069e-16,mid_s_high_theta_in_high_Egamma,qout,1.7500000000000000e+00,1.4550718215294542e+00,9.7224790778430381e-01,0.0000000000000000e+00,1.7500000000000000e+00,5.8904862254808621e-01,2.1515843999999991e+01,4.6385174355606331e+00,2.2244176384674761e+00,2.6914690428030391e-01,1.8999999999999999e+00,3.7306412761378791e+00,1.7500000000000000e+00,5.8904862254808621e-01,1.6506034930763743e+01,8.5090740549711963e-01,-3.5814239844903635e+00,3.7719654657251782e+00,9.4001533225862233e-01
unpolarized_cluster_4,unpolarized,4,3.3122403245896069e-16,mid_s_high_theta_in_high_Egamma,q,3.1175063001305992e-01,3.2052875896087913e+00,2.4108516000447375e+00,7.1913101486368736e-01,4.0747053127897832e+00,6.4487460131322494e-01,2.1515843999999991e+01,4.6385174355606331e+00,2.2244176384674761e+00,2.6914690428030391e-01,1.8999999999999999e+00,3.7306412761378791e+00,1.7500000000000000e+00,5.8904862254808621e-01,1.6506034930763743e+01,8.5090740549711963e-01,-3.5814239844903635e+00,3.7719654657251782e+00,9.4001533225862233e-01
unpolarized_cluster_5,unpolarized,5,3.3049608216512496e-16,high_s_high_theta_in_high_Egamma,k,2.4320515450055225e+00,-1.4092320494027516e-16,-2.3014505902990376e+00,7.8625689057454951e-01,2.4320515450055225e+00,-1.5707963267948968e+00,2.5388695919999996e+01,5.0387196707100106e+00,2.4320515450055225e+00,1.2571400462762903e+00,1.8999999999999999e+00,1.5707963267948966e+00,1.7500000000000000e+00,3.5342917352885173e+00,5.6632970118989538e+00,4.4117293929955465e-01,-6.3102633062594693e-01,8.0534562982924385e+00,5.2376624380826531e-01
unpolarized_cluster_5,unpolarized,5,3.3049608216512496e-16,high_s_high_theta_in_high_Egamma,p,2.6066681257044881e+00,1.4092320494027516e-16,2.3014505902990376e+00,-7.8625689057454951e-01,2.4320515450055225e+00,1.5707963267948966e+00,2.5388695919999996e+01,5.0387196707100106e+00,2.4320515450055225e+00,1.2571400462762903e+00,1.8999999999999999e+00,1.5707963267948966e+00,1.7500000000000000e+00,3.5342917352885173e+00,5.6632970118989538e+00,4.4117293929955465e-01,-6.3102633062594693e-01,8.0534562982924385e+00,5.2376624380826531e-01
unpolarized_cluster_5,unpolarized,5,3.3049608216512496e-16,high_s_high_theta_in_high_Egamma,kp,1.7202028247847370e+00,1.6167891818947520e+00,-5.8744403963738334e-01,0.0000000000000000e+00,1.7202028247847370e+00,-3.4850914941989597e-01,2.5388695919999996e+01,5.0387196707100106e+00,2.4320515450055225e+00,1.2571400462762903e+00,1.8999999999999999e+00,1.5707963267948966e+00,1.7500000000000000e+00,3.5342917352885173e+00,5.6632970118989538e+00,4.4117293929955465e-01,-6.3102633062594693e-01,8.0534562982924385e+00,5.2376624380826531e-01
unpolarized_cluster_5,unpolarized,5,3.3049608216512496e-16,high_s_high_theta_in_high_Egamma,pp,1.5685168459253325e+00,0.0000000000000000e+00,1.2571400462762903e+00,0.0000000000000000e+00,1.2571400462762903e+00,1.5707963267948966e+00,2.5388695919999996e+01,5.0387196707100106e+00,2.4320515450055225e+00,1.2571400462762903e+00,1.8999999999999999e+00,1.5707963267948966e+00,1.7500000000000000e+00,3.5342917352885173e+00,5.6632970118989538e+00,4.4117293929955465e-01,-6.3102633062594693e-01,8.0534562982924385e+00,5.2376624380826531e-01
unpolarized_cluster_5,unpolarized,5,3.3049608216512496e-16,high_s_high_theta_in_high_Egamma,qout,1.7500000000000000e+00,-1.6167891818947520e+00,-6.6969600663890694e-01,0.0000000000000000e+00,1.7500000000000000e+00,-2.7488935718910694e+00,2.5388695919999996e+01,5.0387196707100106e+00,2.4320515450055225e+00,1.2571400462762903e+00,1.8999999999999999e+00,1.5707963267948966e+00,1.7500000000000000e+00,3.5342917352885173e+00,5.6632970118989538e+00,4.4117293929955465e-01,-6.3102633062594693e-01,8.0534562982924385e+00,5.2376624380826531e-01
unpolarized_cluster_5,unpolarized,5,3.3049608216512496e-16,high_s_high_theta_in_high_Egamma,q,7.1184872022078549e-01,-1.6167891818947522e+00,-1.7140065506616544e+00,7.8625689057454951e-01,2.4839536252472434e+00,-2.3270153438311185e+00,2.5388695919999996e+01,5.0387196707100106e+00,2.4320515450055225e+00,1.2571400462762903e+00,1.8999999999999999e+00,1.5707963267948966e+00,1.7500000000000000e+00,3.5342917352885173e+00,5.6632970118989538e+00,4.4117293929955465e-01,-6.3102633062594693e-01,8.0534562982924385e+00,5.2376624380826531e-01
unpolarized_cluster_6,unpolarized,6,3.2403899372573382e-16,low_s_high_theta_in_mid_Egamma,k,1.9409274622587749e+00,-1.0204157512792356e+00,-1.5271600936791387e+00,6.2748159858711805e-01,1.9409274622587747e+00,-2.1598449493429825e+00,1.6782358319999997e+01,4.0966276765163805e+00,1.9409274622587749e+00,1.5000449885123774e+00,1.8999999999999999e+00,9.8174770424681057e-01,1.2500000000000000e+00,3.9269908169872414e+00,4.1044190076333251e+00,3.6715158565867917e-01,-1.2863146846680218e+00,7.9545106015705551e+00,7.0297598129777250e-01
unpolarized_cluster_6,unpolarized,6,3.2403899372573382e-16,low_s_high_theta_in_mid_Egamma,p,2.1557002142576058e+00,1.0204157512792353e+00,1.5271600936791387e+00,-6.2748159858711805e-01,1.9409274622587747e+00,9.8174770424681057e-01,1.6782358319999997e+01,4.0966276765163805e+00,1.9409274622587749e+00,1.5000449885123774e+00,1.8999999999999999e+00,9.8174770424681057e-01,1.2500000000000000e+00,3.9269908169872414e+00,4.1044190076333251e+00,3.6715158565867917e-01,-1.2863146846680218e+00,7.9545106015705551e+00,7.0297598129777250e-01
unpolarized_cluster_6,unpolarized,6,3.2403899372573382e-16,low_s_high_theta_in_mid_Egamma,kp,1.0774530193498471e+00,8.8388347648318466e-01,-6.1616151202919311e-01,0.0000000000000000e+00,1.0774530193498471e+00,-6.0878183039877498e-01,1.6782358319999997e+01,4.0966276765163805e+00,1.9409274622587749e+00,1.5000449885123774e+00,1.8999999999999999e+00,9.8174770424681057e-01,1.2500000000000000e+00,3.9269908169872414e+00,4.1044190076333251e+00,3.6715158565867917e-01,-1.2863146846680218e+00,7.9545106015705551e+00,7.0297598129777250e-01
unpolarized_cluster_6,unpolarized,6,3.2403899372573382e-16,low_s_high_theta_in_mid_Egamma,pp,1.7691746571667530e+00,0.0000000000000000e+00,1.5000449885123774e+00,0.0000000000000000e+00,1.5000449885123774e+00,1.5707963267948966e+00,1.6782358319999997e+01,4.0966276765163805e+00,1.9409274622587749e+00,1.5000449885123774e+00,1.8999999999999999e+00,9.8174770424681057e-01,1.2500000000000000e+00,3.9269908169872414e+00,4.1044190076333251e+00,3.6715158565867917e-01,-1.2863146846680218e+00,7.9545106015705551e+00,7.0297598129777250e-01
unpolarized_cluster_6,unpolarized,6,3.2403899372573382e-16,low_s_high_theta_in_mid_Egamma,qout,1.2500000000000000e+00,-8.8388347648318466e-01,-8.8388347648318433e-01,0.0000000000000000e+00,1.2500000000000002e+00,-2.3561944901923453e+00,1.6782358319999997e+01,4.0966276765163805e+00,1.9409274622587749e+00,1.5000449885123774e+00,1.8999999999999999e+00,9.8174770424681057e-01,1.2500000000000000e+00,3.9269908169872414e+00,4.1044190076333251e+00,3.6715158565867917e-01,-1.2863146846680218e+00,7.9545106015705551e+00,7.0297598129777250e-01
unpolarized_cluster_6,unpolarized,6,3.2403899372573382e-16,low_s_high_theta_in_mid_Egamma,q,8.6347444290892783e-01,-1.9042992277624202e+00,-9.1099858164994563e-01,6.2748159858711805e-01,2.2022731713368819e+00,-2.6953816441000193e+00,1.6782358319999997e+01,4.0966276765163805e+00,1.9409274622587749e+00,1.5000449885123774e+00,1.8999999999999999e+00,9.8174770424681057e-01,1.2500000000000000e+00,3.9269908169872414e+00,4.1044190076333251e+00,3.6715158565867917e-01,-1.2863146846680218e+00,7.9545106015705551e+00,7.0297598129777250e-01
unpolarized_cluster_7,unpolarized,7,2.8172995872210381e-16,low_s_high_theta_in_mid_Egamma,k,1.9409274622587749e+00,-1.8014081555571149e+00,3.5832236083888980e-01,6.2748159858711805e-01,1.9409274622587747e+00,2.9452431127404308e+00,1.6782358319999997e+01,4.0966276765163805e+00,1.9409274622587749e+00,8.0279415045979530e-01,1.8999999999999999e+00,6.0868357663302239e+00,1.2500000000000000e+00,2.9452431127404308e+00,1.1424591254099393e+01,8.0912799207755348e-01,-4.1386340764739415e+00,3.5748869273421580e+00,8.8788690249338853e-01
unpolarized_cluster_7,unpolarized,7,2.8172995872210381e-16,low_s_high_theta_in_mid_Egamma,p,2.1557002142576058e+00,1.8014081555571149e+00,-3.5832236083888980e-01,-6.2748159858711805e-01,1.9409274622587747e+00,-1.9634954084936254e-01,1.6782358319999997e+01,4.0966276765163805e+00,1.9409274622587749e+00,8.0279415045979530e-01,1.8999999999999999e+00,6.0868357663302239e+00,1.2500000000000000e+00,2.9452431127404308e+00,1.1424591254099393e+01,8.0912799207755348e-01,-4.1386340764739415e+00,3.5748869273421580e+00,8.8788690249338853e-01
unpolarized_cluster_7,unpolarized,7,2.8172995872210381e-16,low_s_high_theta_in_mid_Egamma,kp,1.6119931362531075e+00,1.2259816005040380e+00,-1.0466570529799561e+00,0.0000000000000000e+00,1.6119931362531075e+00,-7.0665543632089911e-01,1.6782358319999997e+01,4.0966276765163805e+00,1.9409274622587749e+00,8.0279415045979530e-01,1.8999999999999999e+00,6.0868357663302239e+00,1.2500000000000000e+00,2.9452431127404308e+00,1.1424591254099393e+01,8.0912799207755348e-01,-4.1386340764739415e+00,3.5748869273421580e+00,8.8788690249338853e-01
unpolarized_cluster_7,unpolarized,7,2.8172995872210381e-16,low_s_high_theta_in_mid_Egamma,pp,1.2346345402638241e+00,0.0000000000000000e+00,8.0279415045979530e-01,0.0000000000000000e+00,8.0279415045979530e-01,1.5707963267948966e+00,1.6782358319999997e+01,4.0966276765163805e+00,1.9409274622587749e+00,8.0279415045979530e-01,1.8999999999999999e+00,6.0868357663302239e+00,1.2500000000000000e+00,2.9452431127404308e+00,1.1424591254099393e+01,8.0912799207755348e-01,-4.1386340764739415e+00,3.5748869273421580e+00,8.8788690249338853e-01
unpolarized_cluster_7,unpolarized,7,2.8172995872210381e-16,low_s_high_theta_in_mid_Egamma,qout,1.2500000000000000e+00,-1.2259816005040380e+00,2.4386290252016077e-01,0.0000000000000000e+00,1.2500000000000000e+00,2.9452431127404308e+00,1.6782358319999997e+01,4.0966276765163805e+00,1.9409274622587749e+00,8.0279415045979530e-01,1.8999999999999999e+00,6.0868357663302239e+00,1.2500000000000000e+00,2.9452431127404308e+00,1.1424591254099393e+01,8.0912799207755348e-01,-4.1386340764739415e+00,3.5748869273421580e+00,8.8788690249338853e-01
unpolarized_cluster_7,unpolarized,7,2.8172995872210381e-16,low_s_high_theta_in_mid_Egamma,q,3.2893432600566741e-01,-3.0273897560611527e+00,1.4049794138188458e+00,6.2748159858711805e-01,3.3959960313469444e+00,2.7070839736818213e+00,1.6782358319999997e+01,4.0966276765163805e+00,1.9409274622587749e+00,8.0279415045979530e-01,1.8999999999999999e+00,6.0868357663302239e+00,1.2500000000000000e+00,2.9452431127404308e+00,1.1424591254099393e+01,8.0912799207755348e-01,-4.1386340764739415e+00,3.5748869273421580e+00,8.8788690249338853e-01
