local_minimum_id,contour_point_count,original_contour_cut,target_covariance_cut,covariance_rank,covariance_min_eigenvalue,covariance_max_eigenvalue,requested_samples,attempted_samples,accepted_samples,rejected_samples,rejection_fraction
0,590,0.05,0.02,8,1.7678485093443976e-05,0.0008815911001139536,2000,6600,2000,4600,0.696969696969697
1,976,0.05,0.02,8,3.340567277807424e-05,0.0010284536413671256,2000,6489,2000,4489,0.6917860995530899
2,1020,0.05,0.02,8,3.322298052369985e-05,0.000750155346859991,2000,5928,2000,3928,0.6626180836707153
3,621,0.05,0.02,8,0.00011073113834431911,0.0011234585362410797,2000,6405,2000,4405,0.687743950039032
4,1138,0.05,0.02,8,2.191759096114634e-05,0.000609105042234692,2000,5224,2000,3224,0.6171516079632465
5,591,0.05,0.02,8,2.7560831126528237e-05,0.000965567783961428,2000,7382,2000,5382,0.729070712544026
6,424,0.05,0.02,8,2.456711433089702e-05,0.0008778261625940702,2000,6752,2000,4752,0.7037914691943128
7,1533,0.05,0.02,8,1.1148275576844e-09,8.872198166829135e-05,2000,2000,2000,0,0.0
8,394,0.05,0.02,8,2.6636989079515004e-05,0.002762558417721285,2000,9172,2000,7172,0.7819450501526385
9,643,0.05,0.02,8,0.00012085377487526023,0.0016173939203990137,2000,6299,2000,4299,0.6824892840133354
10,611,0.05,0.02,8,1.9149424675275983e-05,0.0011636800360704084,2000,6745,2000,4745,0.7034840622683469
11,483,0.05,0.02,8,0.00012832878229896165,0.002039116045564929,2000,8304,2000,6304,0.7591522157996147
12,457,0.05,0.02,8,9.526001106848922e-05,0.002150112171237284,2000,8736,2000,6736,0.7710622710622711
13,668,0.05,0.02,8,9.927946043717729e-05,0.0013054746760260355,2000,6281,2000,4281,0.681579366342939
14,614,0.05,0.02,8,0.0001146591556550896,0.0015141317588321522,2000,6403,2000,4403,0.6876464157426206
15,413,0.05,0.02,8,9.210468801047968e-05,0.0019707660632199545,2000,9536,2000,7536,0.790268456375839
16,418,0.05,0.02,8,0.00011797822152773375,0.00220064116627562,2000,9065,2000,7065,0.7793712079426365
17,391,0.05,0.02,8,6.722197021227055e-05,0.0015488208194365679,2000,7884,2000,5884,0.7463216641298833
18,1521,0.05,0.02,8,1.271135874370299e-08,3.4593120998624456e-05,2000,2928,2000,928,0.31693989071038253
19,379,0.05,0.02,8,0.0001433109582844683,0.0024669232224297766,2000,8702,2000,6702,0.7701677775224086
20,405,0.05,0.02,8,0.0001663493104205247,0.0025268300703156594,2000,8668,2000,6668,0.7692662667281956
21,647,0.05,0.02,8,7.729440047535497e-05,0.0013329916218157117,2000,6417,2000,4417,0.6883278790712171
22,1123,0.05,0.02,8,8.561413135769214e-05,0.000998634726351417,2000,4628,2000,2628,0.567847882454624
23,474,0.05,0.02,8,0.00012228664272344162,0.001994257346768125,2000,7945,2000,5945,0.7482693517935809
24,613,0.05,0.02,8,3.203719315370583e-05,0.0010311012523543232,2000,6514,2000,4514,0.6929689898679766
25,686,0.05,0.02,8,0.00010867993895490754,0.0008760582072398525,2000,5788,2000,3788,0.6544574982722875
26,461,0.05,0.02,8,4.3010643778047835e-05,0.001487036827091809,2000,9339,2000,7339,0.7858443088125067
27,739,0.05,0.02,8,0.00012024030912306963,0.001191619582966587,2000,6535,2000,4535,0.693955623565417
28,746,0.05,0.02,8,0.00011812691858750374,0.0010558374976689935,2000,5856,2000,3856,0.6584699453551912
29,1026,0.05,0.02,8,3.053135474409775e-05,0.0007344031205713996,2000,6689,2000,4689,0.7010016444909553
30,542,0.05,0.02,8,0.00011287622668795603,0.001710097170665249,2000,6895,2000,4895,0.7099347353154459
31,1017,0.05,0.02,8,3.723507691841495e-05,0.0006097050250183383,2000,5948,2000,3948,0.6637525218560861
32,1347,0.05,0.02,8,1.2400513697236036e-05,0.0005570578744194714,2000,4036,2000,2036,0.5044598612487612
33,659,0.05,0.02,8,0.00010394939409469091,0.0017180026105582608,2000,6368,2000,4368,0.6859296482412061
34,659,0.05,0.02,8,0.00012237237654157758,0.0017728690831176502,2000,6163,2000,4163,0.675482719454811
35,621,0.05,0.02,8,0.00012692285239325517,0.0014588777893696653,2000,6475,2000,4475,0.6911196911196911
36,624,0.05,0.02,8,9.761618954238649e-05,0.0012989161486301561,2000,6413,2000,4413,0.6881334788710431
37,636,0.05,0.02,8,0.00012320446605818168,0.0013682491294213445,2000,6546,2000,4546,0.6944699052856707
38,1273,0.05,0.02,8,3.026562305075521e-05,0.0005892068493457401,2000,4336,2000,2336,0.5387453874538746
39,654,0.05,0.02,8,0.000102778879378501,0.0013695520426761961,2000,6569,2000,4569,0.6955396559598113
40,985,0.05,0.02,8,6.915443383298766e-05,0.0007235100729480243,2000,5331,2000,3331,0.6248358656912399
41,1499,0.05,0.02,8,2.5152990045587073e-07,3.877375931477222e-05,2000,2831,2000,831,0.29353585305545743
42,657,0.05,0.02,8,0.00010016763471859077,0.0013668112015908771,2000,6102,2000,4102,0.6722386102917076
43,666,0.05,0.02,8,0.00010277347354022298,0.001164201721545946,2000,5922,2000,3922,0.6622762580209389
44,1212,0.05,0.02,8,4.93439950650591e-05,0.00044835631621917266,2000,3699,2000,1699,0.4593133279264666
45,631,0.05,0.02,8,7.324089036971467e-05,0.001156858037908807,2000,6266,2000,4266,0.6808171082030003
46,1398,0.05,0.02,8,4.6162820831984505e-05,0.00047494338256030214,2000,3840,2000,1840,0.4791666666666667
47,676,0.05,0.02,8,4.480400056657759e-05,0.0005132170219463034,2000,6131,2000,4131,0.673788941445115
48,1221,0.05,0.02,8,1.2148413829063204e-05,0.0005956885412413698,2000,4500,2000,2500,0.5555555555555556
49,658,0.05,0.02,8,9.60691266285476e-05,0.0015316566510419631,2000,6015,2000,4015,0.6674979218620116
50,1019,0.05,0.02,8,6.858002507514758e-05,0.000683241900282919,2000,4919,2000,2919,0.5934132953852409
51,715,0.05,0.02,8,0.00010384896595755402,0.000970764302649313,2000,6800,2000,4800,0.7058823529411765
52,698,0.05,0.02,8,1.355358920913257e-05,0.001078610548873142,2000,5908,2000,3908,0.6614759647935003
53,745,0.05,0.02,8,7.952069432616756e-05,0.0010560611415400634,2000,5980,2000,3980,0.6655518394648829
54,889,0.05,0.02,8,7.008870079023408e-05,0.0007040740195616427,2000,5592,2000,3592,0.642346208869814
55,613,0.05,0.02,8,0.0001066792132511578,0.00104967785130407,2000,5900,2000,3900,0.6610169491525424
56,779,0.05,0.02,8,6.199907084214335e-05,0.000822005002436984,2000,6021,2000,4021,0.6678292642418203
57,728,0.05,0.02,8,3.3052115559276254e-05,0.0010962767843729036,2000,5803,2000,3803,0.6553506806824057
58,671,0.05,0.02,8,5.68239842151141e-05,0.0009199984071697716,2000,5597,2000,3597,0.6426657137752367
59,397,0.05,0.02,8,0.0001458972625208702,0.002514744526755944,2000,9280,2000,7280,0.7844827586206896
60,571,0.05,0.02,8,0.00011282139845893763,0.001627476558033768,2000,6517,2000,4517,0.693110326837502
61,421,0.05,0.02,8,5.1885497177761035e-06,0.0019476966384706462,2000,5603,2000,3603,0.6430483669462788
62,865,0.05,0.02,8,1.5713982909349855e-06,0.0005217638995064481,2000,4970,2000,2970,0.5975855130784709
63,845,0.05,0.02,8,5.4759355709644054e-05,0.0009503503799481817,2000,6551,2000,4551,0.6947030987635475
64,453,0.05,0.02,8,7.250775317205658e-06,0.0012707548545485487,2000,5980,2000,3980,0.6655518394648829
65,384,0.05,0.02,8,8.149081444943154e-06,0.00198942315843841,2000,5794,2000,3794,0.6548153261995168
66,650,0.05,0.02,8,0.00010669100557940267,0.0014604118721168102,2000,6383,2000,4383,0.6866677111076296
67,413,0.05,0.02,8,4.161242977814477e-06,0.0013199229195663363,2000,5333,2000,3333,0.6249765610350647
68,737,0.05,0.02,8,8.238076700836522e-05,0.0010317253324292463,2000,6377,2000,4377,0.6863729026187863
69,470,0.05,0.02,8,5.839689074059946e-06,0.0016830913260291905,2000,5534,2000,3534,0.6385977593061077
70,782,0.05,0.02,8,2.655480098945152e-07,0.00014279054306698695,2000,3919,2000,1919,0.48966573105384026
71,661,0.05,0.02,8,1.8157422883998126e-05,0.0005813160453310535,2000,6102,2000,4102,0.6722386102917076
72,402,0.05,0.02,8,1.2466274826694155e-05,0.0016226541233452475,2000,5837,2000,3837,0.657358231968477
73,378,0.05,0.02,8,6.922425533921052e-06,0.0017112982343103315,2000,5834,2000,3834,0.6571820363387042
74,383,0.05,0.02,8,4.855150123665043e-06,0.0014993978039507738,2000,6387,2000,4387,0.6868639423829654
75,376,0.05,0.02,8,6.638414715087193e-05,0.002117574671345976,2000,9774,2000,7774,0.7953754859832208
76,387,0.05,0.02,8,1.2152228112386061e-05,0.0014979146896488386,2000,6156,2000,4156,0.6751137102014295
77,600,0.05,0.02,8,0.00011594318990791997,0.0016972943084048754,2000,6527,2000,4527,0.6935805117205455
78,1483,0.05,0.02,8,1.9391045402636936e-05,0.0004693868768657404,2000,3125,2000,1125,0.36
79,601,0.05,0.02,8,5.414851402444366e-05,0.0008372134156912009,2000,7047,2000,5047,0.7161912870725131
80,570,0.05,0.02,8,2.409020504263306e-06,0.001285384131078121,2000,5646,2000,3646,0.6457669146298264
81,681,0.05,0.02,8,1.2578969523490096e-05,0.0006255100402727364,2000,4541,2000,2541,0.5595683770094693
82,677,0.05,0.02,8,7.762519154381236e-06,0.001014916320262686,2000,4225,2000,2225,0.5266272189349113
83,1097,0.05,0.02,8,1.0565071856055458e-06,0.00045052624333114384,2000,5472,2000,3472,0.6345029239766082
84,570,0.05,0.02,8,7.946811249353935e-05,0.001613344920327854,2000,6862,2000,4862,0.7085397843194404
85,406,0.05,0.02,8,1.138092873977004e-05,0.0018433109602550759,2000,5677,2000,3677,0.6477012506605602
86,631,0.05,0.02,8,9.166544156369312e-05,0.001318758964852526,2000,6659,2000,4659,0.6996546027932122
87,650,0.05,0.02,8,9.306365071880048e-06,0.0013780457940580618,2000,4602,2000,2602,0.565406345067362
88,1038,0.05,0.02,8,6.720158944282813e-05,0.0007352402263589652,2000,5771,2000,3771,0.6534396118523653
89,656,0.05,0.02,8,7.209855631602382e-05,0.0012179076903365944,2000,7648,2000,5648,0.7384937238493724
90,692,0.05,0.02,8,1.9805301987890008e-05,0.0011777305799795384,2000,4119,2000,2119,0.5144452537023549
91,595,0.05,0.02,8,5.834059826058818e-06,0.0007401603851775778,2000,5752,2000,3752,0.6522948539638387
92,582,0.05,0.02,8,8.144292009608245e-05,0.0010297807864673534,2000,6350,2000,4350,0.6850393700787402
93,985,0.05,0.02,8,4.7656458978888966e-05,0.0004511557159983753,2000,5640,2000,3640,0.6453900709219859
94,547,0.05,0.02,8,0.00010124149362306034,0.001341282954848468,2000,6354,2000,4354,0.6852376455775889
95,571,0.05,0.02,8,8.845536916910986e-06,0.0010130154731131864,2000,4851,2000,2851,0.5877138734281592
96,608,0.05,0.02,8,6.528714842010695e-06,0.0008925588109698582,2000,5603,2000,3603,0.6430483669462788
97,383,0.05,0.02,8,1.3411506825499889e-05,0.002048385505908866,2000,5866,2000,3866,0.6590521650187521
98,561,0.05,0.02,8,8.529711225937064e-05,0.0011812052788983769,2000,6101,2000,4101,0.6721848877233241
99,665,0.05,0.02,8,1.6556243353497014e-05,0.0007877238068784225,2000,4291,2000,2291,0.5339081799114426
100,463,0.05,0.02,8,0.00011971311964691496,0.0017935326712677799,2000,9025,2000,7025,0.778393351800554
101,394,0.05,0.02,8,1.744364916387338e-05,0.002009591380318134,2000,5571,2000,3571,0.6409980254891402
102,413,0.05,0.02,8,1.2645585807853623e-05,0.0017982768612643085,2000,5965,2000,3965,0.6647108130762783
103,516,0.05,0.02,8,1.319333942069393e-05,0.002056588279268137,2000,5460,2000,3460,0.6336996336996337
104,383,0.05,0.02,8,1.6820329691084405e-05,0.0016913248641315134,2000,6054,2000,4054,0.6696399074991741
105,728,0.05,0.02,8,1.022213842469884e-05,0.0009774406140945868,2000,4062,2000,2062,0.5076317085179715
106,639,0.05,0.02,8,0.00010437559856286356,0.0013833495953563756,2000,6819,2000,4819,0.7067018624431735
107,594,0.05,0.02,8,5.6749323462193e-05,0.0014966072947430618,2000,7947,2000,5947,0.7483327041650938
108,422,0.05,0.02,8,6.907157052065272e-06,0.0014882598869029292,2000,5914,2000,3914,0.6618194115657762
109,642,0.05,0.02,8,8.368466604793806e-06,0.0009986791823391548,2000,4856,2000,2856,0.5881383855024712
110,377,0.05,0.02,8,3.2974989688722854e-06,0.0016763270296147735,2000,6092,2000,4092,0.6717005909389363
111,419,0.05,0.02,8,1.4396014501912879e-05,0.001521424797097981,2000,5836,2000,3836,0.6572995202193284
112,625,0.05,0.02,8,5.420183213836437e-06,0.0009565836464415294,2000,5225,2000,3225,0.6172248803827751
113,1031,0.05,0.02,8,4.6401476418096344e-05,0.0009533990721594165,2000,5090,2000,3090,0.6070726915520629
114,379,0.05,0.02,8,9.745682611791648e-06,0.0016449311880075118,2000,5935,2000,3935,0.6630160067396799
115,375,0.05,0.02,8,1.5828754215836264e-05,0.001485800721546384,2000,6688,2000,4688,0.7009569377990431
116,416,0.05,0.02,8,1.982309285606614e-05,0.0018659678292522657,2000,6321,2000,4321,0.68359436797975
117,480,0.05,0.02,8,1.8853293500043914e-05,0.0016657040673737056,2000,5419,2000,3419,0.6309282155379221
118,375,0.05,0.02,8,1.722628703367424e-05,0.0011418104815950287,2000,5945,2000,3945,0.663582842724979
119,427,0.05,0.02,8,2.131524545687651e-05,0.0018483424389200104,2000,5803,2000,3803,0.6553506806824057
120,367,0.05,0.02,8,1.7198858685747138e-05,0.0022943967524765557,2000,6165,2000,4165,0.67558799675588
121,389,0.05,0.02,8,2.052782449376449e-05,0.001592380899660983,2000,5970,2000,3970,0.6649916247906198
122,506,0.05,0.02,8,1.2844799288538707e-05,0.0012635592037585027,2000,5480,2000,3480,0.635036496350365
123,369,0.05,0.02,8,2.640758217925566e-05,0.0018069201642019928,2000,5719,2000,3719,0.6502885119776185
124,382,0.05,0.02,8,2.4850494963483167e-11,2.0088860721269643e-05,2000,8853,2000,6853,0.774087879814752
125,653,0.05,0.02,8,1.76008076232514e-06,0.0007027163835567167,2000,4806,2000,2806,0.583853516437786
126,403,0.05,0.02,8,8.549234600241391e-06,0.001720402740051035,2000,5679,2000,3679,0.6478253213593943
127,396,0.05,0.02,8,1.8947374040323383e-05,0.0015461636961927993,2000,5450,2000,3450,0.6330275229357798
128,605,0.05,0.02,8,2.2370058760628407e-05,0.001276876198988172,2000,4778,2000,2778,0.5814148179154458
129,588,0.05,0.02,8,3.824438753955671e-05,0.0007198748810909973,2000,5962,2000,3962,0.6645420999664542
130,411,0.05,0.02,8,1.0773764623356689e-05,0.002107067928771061,2000,5570,2000,3570,0.6409335727109515
131,387,0.05,0.02,8,9.26289554281754e-06,0.0012527809745019312,2000,6399,2000,4399,0.6874511642444132
132,377,0.05,0.02,8,2.4545452990288807e-05,0.002990504200531761,2000,5818,2000,3818,0.6562392574767961
133,372,0.05,0.02,8,2.1204784299004887e-05,0.001463086878240574,2000,5531,2000,3531,0.6384017356716688
134,608,0.05,0.02,8,1.384861121902301e-05,0.0012994883466021102,2000,4890,2000,2890,0.591002044989775
135,387,0.05,0.02,8,2.374850559699784e-05,0.0018724525738002694,2000,6282,2000,4282,0.6816300541228908
136,688,0.05,0.02,8,1.579341021047404e-05,0.0010798126557403768,2000,4541,2000,2541,0.5595683770094693
137,398,0.05,0.02,8,1.2640246973559192e-05,0.002181153747059077,2000,5589,2000,3589,0.6421542315262122
138,439,0.05,0.02,8,2.5452845768656312e-05,0.0028235085216808983,2000,5910,2000,3910,0.6615905245346869
139,450,0.05,0.02,8,1.4176113456605838e-05,0.0023436901817045245,2000,5882,2000,3882,0.6599795987759266
140,455,0.05,0.02,8,0.0001219020949319361,0.0017030248129981799,2000,6954,2000,4954,0.7123957434570032
141,488,0.05,0.02,8,4.509667809124737e-06,0.0008844006475841978,2000,6009,2000,4009,0.6671659177899817
142,489,0.05,0.02,8,2.1582519793638603e-05,0.0014215311688744127,2000,5643,2000,3643,0.645578592947014
143,431,0.05,0.02,8,9.172920385096875e-06,0.0015398933212445883,2000,5621,2000,3621,0.6441914250133428
144,394,0.05,0.02,8,1.2891179492453269e-05,0.002412861395424018,2000,5696,2000,3696,0.648876404494382
145,368,0.05,0.02,8,2.5834303287802564e-05,0.0016936280997283926,2000,6254,2000,4254,0.6802046690118324
146,563,0.05,0.02,8,2.650249000719316e-05,0.0015755898613847383,2000,5152,2000,3152,0.6118012422360248
147,363,0.05,0.02,8,2.12651609023153e-05,0.0015449170591878825,2000,6220,2000,4220,0.6784565916398714
148,1061,0.05,0.02,8,6.818407943171303e-06,0.0007239756389255564,2000,3400,2000,1400,0.4117647058823529
149,484,0.05,0.02,8,2.472190174611831e-05,0.0014163439151716377,2000,5423,2000,3423,0.6312004425594689
150,403,0.05,0.02,8,2.2871386164841218e-11,6.4754676985354075e-09,2000,8437,2000,6437,0.7629489154912884
151,469,0.05,0.02,8,1.1546234034302894e-05,0.0013257167149889055,2000,5726,2000,3726,0.650716032134125
152,1429,0.05,0.02,8,8.642333318340103e-07,0.00019019930327960507,2000,2587,2000,587,0.22690374951681486
153,447,0.05,0.02,8,1.5108819950719635e-05,0.0012581759208449763,2000,6121,2000,4121,0.673256003920928
154,424,0.05,0.02,8,1.0058532348661566e-05,0.0017637966974854676,2000,5330,2000,3330,0.624765478424015
155,401,0.05,0.02,8,1.6145249425360457e-05,0.0017132471723021348,2000,5657,2000,3657,0.646455718578752
156,387,0.05,0.02,8,7.269645714522147e-06,0.0012108846398221765,2000,5670,2000,3670,0.6472663139329806
157,625,0.05,0.02,8,8.341636850855993e-06,0.0011624196861402204,2000,5205,2000,3205,0.6157540826128722
158,516,0.05,0.02,8,2.5262037905888226e-05,0.0012477517114237076,2000,5910,2000,3910,0.6615905245346869
159,410,0.05,0.02,8,1.032840384444999e-05,0.0016462299304175862,2000,5776,2000,3776,0.6537396121883656
160,397,0.05,0.02,8,1.831573028002316e-05,0.0019073926268617144,2000,5958,2000,3958,0.6643168848606915
161,604,0.05,0.02,8,9.648971441599432e-06,0.0009410077613670669,2000,4997,2000,2997,0.5997598559135481
162,442,0.05,0.02,8,2.7430557695299656e-06,0.001132768525627334,2000,6047,2000,4047,0.669257483049446
163,613,0.05,0.02,8,3.007984035011499e-06,0.0008830021194421763,2000,5284,2000,3284,0.6214988644965935
164,354,0.05,0.02,8,2.6622762675113687e-05,0.0013754739249075272,2000,5977,2000,3977,0.6653839718922536
165,370,0.05,0.02,8,1.6009985277993133e-05,0.0020548156175258926,2000,6272,2000,4272,0.6811224489795918
166,502,0.05,0.02,8,2.212674530436755e-05,0.0016720888719015592,2000,5377,2000,3377,0.6280453784638275
167,475,0.05,0.02,8,1.629330949347674e-05,0.0022715608368254784,2000,5625,2000,3625,0.6444444444444445
168,447,0.05,0.02,8,2.1461229033573133e-05,0.0024469446480190516,2000,5683,2000,3683,0.6480732007742389
169,733,0.05,0.02,8,7.000422626109752e-05,0.0009148959392700502,2000,5940,2000,3940,0.6632996632996633
170,538,0.05,0.02,8,2.5103060098759885e-05,0.0013709462498256932,2000,5110,2000,3110,0.6086105675146771
171,356,0.05,0.02,8,8.92159765686249e-06,0.0015788155490667707,2000,5880,2000,3880,0.6598639455782312
172,371,0.05,0.02,8,2.062281722493298e-05,0.0017339770272969555,2000,5634,2000,3634,0.6450124245651402
173,689,0.05,0.02,8,2.0423427592627376e-05,0.0009567187178377441,2000,4427,2000,2427,0.548226790151344
174,452,0.05,0.02,8,1.9230591503563673e-05,0.0016019831737468441,2000,6033,2000,4033,0.6684899718216476
175,525,0.05,0.02,8,5.8946662385908514e-06,0.0015334501768652065,2000,5352,2000,3352,0.6263079222720478
176,470,0.05,0.02,8,1.8564043107951833e-05,0.0016933916679388347,2000,5178,2000,3178,0.6137504828118965
177,405,0.05,0.02,8,2.961282724005134e-05,0.0017345347636079252,2000,5610,2000,3610,0.64349376114082
178,414,0.05,0.02,8,2.0198079710431007e-05,0.0014085735834342768,2000,6025,2000,4025,0.6680497925311203
179,737,0.05,0.02,8,2.958128748718253e-06,0.000517558551473372,2000,3996,2000,1996,0.4994994994994995
180,385,0.05,0.02,8,2.6802145642165352e-05,0.002260540344189913,2000,6279,2000,4279,0.6814779423475076
181,407,0.05,0.02,8,8.978730350471254e-06,0.0015963115693089043,2000,5944,2000,3944,0.6635262449528937
182,624,0.05,0.02,8,1.2834772142122201e-05,0.0014703932377808592,2000,5109,2000,3109,0.6085339596789978
183,470,0.05,0.02,8,1.8489919313111695e-05,0.0009941018973928678,2000,5524,2000,3524,0.6379435191889935
184,374,0.05,0.02,8,2.3772560871035215e-05,0.0018755397112290525,2000,5822,2000,3822,0.6564754379938166
185,628,0.05,0.02,8,2.774072930016782e-05,0.0008314604943005415,2000,4635,2000,2635,0.5685005393743258
186,443,0.05,0.02,8,1.9450244517355374e-05,0.0017240137308251015,2000,5495,2000,3495,0.6360327570518653
187,399,0.05,0.02,8,2.568686504254221e-05,0.0017547942458356728,2000,6064,2000,4064,0.6701846965699209
188,384,0.05,0.02,8,3.2413120464214046e-05,0.0019070656148086013,2000,5825,2000,3825,0.6566523605150214
189,383,0.05,0.02,8,2.4162802952740424e-05,0.0018814292442008995,2000,6220,2000,4220,0.6784565916398714
190,390,0.05,0.02,8,2.943012112303031e-05,0.00215344681886848,2000,5941,2000,3941,0.66335633731695
191,357,0.05,0.02,8,3.314154119192015e-05,0.002441380327163532,2000,6365,2000,4365,0.6857816182246661
192,452,0.05,0.02,8,9.034272980755024e-06,0.0010033717759352332,2000,5947,2000,3947,0.6636959811669749
193,392,0.05,0.02,8,2.6021376705254278e-05,0.0015292746191156107,2000,6291,2000,4291,0.6820855189953903
194,727,0.05,0.02,8,7.95941334070081e-06,0.000495932060681395,2000,4131,2000,2131,0.5158557250060518
195,409,0.05,0.02,8,0.0001090319123065468,0.0021235381150143022,2000,6904,2000,4904,0.7103128621089224
196,442,0.05,0.02,8,2.324674099724871e-05,0.001546473178334455,2000,5947,2000,3947,0.6636959811669749
197,384,0.05,0.02,8,3.152916510529399e-05,0.0015815829673545372,2000,6377,2000,4377,0.6863729026187863
198,355,0.05,0.02,8,4.9290930507672925e-05,0.0014969179738268685,2000,5259,2000,3259,0.6196995626544971
199,342,0.05,0.02,8,2.492750953296541e-05,0.0014884565163815664,2000,6141,2000,4141,0.6743201432991369
200,395,0.05,0.02,8,2.389895759750262e-05,0.002450005358315782,2000,5730,2000,3730,0.6509598603839442
201,718,0.05,0.02,8,5.468964173039128e-06,0.0009586570822329277,2000,4632,2000,2632,0.5682210708117443
202,408,0.05,0.02,8,2.3798612136386025e-05,0.0017048669670218877,2000,5886,2000,3886,0.6602106693849813
203,622,0.05,0.02,8,2.1226801206023266e-05,0.0012875309511496335,2000,4600,2000,2600,0.5652173913043478
204,331,0.05,0.02,8,0.00014171009399507057,0.0014397073485741593,2000,7431,2000,5431,0.7308572197550801
205,649,0.05,0.02,8,1.672228212376528e-05,0.0013320284813939578,2000,4312,2000,2312,0.536178107606679
206,1201,0.05,0.02,8,1.5118725412210735e-05,0.0008584305308380709,2000,2950,2000,950,0.3220338983050847
207,425,0.05,0.02,8,2.6587434758825964e-05,0.0017944436478848965,2000,5909,2000,3909,0.6615332543577593
208,653,0.05,0.02,8,3.963490788680745e-05,0.0012653973014963844,2000,4196,2000,2196,0.5233555767397522
209,405,0.05,0.02,8,3.3586730070905315e-05,0.0018749308438876931,2000,5953,2000,3953,0.6640349403662019
210,1026,0.05,0.02,8,4.508212869335843e-06,0.0006358924809034185,2000,4054,2000,2054,0.506660088801184
211,715,0.05,0.02,8,1.0847021461001746e-05,0.0008657069591934085,2000,4271,2000,2271,0.5317255911964411
212,381,0.05,0.02,8,2.7368153435886947e-05,0.002277834938320237,2000,6024,2000,4024,0.6679946879150066
213,540,0.05,0.02,8,3.4937508888750774e-05,0.001651652435579339,2000,5336,2000,3336,0.6251874062968515
214,421,0.05,0.02,8,2.9580578719261496e-05,0.001067973622842581,2000,5948,2000,3948,0.6637525218560861
215,579,0.05,0.02,8,4.158635385552503e-05,0.0011355279295292412,2000,4816,2000,2816,0.584717607973422
216,1377,0.05,0.02,8,5.09637412476142e-06,0.00037044711519077514,2000,2477,2000,477,0.1925716592652402
217,678,0.05,0.02,8,3.2629850432679254e-06,0.0008883494889097059,2000,4324,2000,2324,0.5374653098982424
218,392,0.05,0.02,8,3.7962339509977166e-05,0.0015413304892276014,2000,5885,2000,3885,0.6601529311809685
219,560,0.05,0.02,8,3.9134510188320906e-05,0.0012344240162050157,2000,5113,2000,3113,0.608840211226286
220,380,0.05,0.02,8,3.261655356586771e-05,0.00254275171784284,2000,6009,2000,4009,0.6671659177899817
221,1063,0.05,0.02,8,1.1235863326626176e-05,0.0007171372887914886,2000,3636,2000,1636,0.44994499449944997
222,1300,0.05,0.02,8,9.229788891868354e-06,0.00035954760647184057,2000,2473,2000,473,0.19126566922765872
223,382,0.05,0.02,8,3.402576860514627e-05,0.0015840900883834779,2000,5868,2000,3868,0.6591683708248125
224,398,0.05,0.02,8,3.709626007051511e-05,0.0019927175781845464,2000,5600,2000,3600,0.6428571428571429
225,394,0.05,0.02,8,4.091688987657348e-05,0.0011714507323176467,2000,6271,2000,4271,0.6810715994259289
226,467,0.05,0.02,8,3.6302914927257626e-05,0.0022629967793691267,2000,5767,2000,3767,0.6531992370383215
227,405,0.05,0.02,8,4.2704953796592864e-05,0.0014541965184158758,2000,6313,2000,4313,0.6831934104229368
228,472,0.05,0.02,8,3.5240165421975544e-05,0.0018585623659377448,2000,5752,2000,3752,0.6522948539638387
229,470,0.05,0.02,8,3.4761374542833896e-05,0.00179652912315787,2000,5458,2000,3458,0.6335654085745694
230,408,0.05,0.02,8,3.621402701320375e-05,0.0019281248030039576,2000,5776,2000,3776,0.6537396121883656
231,489,0.05,0.02,8,3.312027723461225e-05,0.0013495634322413146,2000,5533,2000,3533,0.6385324417133562
232,506,0.05,0.02,8,3.7313734582143676e-05,0.0015432732831805003,2000,5672,2000,3672,0.6473906911142454
233,406,0.05,0.02,8,4.8773523283854726e-05,0.001303593209349715,2000,6983,2000,4983,0.7135901475010741
234,637,0.05,0.02,8,4.5678738345116586e-05,0.0012400869194760867,2000,4501,2000,2501,0.5556542990446568
235,635,0.05,0.02,8,2.6484300757177663e-05,0.001229825630839126,2000,4454,2000,2454,0.550965424337674
236,609,0.05,0.02,8,4.989688429755196e-05,0.0016616670156609434,2000,4588,2000,2588,0.5640802092414996
237,831,0.05,0.02,8,4.1995537288590865e-06,0.00010699680666169476,2000,3664,2000,1664,0.45414847161572053
238,507,0.05,0.02,8,3.866504313773962e-05,0.001375816978487251,2000,5571,2000,3571,0.6409980254891402
239,601,0.05,0.02,8,4.8483163147140196e-05,0.0009489727495844378,2000,4660,2000,2660,0.5708154506437768
240,521,0.05,0.02,8,3.6004530885163056e-05,0.0011475483891712109,2000,5253,2000,3253,0.6192651818008756
241,726,0.05,0.02,8,3.2842011426542715e-06,0.0013360052394310786,2000,4318,2000,2318,0.5368226030569708
242,611,0.05,0.02,8,4.871151625438387e-05,0.0010610007386263952,2000,4437,2000,2437,0.5492449853504621
243,473,0.05,0.02,8,3.5811177604453666e-05,0.001320034033713616,2000,5424,2000,3424,0.6312684365781711
244,393,0.05,0.02,8,3.8319223813368016e-05,0.0019303515726591663,2000,5924,2000,3924,0.662390276839973
245,651,0.05,0.02,8,5.281582731938788e-05,0.0013525864740975883,2000,4193,2000,2193,0.5230145480562843
246,640,0.05,0.02,8,5.59911159681893e-05,0.0011019395874567219,2000,4306,2000,2306,0.5355318160705992
247,1452,0.05,0.02,8,2.147577944133483e-06,4.971504033517766e-05,2000,2168,2000,168,0.07749077490774908
248,488,0.05,0.02,8,4.626131478934326e-05,0.00169325017849306,2000,5300,2000,3300,0.6226415094339622
249,760,0.05,0.02,8,2.651805265463252e-06,0.0006336704725956068,2000,3970,2000,1970,0.49622166246851385
250,380,0.05,0.02,8,4.773569016115627e-05,0.0025428708054611544,2000,6569,2000,4569,0.6955396559598113
251,373,0.05,0.02,8,4.643477743055956e-05,0.0017091238594871552,2000,6057,2000,4057,0.6698035331021958
252,486,0.05,0.02,8,5.09700828829481e-05,0.001998851780215336,2000,5480,2000,3480,0.635036496350365
253,528,0.05,0.02,8,5.117905433776366e-05,0.0012596609926269708,2000,5153,2000,3153,0.6118765767514069
254,382,0.05,0.02,8,5.3862152970746855e-05,0.002352593971268413,2000,5543,2000,3543,0.6391845570990439
255,385,0.05,0.02,8,5.567768250025941e-05,0.001977650472482267,2000,5738,2000,3738,0.6514464970372952
256,376,0.05,0.02,8,5.1917593527056826e-05,0.001919379752810421,2000,6152,2000,4152,0.6749024707412223
257,605,0.05,0.02,8,6.5674375165172e-05,0.0011571230340416813,2000,4444,2000,2444,0.54995499549955
258,385,0.05,0.02,8,6.129579896632448e-05,0.0017787645784056217,2000,6230,2000,4230,0.6789727126805778
259,571,0.05,0.02,8,6.884642189474887e-05,0.0015525780600076414,2000,4800,2000,2800,0.5833333333333334
260,602,0.05,0.02,8,7.042607635746371e-05,0.0011725221037713637,2000,4568,2000,2568,0.5621716287215411
261,386,0.05,0.02,8,6.22018861403931e-05,0.0018103144795517713,2000,6105,2000,4105,0.6723996723996724
262,410,0.05,0.02,8,3.68148003729507e-06,0.0015605056553682282,2000,6235,2000,4235,0.6792301523656776
263,780,0.05,0.02,8,9.864814412534608e-07,2.5656726821863864e-05,2000,3880,2000,1880,0.4845360824742268
264,597,0.05,0.02,8,7.261147363325505e-05,0.0017689250246193456,2000,4658,2000,2658,0.5706311721769
265,495,0.05,0.02,8,5.776724658825824e-05,0.001070386178727852,2000,5150,2000,3150,0.6116504854368932
266,549,0.05,0.02,8,6.51579152737025e-05,0.001193530539302437,2000,5197,2000,3197,0.6151625938041178
267,794,0.05,0.02,8,4.549909838586176e-06,0.00013425031848869154,2000,3900,2000,1900,0.48717948717948717
268,630,0.05,0.02,8,4.414054623959453e-05,0.0010692702594477174,2000,4088,2000,2088,0.5107632093933464
269,369,0.05,0.02,8,7.036201661395442e-05,0.0027517250328608447,2000,5958,2000,3958,0.6643168848606915
270,410,0.05,0.02,8,2.1535282793706152e-11,1.919494897782773e-05,2000,8803,2000,6803,0.7728047256617062
271,1533,0.05,0.02,8,5.237100977365428e-07,3.816773730991637e-05,2000,2000,2000,0,0.0
272,1534,0.05,0.02,8,8.026465305438053e-07,3.472043729953192e-05,2000,2000,2000,0,0.0
273,195,0.05,0.02,8,1.7634744231863492e-06,0.0019120379134003333,2000,9143,2000,7143,0.7812534179153451
274,1447,0.05,0.02,8,5.692674406319441e-05,0.00040131435954890367,2000,2497,2000,497,0.19903884661593912
275,183,0.05,0.02,8,0.00015386229402367138,0.005035026065044347,2000,10304,2000,8304,0.8059006211180124
276,195,0.05,0.02,8,0.00018971783855701007,0.0036940397463509447,2000,10259,2000,8259,0.8050492250706697
277,225,0.05,0.02,8,0.00022105227481304467,0.002950808671197743,2000,8639,2000,6639,0.768491723579118
278,240,0.05,0.02,8,0.0002339181193949133,0.003512107275718853,2000,8701,2000,6701,0.7701413630617171
279,240,0.05,0.02,8,0.00024125848944522366,0.0034917302591904007,2000,7585,2000,5585,0.7363216875411998
280,214,0.05,0.02,8,0.00025357168843660407,0.003702094007610126,2000,9000,2000,7000,0.7777777777777778
281,188,0.05,0.02,8,0.0002613334216850639,0.0037960276748569984,2000,9884,2000,7884,0.7976527721570215
282,219,0.05,0.02,8,0.0002555577611081778,0.004411436533043558,2000,9898,2000,7898,0.7979389775712266
283,253,0.05,0.02,8,0.0002531502616401193,0.003234704121227781,2000,8580,2000,6580,0.7668997668997669
284,197,0.05,0.02,8,0.0002666073553107989,0.0036912843424850078,2000,10329,2000,8329,0.8063704133991674
285,263,0.05,0.02,8,0.00027029694304688185,0.002956510715995076,2000,6975,2000,4975,0.7132616487455197
286,249,0.05,0.02,8,0.00026929925236709095,0.00402226672176155,2000,8227,2000,6227,0.7568980187188525
287,263,0.05,0.02,8,0.00028400026116655655,0.002641671012543011,2000,8125,2000,6125,0.7538461538461538
288,224,0.05,0.02,8,0.000310861298947106,0.003996085154213706,2000,9452,2000,7452,0.788404570461278
289,224,0.05,0.02,8,0.00031125406563304675,0.004593263729241721,2000,7572,2000,5572,0.7358689910195457
290,243,0.05,0.02,8,0.00032591763660201124,0.0041824928889130355,2000,9120,2000,7120,0.7807017543859649
291,158,0.05,0.02,8,0.0003219203334772544,0.004034039266944712,2000,12206,2000,10206,0.8361461576273964
292,202,0.05,0.02,8,0.000316349271750953,0.003981490736337098,2000,10877,2000,8877,0.8161257699733382
293,242,0.05,0.02,8,0.0003380225531951205,0.003479482634958772,2000,8022,2000,6022,0.7506856145599601
294,265,0.05,0.02,8,0.0003413093929787529,0.0030896417203615813,2000,7332,2000,5332,0.7272231314784506
295,191,0.05,0.02,8,0.0002872196855202088,0.004474772341737125,2000,12094,2000,10094,0.834628741524723
296,229,0.05,0.02,8,0.00034077274398712395,0.0029170816202146272,2000,10428,2000,8428,0.8082086689681627
297,255,0.05,0.02,8,0.00034920747106220897,0.0026038538154863323,2000,7652,2000,5652,0.7386304234187141
298,209,0.05,0.02,8,0.00033351583820095054,0.005080714083947156,2000,10214,2000,8214,0.8041903270021539
299,188,0.05,0.02,8,0.0003242592964805481,0.00410244533003592,2000,12283,2000,10283,0.8371733289912888
300,181,0.05,0.02,8,0.00032342969369885506,0.005936941829097065,2000,11361,2000,9361,0.8239591585247777
301,207,0.05,0.02,8,0.00031980733630873994,0.005277645775782337,2000,11551,2000,9551,0.8268548177646957
302,264,0.05,0.02,8,0.00034341439955790884,0.002646291935788741,2000,7972,2000,5972,0.7491219267436026
303,234,0.05,0.02,8,0.0003470129509073848,0.003360040314134554,2000,8420,2000,6420,0.7624703087885986
304,219,0.05,0.02,8,0.00035783006219480763,0.00356353175467009,2000,8960,2000,6960,0.7767857142857143
305,267,0.05,0.02,8,0.00036043182752558205,0.0034345234709249016,2000,7563,2000,5563,0.7355546740711358
306,241,0.05,0.02,8,0.00036426669657732016,0.0026261453188980437,2000,7597,2000,5597,0.7367381861261024
307,223,0.05,0.02,8,0.0003554735843460764,0.0037658804965549136,2000,8864,2000,6864,0.7743682310469314
308,237,0.05,0.02,8,0.00034660634735308267,0.003164782588844021,2000,8374,2000,6374,0.7611655122999761
309,208,0.05,0.02,8,0.00035366584984703457,0.004245417593830139,2000,10988,2000,8988,0.8179832544594102
310,199,0.05,0.02,8,0.00035800233331094667,0.004398118770527779,2000,10677,2000,8677,0.812681464830945
311,196,0.05,0.02,8,0.0003300366514866951,0.005038768617307649,2000,9342,2000,7342,0.7859130807107686
312,215,0.05,0.02,8,0.0003659277436362668,0.0031152992366692213,2000,7848,2000,5848,0.745158002038736
313,245,0.05,0.02,8,0.00035280258269598254,0.0033052691406915717,2000,8292,2000,6292,0.758803666184274
314,256,0.05,0.02,8,0.00036904420817269817,0.0030078916370095137,2000,8231,2000,6231,0.7570161584254647
315,193,0.05,0.02,8,0.0003529864302842509,0.003629783401422655,2000,9904,2000,7904,0.7980613893376414
316,232,0.05,0.02,8,0.00038218824307982845,0.0034710770585640012,2000,7664,2000,5664,0.7390396659707724
317,193,0.05,0.02,8,0.00034180918601163003,0.003754909901324773,2000,10709,2000,8709,0.8132411989915025
318,268,0.05,0.02,8,0.00036343347265449717,0.003354907695730233,2000,7227,2000,5227,0.7232599972325999
319,238,0.05,0.02,8,0.000374431942637167,0.0034399054571417303,2000,7968,2000,5968,0.748995983935743
320,193,0.05,0.02,8,0.0003583946603212061,0.006298735952632596,2000,10980,2000,8980,0.8178506375227687
321,265,0.05,0.02,8,0.0003741415953621755,0.0031493032874021776,2000,8131,2000,6131,0.7540277948591809
322,184,0.05,0.02,8,0.0003519158534634641,0.0037602651869471752,2000,10798,2000,8798,0.8147805149101686
323,269,0.05,0.02,8,0.0003662874923054516,0.0031509699593170707,2000,8456,2000,6456,0.7634815515610217
324,189,0.05,0.02,8,0.00036342464518657,0.0045470875463610675,2000,8968,2000,6968,0.7769848349687779
325,244,0.05,0.02,8,0.0003768660549272761,0.00380695471870491,2000,7712,2000,5712,0.7406639004149378
326,253,0.05,0.02,8,0.0003771550358812719,0.003073698815305809,2000,8491,2000,6491,0.7644564833352961
327,278,0.05,0.02,8,0.0003867338643503607,0.003437532613597952,2000,7908,2000,5908,0.7470915528578654
328,264,0.05,0.02,8,0.0003715453698310111,0.0034385196666942754,2000,7357,2000,5357,0.7281500611662363
329,241,0.05,0.02,8,0.0003805224999266982,0.002208042723969276,2000,7733,2000,5733,0.741368162420794
330,195,0.05,0.02,8,0.00036765987176469597,0.004324673984756944,2000,10638,2000,8638,0.8119947358526038
331,256,0.05,0.02,8,0.00039122635590903965,0.0030550533261118314,2000,7737,2000,5737,0.7415018741114127
332,297,0.05,0.02,8,0.0003869305385881665,0.0028158215439134555,2000,8104,2000,6104,0.7532082922013821
333,190,0.05,0.02,8,0.00035877479172599967,0.0049519647242677435,2000,10553,2000,8553,0.8104804321046148
334,256,0.05,0.02,8,0.0003675013822577393,0.0045164629924471945,2000,7909,2000,5909,0.747123530155519
335,236,0.05,0.02,8,0.00036684126123038625,0.003252083246531905,2000,7301,2000,5301,0.7260649226133407
336,203,0.05,0.02,8,0.00036911871657379215,0.0035713536693340727,2000,9767,2000,7767,0.7952288317804853
337,240,0.05,0.02,8,0.00039027509696376995,0.0029660835390558833,2000,8333,2000,6333,0.7599903996159847
338,200,0.05,0.02,8,0.00035757448968393895,0.004384373937314823,2000,10972,2000,8972,0.8177178271965002
339,197,0.05,0.02,8,0.0003553808608380211,0.004037995577658519,2000,10068,2000,8068,0.8013508144616607
340,220,0.05,0.02,8,0.0003882689347090349,0.0031723341405776057,2000,8678,2000,6678,0.7695321502650381
341,200,0.05,0.02,8,0.00035728032387758113,0.004129283115371445,2000,9502,2000,7502,0.7895179962113239
342,279,0.05,0.02,8,0.0003889061087411811,0.0029122567885598257,2000,7434,2000,5434,0.7309658326607479
343,196,0.05,0.02,8,0.0003750035296674729,0.004504858325217553,2000,9690,2000,7690,0.7936016511867905
344,192,0.05,0.02,8,0.0003770941985355041,0.003985944247887292,2000,9692,2000,7692,0.7936442426743706
345,248,0.05,0.02,8,0.0003966540508318162,0.0030949984952560743,2000,7414,2000,5414,0.7302400863231724
346,290,0.05,0.02,8,0.00039661365996479465,0.003457840969548366,2000,8025,2000,6025,0.7507788161993769
347,240,0.05,0.02,8,0.0003913648591727837,0.004023948194404516,2000,7458,2000,5458,0.7318315902386698
348,267,0.05,0.02,8,0.0004049559819388547,0.0039003885116615207,2000,7412,2000,5412,0.7301672962763087
349,262,0.05,0.02,8,0.000404838566314964,0.002872154427358297,2000,7771,2000,5771,0.7426328657830396
350,249,0.05,0.02,8,0.0003923726142563122,0.003198991713347699,2000,7484,2000,5484,0.7327632282202031
351,265,0.05,0.02,8,0.000411749679006069,0.003815941917511164,2000,6855,2000,4855,0.7082421590080233
352,244,0.05,0.02,8,0.00036799022507154295,0.003147850708466998,2000,7721,2000,5721,0.7409661960885896
353,199,0.05,0.02,8,0.0003631714648393487,0.003933680247464842,2000,9096,2000,7096,0.7801231310466139
354,221,0.05,0.02,8,0.00037325633260365336,0.0036813960528706904,2000,7737,2000,5737,0.7415018741114127
355,185,0.05,0.02,8,0.00038050639351127035,0.004664587686723101,2000,10126,2000,8126,0.8024886430969781
356,243,0.05,0.02,8,0.0004062872305170436,0.004546990864959665,2000,7444,2000,5444,0.7313272434175174
357,238,0.05,0.02,8,0.00039881190025191934,0.0039912904211572165,2000,8623,2000,6623,0.7680621593412965
358,187,0.05,0.02,8,0.0003871194640183168,0.004645394847251807,2000,9964,2000,7964,0.7992773986350863
359,201,0.05,0.02,8,0.00035768581875847037,0.003608034184680302,2000,10946,2000,8946,0.8172848529143066
360,206,0.05,0.02,8,0.00036030923665770706,0.0044512276569535335,2000,9015,2000,7015,0.7781475318912923
361,242,0.05,0.02,8,0.0003959818390383541,0.003374654493324074,2000,7472,2000,5472,0.7323340471092077
362,169,0.05,0.02,8,0.0003807890671200891,0.004173549173723011,2000,10181,2000,8181,0.8035556428641587
363,255,0.05,0.02,8,0.0003917488002470185,0.0032765558393445405,2000,7763,2000,5763,0.7423676413757568
364,265,0.05,0.02,8,0.00041089906842468746,0.003021198663535748,2000,6761,2000,4761,0.7041857713356012
365,197,0.05,0.02,8,0.00037558635222615256,0.005463171898742271,2000,9459,2000,7459,0.7885611586848504
366,257,0.05,0.02,8,0.0004025413551708224,0.004012413383706179,2000,8189,2000,6189,0.7557699352790328
367,243,0.05,0.02,8,0.00040155194853584274,0.003960245534801012,2000,7852,2000,5852,0.7452878247580235
368,274,0.05,0.02,8,0.00040362398626672154,0.0029008649425124235,2000,8473,2000,6473,0.7639560958338251
369,198,0.05,0.02,8,0.0003852526847759148,0.003358404739593808,2000,9138,2000,7138,0.7811337272926242
370,295,0.05,0.02,8,0.0004000346076723606,0.003149519744378676,2000,7503,2000,5503,0.7334399573503931
371,255,0.05,0.02,8,0.00041817678891445154,0.0030944079278138075,2000,7520,2000,5520,0.7340425531914894
372,195,0.05,0.02,8,0.0003883582235480851,0.003679111278013754,2000,8980,2000,6980,0.77728285077951
373,253,0.05,0.02,8,0.0003893927131674061,0.003579199079329687,2000,8063,2000,6063,0.7519533672330398
374,227,0.05,0.02,8,0.00039565989129684837,0.003539051395065442,2000,8306,2000,6306,0.7592102094871177
375,249,0.05,0.02,8,0.00039706269832772524,0.0027449140585627265,2000,8263,2000,6263,0.7579571584170398
376,234,0.05,0.02,8,0.0003806470809072491,0.003941817334435389,2000,8190,2000,6190,0.7557997557997558
377,201,0.05,0.02,8,0.0003628125772514506,0.004116439212864384,2000,10749,2000,8749,0.8139361801097776
378,269,0.05,0.02,8,0.0003972802860031803,0.0032533270209994785,2000,7866,2000,5866,0.7457411645054666
379,251,0.05,0.02,8,0.000406278155839218,0.003062159057011182,2000,6709,2000,4709,0.7018929795796691
380,269,0.05,0.02,8,0.0004158972761734412,0.003085088932834078,2000,7532,2000,5532,0.7344662772172066
381,200,0.05,0.02,8,0.00036744971609028944,0.0045563844351959905,2000,9600,2000,7600,0.7916666666666666
382,172,0.05,0.02,8,0.00040032185658979517,0.004699459674124173,2000,10440,2000,8440,0.8084291187739464
383,256,0.05,0.02,8,0.0003854918236508608,0.0031535723591905812,2000,8452,2000,6452,0.763369616658779
384,215,0.05,0.02,8,0.00037873447325098976,0.004104555637370767,2000,10120,2000,8120,0.8023715415019763
385,199,0.05,0.02,8,0.00037371859918899664,0.004058398591492294,2000,10316,2000,8316,0.8061264055835595
386,247,0.05,0.02,8,0.0004055578797764007,0.0041094713346619596,2000,7633,2000,5633,0.7379798244464824
387,248,0.05,0.02,8,0.00039062982653881095,0.003329941788962399,2000,7298,2000,5298,0.7259523157029323
388,208,0.05,0.02,8,0.00037960064168805513,0.004065022581584548,2000,10064,2000,8064,0.8012718600953895
389,241,0.05,0.02,8,0.0004080340489220778,0.00419625543728791,2000,7935,2000,5935,0.7479521109010712
390,385,0.05,0.02,8,0.00042363736031122404,0.00320223566435596,2000,5409,2000,3409,0.6302458864854872
391,268,0.05,0.02,8,0.00040431629058509716,0.0023612314587114773,2000,7776,2000,5776,0.742798353909465
392,266,0.05,0.02,8,0.00040878565524727587,0.003338454198934846,2000,7317,2000,5317,0.7266639333059998
393,288,0.05,0.02,8,0.00041004466583758063,0.0022788423877174195,2000,7385,2000,5385,0.7291807718348002
394,294,0.05,0.02,8,0.0004005730726330048,0.0033558047174448292,2000,7653,2000,5653,0.7386645759832745
395,230,0.05,0.02,8,0.0003955501858091745,0.003772029837514289,2000,8173,2000,6173,0.7552918145111954
396,196,0.05,0.02,8,0.0003923613966845723,0.005352291753533293,2000,10573,2000,8573,0.8108389293483401
397,221,0.05,0.02,8,0.00041452835641510544,0.0036315915910502023,2000,8142,2000,6142,0.7543601080815524
398,191,0.05,0.02,8,0.00037537632550307834,0.004349164227712704,2000,9077,2000,7077,0.7796628842128457
399,256,0.05,0.02,8,0.00040511458473245905,0.00384121487643554,2000,8160,2000,6160,0.7549019607843137
400,255,0.05,0.02,8,0.0004053389913579424,0.003471894349149165,2000,8036,2000,6036,0.7511199601791936
401,237,0.05,0.02,8,0.00040096875374100546,0.004531468597936076,2000,7973,2000,5973,0.7491533927003637
402,267,0.05,0.02,8,0.0004228359338745497,0.0038880120907865533,2000,7272,2000,5272,0.724972497249725
403,266,0.05,0.02,8,0.0004220435392645483,0.00291145837462507,2000,7507,2000,5507,0.7335819901425337
404,253,0.05,0.02,8,0.00039656365171108566,0.0025987320553987783,2000,6895,2000,4895,0.7099347353154459
405,530,0.05,0.02,8,0.0004282053946631706,0.002620617018678895,2000,4691,2000,2691,0.5736516734171818
406,327,0.05,0.02,8,0.0004019885360377707,0.0037651066394825726,2000,7093,2000,5093,0.7180318623995489
407,219,0.05,0.02,8,0.00040207307926473456,0.003768082234774497,2000,9648,2000,7648,0.7927031509121062
408,206,0.05,0.02,8,0.00040809057219757795,0.003716402975336541,2000,8222,2000,6222,0.7567501824373631
409,243,0.05,0.02,8,0.00040399358302303865,0.0040270074487992365,2000,7875,2000,5875,0.746031746031746
410,258,0.05,0.02,8,0.0003786619316132707,0.003965511548490467,2000,8543,2000,6543,0.7658902025049749
411,501,0.05,0.02,8,0.0004171877955689221,0.0025691075795832388,2000,4866,2000,2866,0.5889847924373202
412,545,0.05,0.02,8,0.0004178640491015242,0.00323032238476022,2000,4731,2000,2731,0.5772563939970408
413,225,0.05,0.02,8,0.0003963976889068713,0.0031914852002503246,2000,8450,2000,6450,0.7633136094674556
414,249,0.05,0.02,8,0.0003961482207794374,0.0033682567040604606,2000,8000,2000,6000,0.75
415,216,0.05,0.02,8,0.0003765890813539778,0.004048187902313074,2000,9175,2000,7175,0.782016348773842
416,536,0.05,0.02,8,0.0004242501081101772,0.0028172257544405873,2000,4613,2000,2613,0.5664426620420551
417,194,0.05,0.02,8,0.00037842265833808826,0.00444390677239085,2000,9205,2000,7205,0.7827267789244976
418,575,0.05,0.02,8,0.00042703727176743073,0.002613278118407559,2000,4601,2000,2601,0.5653118887198435
419,541,0.05,0.02,8,0.0004189267705565346,0.00280277618316924,2000,4547,2000,2547,0.5601495491532879
420,555,0.05,0.02,8,0.00041388168649587756,0.0030686788642424355,2000,4877,2000,2877,0.5899118310436744
421,566,0.05,0.02,8,0.0004067858332300697,0.0029389628092729306,2000,4608,2000,2608,0.5659722222222222
422,221,0.05,0.02,8,0.0003738974502115393,0.005823299932005827,2000,9248,2000,7248,0.7837370242214533
423,572,0.05,0.02,8,0.00042189758466460413,0.00240961996835179,2000,4540,2000,2540,0.5594713656387665
424,580,0.05,0.02,8,0.0004139979299934953,0.00356631048211415,2000,4584,2000,2584,0.5636998254799301
425,579,0.05,0.02,8,0.0004251262990867972,0.0029523006643537597,2000,4835,2000,2835,0.5863495346432265
426,540,0.05,0.02,8,0.0004213922925846704,0.003481341603491119,2000,4904,2000,2904,0.5921696574225123
427,541,0.05,0.02,8,0.0004177095949720348,0.0025112124318851475,2000,4662,2000,2662,0.570999570999571
428,508,0.05,0.02,8,0.00042600727496101365,0.002807978155709023,2000,4835,2000,2835,0.5863495346432265
429,553,0.05,0.02,8,0.0004137784139478609,0.0029296363103235596,2000,4714,2000,2714,0.5757318625371235
430,268,0.05,0.02,8,0.0004013879344224801,0.003614879098860876,2000,7362,2000,5362,0.7283346916598751
431,278,0.05,0.02,8,0.00040868028550375353,0.003544241147950332,2000,7281,2000,5281,0.7253124570800714
432,595,0.05,0.02,8,0.00041977034640217596,0.002970703071426023,2000,4732,2000,2732,0.577345731191885
433,554,0.05,0.02,8,0.00041798298668209915,0.0030265809486811662,2000,4766,2000,2766,0.580360889634914
434,493,0.05,0.02,8,0.00036904839651284287,0.0023876827933168457,2000,5264,2000,3264,0.6200607902735562
435,261,0.05,0.02,8,0.0003996458752060593,0.0030680524398673656,2000,7952,2000,5952,0.7484909456740443
436,552,0.05,0.02,8,0.00042423735469334755,0.002699751136767625,2000,4453,2000,2453,0.5508645856725802
437,579,0.05,0.02,8,0.0004215950021720756,0.003071287919135246,2000,4749,2000,2749,0.5788587070962308
438,539,0.05,0.02,8,0.00041476025848508655,0.0026189948797453793,2000,4620,2000,2620,0.5670995670995671
439,539,0.05,0.02,8,0.0004216603188131748,0.002974653823881956,2000,4395,2000,2395,0.5449374288964732
440,573,0.05,0.02,8,0.0004111550958435596,0.0031744988000199275,2000,4620,2000,2620,0.5670995670995671
441,565,0.05,0.02,8,0.0004123415102846388,0.002516060859442003,2000,4561,2000,2561,0.5614996711247533
442,561,0.05,0.02,8,0.0004175380400998521,0.0027319566564699303,2000,4653,2000,2653,0.5701697829357404
443,498,0.05,0.02,8,0.000421500798729325,0.0029657224469085437,2000,4865,2000,2865,0.5889003083247688
444,559,0.05,0.02,8,0.0004165816763306083,0.0030592703676176943,2000,4643,2000,2643,0.5692440232608228
445,539,0.05,0.02,8,0.00042390532385768327,0.0025968643549372818,2000,4576,2000,2576,0.5629370629370629
446,557,0.05,0.02,8,0.00042835792694288386,0.002545657758908908,2000,4762,2000,2762,0.5800083998320034
447,551,0.05,0.02,8,0.00042259952972699763,0.0030632318752837275,2000,4604,2000,2604,0.5655951346655083
448,569,0.05,0.02,8,0.0004157965266112206,0.002796679679992064,2000,4643,2000,2643,0.5692440232608228
449,558,0.05,0.02,8,0.0004271424028118665,0.0025003808615212775,2000,4776,2000,2776,0.5812395309882747
450,566,0.05,0.02,8,0.00042084789760143894,0.0031318346337071592,2000,4866,2000,2866,0.5889847924373202
451,529,0.05,0.02,8,0.0004192569140538937,0.0037611183047256084,2000,4724,2000,2724,0.5766299745977985
452,569,0.05,0.02,8,0.00042306146449010666,0.003185487633736105,2000,4535,2000,2535,0.5589856670341786
453,274,0.05,0.02,8,0.0004041451568693251,0.003356232474083923,2000,7893,2000,5893,0.7466109210693019
454,548,0.05,0.02,8,0.00041811036169743293,0.0029141688404929547,2000,4724,2000,2724,0.5766299745977985
455,540,0.05,0.02,8,0.00041892722298623205,0.0029904888768304628,2000,4701,2000,2701,0.574558604552223
456,546,0.05,0.02,8,0.00042473475438268627,0.002968447049228413,2000,4695,2000,2695,0.5740149094781682
457,523,0.05,0.02,8,0.00041834564470376285,0.0029948510652935863,2000,4595,2000,2595,0.5647442872687704
458,521,0.05,0.02,8,0.00041234787935662113,0.0030282771725026534,2000,4655,2000,2655,0.5703544575725027
459,545,0.05,0.02,8,0.0004257283631785275,0.0025709180253696592,2000,4725,2000,2725,0.5767195767195767
460,582,0.05,0.02,8,0.0004241512229157814,0.002724100317391194,2000,4765,2000,2765,0.5802728226652676
461,546,0.05,0.02,8,0.00041234077770327133,0.0030978912761101957,2000,4735,2000,2735,0.5776135163674763
462,594,0.05,0.02,8,0.00042851248639643076,0.0025115419231113148,2000,4743,2000,2743,0.578325954037529
463,585,0.05,0.02,8,0.00041250092770328664,0.003221533654610172,2000,4735,2000,2735,0.5776135163674763
464,542,0.05,0.02,8,0.00042393488796034365,0.002867515247786461,2000,4652,2000,2652,0.5700773860705073
465,540,0.05,0.02,8,0.00041594246808640675,0.003165075997043932,2000,4668,2000,2668,0.5715509854327335
466,541,0.05,0.02,8,0.0004146862766913112,0.002557266309460654,2000,4581,2000,2581,0.5634141017245143
467,583,0.05,0.02,8,0.0004227568009742675,0.002999753179202878,2000,4825,2000,2825,0.5854922279792746
468,247,0.05,0.02,8,0.0004074473348606913,0.0032706888136797975,2000,7541,2000,5541,0.7347831852539451
469,509,0.05,0.02,8,0.00040911563838801827,0.003082450837164574,2000,4659,2000,2659,0.57072333118695
470,562,0.05,0.02,8,0.00042204973898207526,0.00245024624749937,2000,4823,2000,2823,0.5853203400373211
471,564,0.05,0.02,8,0.0004107775444815563,0.003566791042148361,2000,4588,2000,2588,0.5640802092414996
472,558,0.05,0.02,8,0.0004214650730177639,0.002877866374131742,2000,4814,2000,2814,0.5845450768591608
473,539,0.05,0.02,8,0.0004289455120868437,0.0027520834101447023,2000,4743,2000,2743,0.578325954037529
474,200,0.05,0.02,8,0.00037099261443086816,0.0045788147396858435,2000,10630,2000,8630,0.8118532455315146
475,557,0.05,0.02,8,0.00042155718843569134,0.0028576377328140873,2000,4590,2000,2590,0.5642701525054467
476,554,0.05,0.02,8,0.0004270862109284449,0.0032078885404350855,2000,4840,2000,2840,0.5867768595041323
477,189,0.05,0.02,8,0.0003862264957566432,0.0031778774099058458,2000,10000,2000,8000,0.8
478,191,0.05,0.02,8,0.00036835545484785356,0.0056809574860704586,2000,9206,2000,7206,0.7827503801868346
479,543,0.05,0.02,8,0.0004249828921958093,0.0031186099944897528,2000,4790,2000,2790,0.5824634655532359
480,529,0.05,0.02,8,0.0004143294110457496,0.0026969992617246097,2000,4561,2000,2561,0.5614996711247533
481,571,0.05,0.02,8,0.0004136871771721975,0.0029340376968672657,2000,4661,2000,2661,0.5709075305728385
482,554,0.05,0.02,8,0.0004139108137993339,0.0026517739095803065,2000,4661,2000,2661,0.5709075305728385
483,557,0.05,0.02,8,0.0004094378521119797,0.0030609311826035024,2000,4731,2000,2731,0.5772563939970408
484,561,0.05,0.02,8,0.00042975127174343605,0.003030914869235883,2000,4565,2000,2565,0.5618838992332968
485,503,0.05,0.02,8,0.0004130806381741166,0.002795058056895668,2000,4788,2000,2788,0.5822890559732665
486,555,0.05,0.02,8,0.00041713409676789713,0.0032340963419331733,2000,4699,2000,2699,0.5743775271334326
487,576,0.05,0.02,8,0.00041870913569169363,0.002695010123078142,2000,4661,2000,2661,0.5709075305728385
488,501,0.05,0.02,8,0.0004013443714647375,0.0032713948782615307,2000,4827,2000,2827,0.5856639734824943
489,499,0.05,0.02,8,0.0004157117231080414,0.0028411309485976027,2000,4996,2000,2996,0.5996797437950361
490,541,0.05,0.02,8,0.0004093832711386051,0.003453699911706667,2000,5060,2000,3060,0.6047430830039525
491,261,0.05,0.02,8,0.0003975536857002528,0.0027548546241121467,2000,7581,2000,5581,0.7361825616673262
492,523,0.05,0.02,8,0.0004206616593498141,0.0024442555409812487,2000,4917,2000,2917,0.5932479153955664
493,251,0.05,0.02,8,0.0004105187023563178,0.003571874256496888,2000,8456,2000,6456,0.7634815515610217
494,257,0.05,0.02,8,0.00041726667995993,0.0030467332823024295,2000,8186,2000,6186,0.7556804300024432
495,272,0.05,0.02,8,0.0004124377312097169,0.003008746539143679,2000,7792,2000,5792,0.7433264887063655
496,321,0.05,0.02,8,0.0004249102357468938,0.0028075768226782966,2000,6587,2000,4587,0.6963716411112798
497,137,0.05,0.02,8,0.0001878308886204758,0.00421626470783756,2000,12564,2000,10564,0.8408150270614454
498,253,0.05,0.02,8,0.0004077399713472307,0.004051091714515592,2000,7879,2000,5879,0.7461606802893769
499,256,0.05,0.02,8,0.00038265980642234436,0.004168502093342023,2000,8033,2000,6033,0.7510270135690278
500,500,0.05,0.02,8,0.0004202928904398942,0.0031289452144624146,2000,5001,2000,3001,0.6000799840031994
501,495,0.05,0.02,8,0.00041488525261519356,0.002918559045044629,2000,4813,2000,2813,0.584458757531685
502,519,0.05,0.02,8,0.0004040686737586495,0.0028876481575968145,2000,5222,2000,3222,0.6170049789352738
503,229,0.05,0.02,8,0.00037360813380249506,0.003747463785651982,2000,7930,2000,5930,0.7477931904161412
504,221,0.05,0.02,8,0.0004068976988722881,0.004138131785232111,2000,8121,2000,6121,0.7537249107252801
505,206,0.05,0.02,8,0.00037859977477658666,0.004422408117040493,2000,9132,2000,7132,0.7809899255365746
506,196,0.05,0.02,8,0.0004062806282192659,0.004148165139928281,2000,9046,2000,7046,0.7789078045544993
507,185,0.05,0.02,8,0.00037120982517378683,0.005528169766722538,2000,10026,2000,8026,0.8005186515060841
508,110,0.05,0.02,8,0.00027719178690242076,0.004590700240580569,2000,14451,2000,12451,0.861601273268286
509,212,0.05,0.02,8,0.0003833820327957989,0.0026685850510715006,2000,9849,2000,7849,0.7969336988526754
510,261,0.05,0.02,8,0.0004044746762325918,0.0030899363783536337,2000,8672,2000,6672,0.7693726937269373
511,177,0.05,0.02,8,0.00039225523632739883,0.005642055749369216,2000,10719,2000,8719,0.813415430543894
512,229,0.05,0.02,8,0.00039633867963148644,0.0030438735364720078,2000,8583,2000,6583,0.7669812419899802
513,246,0.05,0.02,8,0.0004088754338294092,0.003011086452279623,2000,7936,2000,5936,0.7479838709677419
514,136,0.05,0.02,8,0.00028353822311250304,0.005487376866554602,2000,13523,2000,11523,0.8521038231161725
515,122,0.05,0.02,8,0.0003371971946460575,0.005640961708008187,2000,12891,2000,10891,0.8448529982158095
516,316,0.05,0.02,8,0.00041692584824831725,0.003521869303382065,2000,8050,2000,6050,0.7515527950310559
517,326,0.05,0.02,8,0.0004212977824327095,0.0024303479920064694,2000,8569,2000,6569,0.7666005368187653
518,194,0.05,0.02,8,0.0003912054519142779,0.004399913967486734,2000,9374,2000,7374,0.7866439086835929
519,119,0.05,0.02,8,0.0003579793072322604,0.00396841270118763,2000,16159,2000,14159,0.8762299647255399
520,187,0.05,0.02,8,0.00039021022535647566,0.004636322203818045,2000,9736,2000,7736,0.7945768282662284
521,346,0.05,0.02,8,0.00041542307597964824,0.002738323395169001,2000,6777,2000,4777,0.7048841670355614
522,378,0.05,0.02,8,0.0003892931494183315,0.002646769842046191,2000,6519,2000,4519,0.6932044792146035
523,274,0.05,0.02,8,0.0004015090195238326,0.003406844547468156,2000,8349,2000,6349,0.7604503533357289
524,108,0.05,0.02,8,0.00032639056205264637,0.004663093680851228,2000,14580,2000,12580,0.8628257887517147
525,176,0.05,0.02,8,0.0003794571459695053,0.006464706713416211,2000,10123,2000,8123,0.8024301096512891
526,269,0.05,0.02,8,0.00039833733643394,0.003183321162485776,2000,7921,2000,5921,0.7475066279510163
527,416,0.05,0.02,8,0.00035599359075510903,0.0024053283798642867,2000,7006,2000,5006,0.7145304025121325
528,240,0.05,0.02,8,0.0004013056861428151,0.002845081735491336,2000,8174,2000,6174,0.7553217518962564
529,116,0.05,0.02,8,0.00036595454941202834,0.005566469002777837,2000,13983,2000,11983,0.8569691768576129
530,375,0.05,0.02,8,0.0003654088863732047,0.002695740612020191,2000,7066,2000,5066,0.7169544296631758
531,279,0.05,0.02,8,0.00042008622719836403,0.0029248289539942404,2000,7480,2000,5480,0.732620320855615
532,261,0.05,0.02,8,0.0004173770598901734,0.003233346835459419,2000,8920,2000,6920,0.7757847533632287
533,191,0.05,0.02,8,0.0003836192569870655,0.004219008035983076,2000,9946,2000,7946,0.7989141363362156
534,391,0.05,0.02,8,0.0003276250202504921,0.0022866744465963977,2000,7615,2000,5615,0.737360472751149
535,121,0.05,0.02,8,0.00039065438353732336,0.006992180419484566,2000,12540,2000,10540,0.8405103668261563
536,126,0.05,0.02,8,0.0003866600934871048,0.004426196868505561,2000,14747,2000,12747,0.8643791957686309
537,249,0.05,0.02,8,0.00041420678054150033,0.002832980140821685,2000,8984,2000,6984,0.7773820124666073
538,228,0.05,0.02,8,0.00040859758621003485,0.0038928650825775465,2000,9903,2000,7903,0.7980409976774715
539,1535,0.05,0.02,8,7.952420209999591e-06,0.00016823951933876428,2000,2000,2000,0,0.0
540,1532,0.05,0.02,8,1.1739577744339132e-06,5.712821687117311e-05,2000,2000,2000,0,0.0
541,770,0.05,0.02,8,6.490703392725336e-07,0.00014664140200194387,2000,3934,2000,1934,0.49161159125571935
542,1535,0.05,0.02,8,1.87485286355108e-05,0.0001305412775668285,2000,2000,2000,0,0.0
543,1533,0.05,0.02,8,1.993975689560537e-05,0.00016263124226894226,2000,2000,2000,0,0.0
544,1535,0.05,0.02,8,1.591720324289944e-05,0.00013309770441309113,2000,2000,2000,0,0.0
545,405,0.05,0.02,8,2.2625088561866892e-11,2.750370222266436e-05,2000,8571,2000,6571,0.7666549994166375
546,1164,0.05,0.02,8,5.1767961986484115e-06,0.00010742755171930062,2000,3980,2000,1980,0.49748743718592964
547,1533,0.05,0.02,8,1.6818974323889947e-05,0.0001022220862587604,2000,2000,2000,0,0.0
548,1533,0.05,0.02,8,2.4976698237720596e-07,1.980792267139516e-05,2000,2000,2000,0,0.0
549,1176,0.05,0.02,8,1.1367828092785073e-05,0.0001270338100508897,2000,3937,2000,1937,0.491998983997968
550,1130,0.05,0.02,8,1.281555579995987e-05,0.00013438781808944121,2000,4006,2000,2006,0.5007488766849726
551,1534,0.05,0.02,8,5.062797092326721e-06,6.201342276616004e-05,2000,2000,2000,0,0.0
552,1533,0.05,0.02,8,3.7302135850333184e-06,5.6234982562463545e-05,2000,2000,2000,0,0.0
553,1533,0.05,0.02,8,1.971186070431968e-05,0.00010127307656027773,2000,2000,2000,0,0.0
554,1534,0.05,0.02,8,4.181014299583015e-05,0.00021639486154132135,2000,2000,2000,0,0.0
555,1536,0.05,0.02,8,2.0187879696873738e-05,0.0001226932761633534,2000,2000,2000,0,0.0
556,1515,0.05,0.02,8,1.608580019709016e-05,8.011222385176753e-05,2000,2000,2000,0,0.0
557,1536,0.05,0.02,8,2.2153493156425618e-05,0.00012353129432544742,2000,2000,2000,0,0.0
558,1533,0.05,0.02,8,1.361832165422823e-05,0.0001332050619282846,2000,2000,2000,0,0.0
